0.99974729571244958
0.99704167993952697
0.99253704533109222
0.98695940345063249
0.98153998010327714
0.97536302887204618
0.97262448921022748
0.97072166738947541
0.96138794711130293
0.94660694554037561
0.94690900471869677
0.94242369562666584
0.94551524314722868
0.94666152757941757
0.94497361722618844
0.94372562908186253
0.92129322665816227
0.91968902216218007
0.89283996928412634
0.8964946933654282
0.89614153411419106
0.88603081660160399
0.89044762316227921
0.89154852285877606
0.89227665168636816
0.89612921894711373
0.89969077055964952
0.89518451522312115
0.89568221626977385
0.89582967894337695
0.89409352142081988
0.89205310139309046
0.83528817860587401
0.83599992953900115
0.83389362321452665
0.83275446317364077
0.79347796074245025
0.7942571431661013
0.79521537126268582
0.79781517401665281
0.79810148807913395
0.78686245740084537
0.78646676668359738
0.78551617750585223
0.79467176310924048
0.79406022636715679
0.79636197104640316
0.79505736192481846
0.79316395776387194
0.79778707487672507
0.79998058970821084
0.80227311506645904
0.80602015657401849
0.80893315619480333
0.80402722559738538
0.80398908535847602
0.80374531607318422
0.80196933187104402
0.80137099690428548
0.79883779214142381
0.79960972044113532
0.79725754852867048
0.79677040791381115
0.78678446360483267
0.64590593273397512
0.64630799667674688
0.64828253480754428
0.6486622383437064
0.64642294714964488
0.64580761327244474
0.64476624987115327
0.64250804289680519
0.59690597362230136
0.59919654147972712
0.59956659636729726
0.59798444405957518
0.60041749734706829
0.60094579941680848
0.60166818660183707
0.60400702972410192
0.60557048954961445
0.59588900255257871
0.59596226953822184
0.59581787438731726
0.59486658523079416
0.59421708087938407
0.59258082124204869
0.59333330504701698
0.59219590665173971
0.60540174112175038
0.60558067543320926
0.60618328403915267
0.60561822974628476
0.60752319313282221
0.60782259070925682
0.60544867381461953
0.60532171472326635
0.60512113902657449
0.61139396649329969
0.6108878013868938
0.61448644790446139
0.61435467083695794
0.61388722318590738
0.61649845019705274
0.61746748694297304
0.61937771543604148
0.62377864141772943
0.62518781085044195
0.62210594400215602
0.6210387825719027
0.61996340592587162
0.61825991019797033
0.61775851804821436
0.61577798238975345
0.61555763889846482
0.61457534715700035
0.61446602003949091
0.60766632050375335
0.60818187682718883
0.60821063606509929
0.61052005094095008
0.61131552182481919
0.60902541892076711
0.60883194143435027
0.60794135436355135
0.60701259478909197
0.59276880589246195
0.59504615318029841
0.2138911901869652
0.2131946387929245
0.21407840294147218
0.21429961632196254
0.21479510916520386
0.2153072230488752
0.216328094586305
0.21517337195852307
0.2147304101330976
0.21463279713432967
0.21409640717401981
0.21397111663480517
0.21318403474986689
0.21349736917695969
0.21240575783598573
0.21227838076685349
0.19577255638114655
0.19592047167022283
0.19636393438794941
0.19695836987544291
0.19734145401800043
0.19645562563869151
0.19632961848926769
0.19595218063004327
0.19807350953033953
0.19782616690194565
0.19848436050895327
0.19860857308412699
0.19805536163686646
0.19899567901008791
0.19922353704115431
0.20015499523125463
0.20079405816161452
0.2022208163119372
0.19963467559395892
0.1986239565944127
0.19853178521305473
0.19797394182010988
0.19783473169326488
0.19704490653991008
0.19732338687245435
0.1967631606207261
0.19669096858181898
0.19445092016466653
0.19460449056990109
0.19506231851748346
0.19567306373485535
0.19601854748136086
0.19513478280744184
0.19506556025605987
0.19469681088155566
0.20229334202919502
0.20213293063555154
0.20285515457328404
0.20308319827854887
0.20210346538629584
0.20304095545988837
0.20333416747282251
0.20392689018658031
0.20446638127495576
0.20534899796273012
0.20412840057113441
0.20367706388938461
0.20345634714287889
0.20310479855315272
0.20304477349341099
0.20233986057390987
0.20312552048942217
0.20260137655430238
0.20679840038941394
0.20688112368436343
0.20709656611301958
0.2079075804703539
0.20841626679604566
0.20865889275643279
0.20776518737059188
0.20783610997557908
0.20793528619927612
0.210154071791054
0.20997311447915024
0.21066984235622468
0.21084173693578456
0.21070110018887633
0.21171975673967336
0.21492605904182108
0.21640287506371858
0.21811246700769918
0.21965765163803858
0.21898837606366056
0.2176016593824909
0.2159691207995709
0.21497852235277595
0.2120478871905418
0.2111544211405271
0.21101278485310429
0.21048362562483816
0.21044480478719729
0.20808559664775386
0.20819492164457171
0.20801532654694022
0.2085355407202456
0.20896114265450882
0.20823106605217059
0.20817985169635447
0.20775085688262018
0.20761407785827007
0.20295986684162837
0.20364615923599588
0.20380902429986436
0.202562877483323
0.20357644128606156
0.20376940228990875
0.20438152646355495
0.20503646675993936
0.20607012653049686
0.20487200643510106
0.20448355883678565
0.20449165776830722
0.20410383428960835
0.20395220357423169
0.20317265872494961
0.20346036022282046
0.20282279233273431
0.20266972104579814
0.19492600220761683
0.19507391749669312
0.19551354190466169
0.19606881188498665
0.19639768347411254
0.19550637602658927
0.19537847967326799
0.19498286678783272
0.19709902889484487
0.19690577750776281
0.19756396677077442
0.19767465280250954
0.19695105011514799
0.19790727603019803
0.1981641661881047
0.19910441294892528
0.19983426584270189
0.20132070598087543
0.20002339798968818
0.19901443187239118
0.19886600527644299
0.19830874910414903
0.1981658384394866
0.19730038792101792
0.19757955104257496
0.19705481414879944
0.196924000396627
0.194667006539291
0.19482189103543579
0.19526760745963515
0.19584833817371031
0.19619032224040506
0.19493634517487496
0.19485733740003544
0.19448607855669156
0.1944002328670445
0.17925997645846026
0.17994779930729426
0.18012831244178604
0.17948810243255933
0.18039139082417591
0.18062963710283328
0.18124784653266626
0.18182400513637495
0.18276852184546905
0.18159793915885847
0.18114979200583892
0.18105857273538367
0.18063937852554174
0.18051644012242438
0.17975091775231439
0.1800809022019372
0.17951656887578996
0.18365504048515011
0.18374074960379852
0.18392911102970225
0.18431876394159183
0.1848336686401835
0.18512122523562138
0.18422432025484825
0.18414692460201612
0.18404086055056032
0.18622054632728882
0.1860486643379903
0.18674230312403489
0.18684244876911937
0.1865170840745658
0.18747547562121616
0.18770359204930614
0.18892296048341325
0.19090785284649542
0.19226689663403204
0.19110481548670852
0.18992169604065781
0.18851519349436446
0.18785242269642147
0.18769265836497054
0.18682611925293971
0.18687670713133353
0.18636645991413303
0.18622182791278491
0.18390762353542997
0.18403514469641358
0.18419664143485925
0.18478963607138582
0.18524604497864616
0.18445290668600925
0.1843384011245916
0.18394845344583693
0.18381150398133281
0.1792436101690256
0.17992877726575257
0.18011944468889404
0.17948001518743975
0.18037905637419088
0.18062821214885647
0.18124062846489741
0.18183027015119685
0.18278437062686598
0.18162975724482436
0.18117701599543584
0.18107695790643047
0.1806425032585276
0.18052094014501402
0.17976426833606818
0.18010108215387502
0.17954407530063346
0.19179773773396794
0.19197386969166227
0.19213029525498226
0.19263518135798213
0.19323129657859114
0.19354899960405766
0.19268492988280589
0.19260346260023165
0.19224249172201785
0.19441415074714322
0.19422437297293396
0.19494961438860636
0.19507353762654042
0.19448328829456232
0.19539575261544517
0.19561307216339965
0.19649979137818102
0.19714546407995892
0.19849595017026542
0.19720064015324371
0.19618992115369746
0.19602881390910976
0.1954348097159008
0.19506865971150228
0.19425698823130128
0.19463359920159598
0.19422444651709572
0.19409247057416362
0.19179757290295923
0.19195091419791863
0.19253527329751763
0.19399191829824169
0.19435087356013361
0.19351055916049981
0.19340719564454562
0.19303847164628238
0.20068804979030375
0.20052712193137431
0.20128823536927232
0.20154297954658221
0.20086162979034358
0.20185963667112
0.20214707085633157
0.20266872851426748
0.20319980174930316
0.20400759235920718
0.20280580085513414
0.20234313147287636
0.20205796857125702
0.20185864280969559
0.20189557683884374
0.20137871465598237
0.20244351235153224
0.20195048046505404
0.2061993239293409
0.20631697150840231
0.20657097826202986
0.20703479747548387
0.2075027375897589
0.2077335922446206
0.20687045807187643
0.20710501623979505
0.20735313928954316
0.20963104269576247
0.20950996497366478
0.21786377838387372
0.21806225730606352
0.21798558328796613
0.21952213577697352
0.22287408041864598
0.22423764569630247
0.22626323947517737
0.22806822691361747
0.22798215287157045
0.2263409819484771
0.22443373903840225
0.2229893125329386
0.21974586818549177
0.21832956261360792
0.21811365561769808
0.21751620944099712
0.2096933737367199
0.20729901314316904
0.20739571238663226
0.20699333087246991
0.20742197400245913
0.20782353523344432
0.20714388750756671
0.20702875581969221
0.2065723696463812
0.20640925516086639
0.20169512887309499
0.2023814212674625
0.20248211505287317
0.20067772173488807
0.20159311956558096
0.20178201821255903
0.20231111488393663
0.20298015287119783
0.20400844202430454
0.20289142357546877
0.20254509082258906
0.20264625267316638
0.20225389750276374
0.20204524347730396
0.20125949790803241
0.201528765983091
0.20089439322210798
0.20070941761645936
0.19286295195874631
0.193042215060649
0.19348336014110468
0.19403035683038825
0.19431026538651228
0.19238697714365888
0.1922982053320848
0.19194988559441151
0.19410885204603573
0.19391585558996294
0.19447354926959629
0.19453557919604372
0.19392243885037549
0.19497117444829937
0.19536022686148796
0.1963264311209704
0.19707491399596436
0.19851387636721218
0.19718423138323066
0.19626546519791987
0.19618078541621053
0.19566406123096972
0.19556590766451665
0.19482844250794168
0.19515993084943872
0.19458266136257366
0.19445461225161775
0.19218289073690079
0.19231837852843631
0.1927273768470496
0.19325111702301931
0.19359380652588312
0.1927038238443248
0.19253194092590292
0.19213241403396925
0.19180829735250327
0.1792641334559496
0.17995195630478361
0.18013246943927538
0.17949104303445926
0.18039433142607586
0.18063326303216251
0.18125112878413502
0.18182713031963132
0.18277396856254094
0.18160608279204826
0.18115793563902871
0.18106776682048323
0.18064857261064132
0.18052459931518972
0.17975892984763475
0.18008771288466544
0.17952580327141213
0.18366155977037432
0.18374726888902274
0.18393563031492652
0.18432527735655121
0.18482595897961682
0.18511170180476938
0.1842179854121333
0.18414065060088924
0.18403458654943336
0.1862153173091998
0.18604350031617614
0.18673713910222073
0.18683728474730524
0.18651520607832886
0.18747736115357333
0.18771153416746245
0.18893707463535414
0.1909201407988424
0.19227604128230796
0.19110588405166756
0.18992276460561691
0.18851863081911976
0.18785586002117671
0.18769608728103548
0.18683007872982435
0.18688127313032984
0.18636854319230262
0.18622442491226224
0.1839118857866604
0.18403940694764404
0.18418605998475393
0.18477905462128055
0.1852363657087745
0.18444332797449409
0.18432841088525243
0.18393846320649779
0.18380354215423839
0.17923712964148764
0.17992229673821464
0.18011473995988347
0.17947446603106329
0.18037503146451542
0.18062259775898762
0.18123720762975196
0.18182743920056704
0.18278153967623614
0.18162681704845424
0.18117407579906569
0.18107646280029777
0.18063895352296916
0.18051603189415358
0.17976012021493371
0.1800954830226178
0.17953926559857911
0.17942173811272635
0.17944433460681605
0.17959224989589237
0.18003549745003095
0.1806299329375245
0.18095622973576031
0.18007040135645133
0.17994243562670478
0.17956499776748033
0.18168632666777662
0.18149030617488737
0.18214849978189501
0.18227271235706868
0.18173544212877399
0.18267575950199549
0.18292623329392396
0.18385769148402428
0.18456733906392458
0.18599409721424728
0.18469692969121379
0.18368621069166755
0.18353140953290248
0.18297356613995763
0.18282925395378072
0.1820394288004259
0.18231790913297019
0.18179450351623805
0.18166252757330595
0.17942247915615347
0.17957604956138803
0.1800188819775855
0.1806296271949574
0.18097056518395033
0.18008680051003129
0.17994662263751249
0.17957787326300831
0.18714826528508788
0.1869878538914444
0.1877100778291769
0.1879381215344417
0.18720594535886051
0.18814057212551635
0.18841808156903955
0.18901080428279726
0.18955347020884283
0.1904360868966172
0.18923628401619794
0.18878494733444806
0.18856423058794242
0.18823467380808409
0.18817464874834236
0.18750419255022377
0.18827667712507146
0.18775253318995164
0.19194955702506325
0.19205682267677207
0.19227226510542825
0.19272960248876916
0.1932382888144609
0.19347727149214836
0.19258356610630745
0.19263829974413976
0.19273747596783675
0.194964412722682
0.19480553798811076
0.19550226586518513
0.19560736090759592
0.19546672416068767
0.1964847361392405
0.1996910384413883
0.20116785446328581
0.20293408761356252
0.20447927224390189
0.20381130001592651
0.20242458333475688
0.2007920447518369
0.19980354161539521
0.19672367953234848
0.19583021348233379
0.19568857719491101
0.19517177468859967
0.19502965300843061
0.19267044486898718
0.19277976986580503
0.1926041938673185
0.19312955794802311
0.19355515988228633
0.19283061439293994
0.19271738148943504
0.1922883866757007
0.19212418203800363
0.1874699710213619
0.18815626341572941
0.18829238920262731
0.18704624238608586
0.18796350411518448
0.18815646511903164
0.18876486948071786
0.18941980977710227
0.19045346954765976
0.1893284873447392
0.18894003974642384
0.18894813867794538
0.18855578350754276
0.18840415279216607
0.18762116414972266
0.18790886564759349
0.18731196975847736
0.18715889847154119
0.17943391625856989
0.17958183154764615
0.18002145595561472
0.18062016592890098
0.18095282592684117
0.18007012960261617
0.17994223324929493
0.17956660464184254
0.18168276674885467
0.18149352848726089
0.18215171775027247
0.18226240378200759
0.18171416135296248
0.18265599596580831
0.18291288612371495
0.18386284109454748
0.18459269398832406
0.18601216322245975
0.1847148552312726
0.18370588911397556
0.18354424708023942
0.18298699090794543
0.182844080243283
0.18202959002362076
0.18230875314517786
0.18178721748167129
0.18165640372949884
0.17942031620193202
0.17957520069807681
0.18002091712227616
0.18063141591823142
0.18097339998492612
0.18009670500657454
0.17995547410974258
0.17958421526639878
0.1961380304219135
0.1959088059088846
0.19685794568268042
0.19704115484636989
0.19640960513760392
0.1973544903530203
0.19764227063458809
0.19826248239720798
0.19883864100091667
0.19973677543458104
0.19855513355779458
0.19810698640477506
0.19816039630791529
0.19774120209807336
0.19767422440526983
0.19690679806107766
0.19725024604226482
0.19672037755841379
0.20089079097601883
0.20097650009466719
0.20117054939367027
0.20165908641170469
0.20218649575463024
0.2024740523500681
0.20149997283015519
0.20142710669706881
0.20130514133211677
0.20345329507108315
0.20324099113786961
0.2039346299239142
0.2040004668781556
0.20363395760472783
0.20454605063972328
0.20474154408471182
0.20583950656044975
0.20777036693145332
0.20918065421737378
0.20801857307005026
0.20684562034951412
0.20543911780322072
0.20476507778582753
0.20460579396105488
0.20370911163060654
0.20373274330392926
0.2028613721706885
0.2027207817432799
0.20040657736592493
0.20053409852690859
0.20071967476780364
0.20132617647286552
0.20186943725762571
0.20124095302149689
0.201163746572111
0.20077379889335636
0.20056415270339834
0.19598681284713981
0.19667117342997523
0.19686142804181006
0.1961974701072714
0.19707864112337914
0.19729270225268694
0.19837538612460939
0.19990335448300253
0.20086889073409053
0.19971349686204909
0.19927070933707952
0.19922464634666334
0.19883796156425221
0.1987234590039228
0.1979667871949769
0.19827364766492353
0.19770106116331834
0.21010196423046301
0.21027809618815735
0.21043452175147728
0.21100621369223951
0.21159781746316786
0.21192380950964906
0.21107412165987779
0.21101904554565246
0.21066274495352788
0.21292170241564806
0.21273192464143881
0.2134750484745678
0.21359897171250186
0.21289461043625646
0.21381411435866024
0.21401944435553966
0.21487844982116794
0.21543724261115771
0.21679791406676871
0.2155023166812825
0.21449159768173628
0.21431223658279386
0.21370729774084987
0.21321781448696625
0.21235884343541162
0.21300530726247235
0.21260052036333352
0.21246854442040142
0.21013730012073417
0.21029064141569351
0.21112976154121779
0.21309818160902205
0.21347255545216454
0.21268103892061793
0.21259038103042607
0.21222165703216281
0.21991968026454087
0.21975875240561149
0.22053857201891949
0.22080274452226981
0.2201741256668846
0.22118460488698802
0.22147203907219956
0.22191989301414608
0.22243700975140726
0.22322569317011004
0.22202618866484175
0.22156351928258408
0.22130219933699741
0.22119972526781734
0.22136507546003273
0.22109911839644311
0.22216872453440356
0.22170061512863512
0.22598623856733435
0.22610388614639604
0.22640035245479345
0.24696973600975633
0.24774980947352865
0.2480655582010724
0.24712570043154591
0.24722578121707608
0.24732235975469158
0.25127375028598586
0.25112263101475113
0.25980054431062377
0.26011476759678986
0.26016306923283544
0.26250774758672435
0.26605924324553831
0.26804453933294908
0.27041912080236147
0.27258480077669023
0.27249918995063804
0.27050691366775043
0.26824102591227533
0.26619192683059462
0.26279991932183561
0.26051335001580489
0.26017631930114044
0.25947595312801358
0.25130514818914995
0.24725631411199003
0.24737037412985532
0.24697138878238739
0.24767506488853222
0.24816247823961313
0.24740234871356664
0.24699202343000182
0.22636766192829963
0.22620175969670728
0.22144710110392185
0.22213339349828964
0.22221133817855659
0.2200285912672586
0.22094323845997188
0.22112214704515398
0.22155607954907139
0.22219319749182379
0.22323000524869765
0.22211298679986205
0.22183056307799182
0.22197032536682601
0.22157797019642322
0.22131351501946536
0.22053762729977316
0.22081523794992663
0.2201548626856373
0.21993801925871695
0.2120434744541288
0.21222807182943171
0.21266921690988735
0.21317074012938775
0.21343751355825558
0.21069161949239576
0.21064174176641931
0.2103346486956667
0.21248820648461059
0.2122949084887778
0.21285260216841115
0.21273377188222015
0.21203456311822053
0.21322558325981555
0.21361463567300415
0.21462360966895949
0.21537209254395345
0.21678873880920949
0.21543851842060485
0.21458748102090444
0.21455302096521511
0.21405402387704686
0.21406745168273447
0.21334931321471354
0.21368080155621061
0.21298872122285545
0.21288385335789115
0.21061896847069414
0.21075445626222963
0.21114525163945191
0.21165542781368454
0.21198501472611031
0.21107530089220836
0.21086787475487684
0.21044827349801712
0.2099962034900596
0.19741221811332912
0.19810020018321819
0.19833249387355528
0.19769251681817798
0.19859580520979458
0.19878063441054986
0.19938670366048766
0.19992767515448745
0.20082228075673711
0.19821867513876557
0.19781687402102727
0.19773667627384064
0.19731748206399874
0.19722316944905893
0.1964685966747288
0.19682823498608928
0.19631883231047725
0.20047768735298513
0.20056339647163349
0.20075175789753727
0.2009603318159579
0.20140041829388561
0.2016833224009161
0.20076028295740353
0.20066667420685724
0.20053057836005705
0.20283608165323475
0.20264610331620919
0.20360146306300891
0.20370430473729115
0.20338989942491492
0.20436559439084442
0.20463285795499792
0.20585887540635026
0.20784373134560905
0.20915771733641558
0.20797512504885068
0.20679200560280003
0.20553698296421921
0.20487421216627619
0.20481656487451655
0.20394758218993811
0.20402056536804505
0.20354963613169366
0.20344683225008117
0.20113429312447931
0.20128160135042117
0.20153265945126791
0.20212840674864485
0.20258571783613877
0.20171232588028543
0.20160076224290455
0.20121380535169994
0.20104675860647797
0.19645409201702183
0.19713925911374885
0.19729675331810376
0.19662480049351033
0.19750856464205799
0.19774240309265359
0.19823789593589489
0.19877688903534452
0.19978858756029061
0.1986338649325087
0.19819090310708326
0.19809329010831533
0.19760493152491027
0.19747964098569565
0.19669422224105049
0.19700755666814335
0.1960888552278337
0.19596147815870152
0.17944433460681608
0.17959224989589237
0.180035497450031
0.1806299329375245
0.18095622973576025
0.18007040135645133
0.17994243562670478
0.17956499776748033
0.18168632666777665
0.18149030617488737
0.18214849978189504
0.18227271235706871
0.18173544212877399
0.18267575950199549
0.18292623329392396
0.18385769148402428
0.18456733906392458
0.18599409721424728
0.18469692969121376
0.18368621069166752
0.18353140953290248
0.18297356613995763
0.18282925395378072
0.1820394288004259
0.18231790913297019
0.18179450351623805
0.18166252757330595
0.17942247915615347
0.17957604956138803
0.1800188819775855
0.1806296271949574
0.18097056518395033
0.18008680051003131
0.17994662263751254
0.17957787326300831
0.18714826528508785
0.1869878538914444
0.1877100778291769
0.18793812153444167
0.18720594535886051
0.18814057212551635
0.18841808156903952
0.18901080428279732
0.18955347020884283
0.1904360868966172
0.18923628401619794
0.18878494733444812
0.18856423058794242
0.18823467380808409
0.18817464874834242
0.18750419255022374
0.18827667712507146
0.18775253318995164
0.19194955702506322
0.19205682267677207
0.19227226510542822
0.19272960248876916
0.1932382888144609
0.19347727149214836
0.19258356610630745
0.19263829974413973
0.19273747596783677
0.194964412722682
0.19480553798811073
0.19550226586518518
0.19560736090759592
0.19546672416068767
0.19648473613924056
0.1996910384413883
0.20116785446328578
0.20293408761356252
0.20447927224390189
0.20381130001592651
0.20242458333475691
0.20079204475183693
0.19980354161539521
0.19672367953234846
0.19583021348233381
0.19568857719491103
0.1951717746885997
0.19502965300843061
0.19267044486898718
0.19277976986580503
0.19260419386731856
0.19312955794802308
0.19355515988228633
0.19283061439293994
0.19271738148943501
0.1922883866757007
0.19212418203800363
0.18746997102136195
0.18815626341572944
0.18829238920262731
0.18704624238608591
0.18796350411518445
0.18815646511903164
0.18876486948071786
0.18941980977710221
0.19045346954765979
0.18932848734473923
0.18894003974642384
0.18894813867794538
0.18855578350754276
0.18840415279216607
0.18762116414972266
0.18790886564759346
0.18731196975847736
0.18715889847154119
0.17943391625856989
0.17958183154764615
0.18002145595561472
0.18062016592890098
0.18095282592684117
0.1800701296026162
0.17994223324929493
0.17956660464184254
0.18168276674885467
0.18149352848726083
0.18215171775027247
0.18226240378200761
0.18171416135296248
0.18265599596580825
0.18291288612371498
0.18386284109454748
0.18459269398832406
0.18601216322245975
0.18471485523127254
0.18370588911397556
0.18354424708023942
0.18298699090794543
0.182844080243283
0.18202959002362076
0.18230875314517786
0.18178721748167129
0.18165640372949884
0.17942031620193205
0.17957520069807681
0.18002091712227616
0.18063141591823142
0.18097339998492615
0.18009670500657457
0.17995547410974261
0.17958421526639878
0.17950452452149063
0.17925997645846029
0.17994779930729429
0.18012831244178604
0.1794881024325593
0.18039139082417591
0.18062963710283328
0.18124784653266626
0.18182400513637495
0.18276852184546905
0.18159793915885841
0.18114979200583892
0.18105857273538367
0.18063937852554174
0.18051644012242432
0.17975091775231442
0.18008090220193723
0.17951656887578998
0.18365504048515011
0.18374074960379852
0.18392911102970225
0.18431876394159186
0.18483366864018347
0.18512122523562138
0.18422432025484825
0.18414692460201615
0.18404086055056029
0.18622054632728885
0.18604866433799033
0.18674230312403495
0.18684244876911943
0.1865170840745658
0.18747547562121616
0.18770359204930614
0.18892296048341325
0.19090785284649542
0.19226689663403204
0.19110481548670852
0.18992169604065781
0.18851519349436446
0.18785242269642141
0.18769265836497057
0.18682611925293974
0.18687670713133353
0.18636645991413298
0.18622182791278491
0.18390762353542997
0.18403514469641358
0.18419664143485925
0.18478963607138582
0.18524604497864619
0.18445290668600925
0.18433840112459163
0.18394845344583696
0.18381150398133284
0.17924361016902554
0.17992877726575257
0.18011944468889404
0.17948001518743975
0.18037905637419088
0.18062821214885644
0.18124062846489744
0.18183027015119685
0.18278437062686592
0.18162975724482436
0.18117701599543584
0.18107695790643047
0.1806425032585276
0.18052094014501407
0.17976426833606818
0.18010108215387502
0.17954407530063346
0.19179773773396794
0.1919738696916623
0.19213029525498221
0.19263518135798213
0.19323129657859109
0.19354899960405766
0.19268492988280589
0.19260346260023167
0.19224249172201785
0.19441415074714322
0.19422437297293402
0.19494961438860636
0.19507353762654042
0.19448328829456227
0.1953957526154452
0.19561307216339968
0.19649979137818102
0.19714546407995892
0.19849595017026539
0.19720064015324365
0.19618992115369746
0.19602881390910976
0.19543480971590077
0.19506865971150225
0.19425698823130128
0.19463359920159598
0.19422444651709572
0.19409247057416362
0.19179757290295923
0.19195091419791865
0.19253527329751763
0.19399191829824169
0.19435087356013361
0.19351055916049981
0.19340719564454562
0.19303847164628238
0.20068804979030375
0.20052712193137431
0.20128823536927232
0.20154297954658226
0.20086162979034364
0.20185963667112006
0.20214707085633157
0.20266872851426745
0.20319980174930322
0.20400759235920721
0.20280580085513414
0.20234313147287636
0.20205796857125702
0.20185864280969557
0.20189557683884371
0.20137871465598234
0.20244351235153224
0.20195048046505407
0.20619932392934093
0.20631697150840234
0.20657097826202986
0.20703479747548387
0.20750273758975896
0.2077335922446206
0.20687045807187643
0.20710501623979505
0.20735313928954316
0.20963104269576244
0.20950996497366478
0.21786377838387369
0.21806225730606352
0.21798558328796613
0.21952213577697352
0.22287408041864598
0.22423764569630247
0.22626323947517737
0.22806822691361747
0.22798215287157045
0.2263409819484771
0.22443373903840219
0.2229893125329386
0.21974586818549177
0.21832956261360792
0.21811365561769808
0.21751620944099712
0.20969337373671987
0.20729901314316898
0.20739571238663221
0.20699333087246991
0.20742197400245913
0.20782353523344427
0.20714388750756665
0.20702875581969221
0.20657236964638118
0.20640925516086639
0.20169512887309501
0.20238142126746247
0.20248211505287317
0.2006777217348881
0.20159311956558096
0.20178201821255903
0.20231111488393663
0.20298015287119783
0.20400844202430454
0.20289142357546877
0.20254509082258909
0.20264625267316638
0.20225389750276379
0.20204524347730407
0.20125949790803238
0.201528765983091
0.20089439322210798
0.20070941761645936
0.19286295195874631
0.19304221506064903
0.19348336014110465
0.19403035683038825
0.19431026538651222
0.19238697714365888
0.1922982053320848
0.19194988559441151
0.19410885204603573
0.19391585558996294
0.19447354926959629
0.1945355791960437
0.19392243885037549
0.19497117444829934
0.19536022686148793
0.19632643112097037
0.19707491399596436
0.19851387636721216
0.19718423138323066
0.19626546519791987
0.19618078541621053
0.19566406123096972
0.19556590766451665
0.19482844250794165
0.19515993084943872
0.19458266136257363
0.19445461225161781
0.19218289073690079
0.19231837852843628
0.1927273768470496
0.19325111702301931
0.19359380652588312
0.19270382384432477
0.19253194092590295
0.19213241403396922
0.19180829735250329
0.17926413345594963
0.17995195630478364
0.18013246943927538
0.17949104303445926
0.18039433142607583
0.18063326303216257
0.18125112878413505
0.18182713031963132
0.18277396856254094
0.18160608279204826
0.18115793563902877
0.18106776682048323
0.18064857261064132
0.18052459931518972
0.17975892984763475
0.18008771288466546
0.17952580327141213
0.18366155977037438
0.18374726888902274
0.18393563031492652
0.18432527735655121
0.18482595897961682
0.18511170180476938
0.1842179854121333
0.18414065060088922
0.18403458654943336
0.1862153173091998
0.18604350031617614
0.18673713910222073
0.18683728474730524
0.18651520607832886
0.18747736115357333
0.18771153416746247
0.18893707463535414
0.19092014079884237
0.19227604128230796
0.19110588405166762
0.18992276460561691
0.18851863081911976
0.18785586002117671
0.18769608728103548
0.18683007872982435
0.18688127313032987
0.18636854319230262
0.18622442491226227
0.18391188578666043
0.18403940694764404
0.18418605998475399
0.18477905462128055
0.18523636570877444
0.18444332797449409
0.18432841088525245
0.18393846320649779
0.18380354215423841
0.17923712964148764
0.17992229673821467
0.1801147399598835
0.17947446603106329
0.18037503146451542
0.18062259775898762
0.18123720762975201
0.18182743920056704
0.18278153967623612
0.18162681704845424
0.18117407579906569
0.18107646280029782
0.18063895352296916
0.18051603189415352
0.17976012021493371
0.1800954830226178
0.17953926559857911
0.19426715906922379
0.19431046306331551
0.1944583783523918
0.19525475688620852
0.19584919237370202
0.19617913245463744
0.19529330407532849
0.19518241645134998
0.19480497859212553
0.19693542040368822
0.196739399910799
0.19739759351780659
0.19758874393475112
0.19705147370645637
0.19799280291123456
0.19824327670316308
0.19917473489326343
0.19982170372258296
0.20124846187290557
0.19995324303782439
0.19894252403827817
0.19878772287951313
0.19822867550670076
0.19822866109614715
0.19743883594279232
0.19771731627533659
0.19718101725933326
0.19711142946485122
0.1948713810476988
0.19502495145293336
0.1954652109311818
0.19606357543517455
0.19640451342416751
0.1955115988695012
0.19542714498894079
0.19505839561443655
0.20265020681826354
0.20248979542462003
0.20321201936235256
0.20344774938261651
0.20271557320703529
0.20374564560910191
0.20402315505262508
0.20463277593440163
0.2051754418604472
0.20605805854822154
0.20478526854401305
0.20433393186226317
0.20411321511575756
0.20378977930852854
0.20372975424878684
0.20304572193297712
0.20381820650782478
0.20325145171086428
0.20744847554597587
0.20752655943954779
0.20774200186820396
0.20819933925154488
0.20866258601798443
0.2089006451591901
0.20799184566667658
0.20804657930450887
0.20808318997191544
0.21031012672676069
0.21014404529846828
0.2108407731755427
0.21094586821795341
0.21062987121272878
0.21165918134369383
0.21486548364584154
0.21633489603695483
0.21808975854335888
0.21970359522620178
0.21903562299822646
0.2176489063170568
0.21603010655239974
0.21504160341595796
0.21196174133291126
0.21105151445936293
0.21090987817194012
0.21039372499897771
0.21025160331880866
0.20787109047801283
0.20798041547483065
0.20780483947634415
0.20829377625289866
0.20871937818716188
0.20762112174262751
0.20756998588540429
0.20714099107167
0.2069766046854897
0.20232239366884802
0.20300868606321548
0.20314481185011335
0.20185987029455205
0.20283385564720893
0.20302681665105615
0.20365347380806026
0.20430841410444467
0.20534659832949753
0.20422161612657697
0.20383316852826155
0.20406377294155087
0.20367141777114822
0.20355760562137198
0.2027746169789286
0.20306231847679942
0.20236718376950236
0.20221411248256613
0.19450126492247047
0.19464918021154679
0.19508771473587799
0.19568586685604725
0.19601852685398746
0.19512080113658412
0.19499290478326284
0.19459312729656267
0.19670928940357477
0.19648469337173807
0.19714288263474966
0.19726149366012408
0.19671325123107902
0.1976550858439248
0.19788016656178042
0.2001299399890068
0.20085979288278338
0.20229471586748515
0.20099740787629797
0.19998844175900091
0.19984025070420933
0.19928299453191536
0.19916138741455303
0.19834689719489079
0.19869061418873404
0.1981690785252275
0.19804003192129094
0.19580394439372414
0.1959588288898689
0.19640454531406823
0.19697300978374754
0.19731655067960982
0.1964398557012583
0.19629862480442634
0.19590943343259665
0.21262118007107172
0.21239195555804283
0.21334109533183865
0.21352430449552814
0.2128815728771451
0.21389639066109639
0.21418417094266418
0.21479828615166166
0.21537041237771259
0.21626854681137697
0.21504475159145106
0.21459660443843148
0.21471160264617145
0.21429240843632949
0.21424212549556917
0.21347469915137701
0.21382445832998204
0.21329458984613098
0.21754306681499336
0.21762877593364172
0.21782282523264482
0.21833552767967462
0.21886293702260015
0.21915049361803809
0.21807223313588103
0.21799936700279463
0.2178869146128708
0.22003506835183725
0.2198113533532193
0.22050499213926386
0.22057082909350523
0.2201668688077085
0.22107896184270387
0.221200087241539
0.22229804971727721
0.22419389984814628
0.22565296138136942
0.22449088023404587
0.22331792751350965
0.22191142496721653
0.22122149633247767
0.22106221250770497
0.22015985077086545
0.22018348244418814
0.21913233347046351
0.21900485433018055
0.21669064995282561
0.21681817111380922
0.21700761699661636
0.21761411870167824
0.21841006646744276
0.217781582231314
0.21771027549187597
0.2173203278131213
0.21711068162316324
0.21249463163329219
0.21317899221612763
0.21336924682796249
0.21270296468415195
0.21358413570025972
0.21377850890545236
0.21557246862997681
0.21710043698836992
0.21806597323945789
0.21690257123768911
0.21645978371271954
0.21648767191701337
0.21610098713460224
0.21598946904940505
0.21523279724045921
0.21553965771040584
0.21493816688327538
0.22741111182895929
0.22758724378665399
0.22774366934997359
0.22834063990615469
0.22893224367708337
0.22924127652905887
0.22839158867928766
0.22840777053918837
0.22805146994706368
0.23032699594647363
0.23013721817226424
0.23088034200539342
0.23100426524332723
0.23020016921574446
0.23111967313814843
0.23133462488116638
0.23219363034679502
0.23272645239838688
0.23408727406374555
0.23280799542201217
0.23179727642246581
0.23161791532352355
0.23098837991010945
0.23049889665622617
0.22968665483852144
0.23041727009711224
0.23001248319797368
0.22988050725504133
0.22752847161012749
0.22768181290508652
0.2288807853478465
0.23084920541565104
0.23123007715394295
0.2304385606223964
0.23037867893483377
0.23000995493657037
0.23771343726840985
0.23755250940948019
0.23833232902278856
0.23865387930285503
0.23802526044746986
0.29270308449938764
0.2932677009808799
0.29416562579761446
0.29497500670091537
0.29618657775645069
0.29476873902818357
0.29407272117179073
0.293320203427056
0.29290998874555446
0.29307621705507508
0.29178458108402111
0.29353493220798421
0.29292855291545139
0.30151292162408944
0.30192919465035678
0.30233947385459525
0.32328348513019095
0.32437145230083708
0.32489441344324005
0.32371107961895651
0.32352098845319066
0.32386650642667941
0.33029890941339701
0.33016942571724089
0.33940423879790915
0.33968749883249566
0.34006737655909114
0.34346807560167625
0.34728229717175302
0.35011697654375823
0.35307316558267682
0.35567495984891911
0.35559548909917582
0.35316989631575785
0.35028995635089316
0.34746991760519358
0.34387786997321579
0.34044662739786946
0.33972018810390381
0.33895260787102938
0.33041142872266394
0.32381222415872424
0.32391875026884354
0.32320051947817297
0.32421000888814183
0.32502932737120782
0.32417075168123072
0.32337522497905052
0.30228655586260794
0.30187068396012617
0.29233241448785707
0.29353799768710676
0.2936197426889624
0.29052403690493228
0.2923622399864711
0.29267365082026647
0.29357248846161776
0.29460597628861923
0.29615889979357551
0.29488317306898959
0.2944299569385278
0.29424950098533265
0.2934361931196412
0.29297989663258084
0.2383573709064333
0.23863498155658669
0.2379708390678682
0.2377539956409476
0.22982872542242927
0.23001332279773171
0.23045446787818744
0.23092524906371048
0.23119202249257825
0.22805475934052616
0.22806728064510493
0.22776018757435215
0.22991374536329628
0.22970694728395527
0.2302646409635889
0.23014581067739764
0.2292573892924758
0.23050902182869545
0.23089807424188383
0.23192256807131539
0.23267105094630916
0.23406772533366704
0.23271750494506252
0.23186646754536197
0.23191837104509092
0.23141937395692244
0.23147088101682781
0.23075274254880662
0.23108423089030372
0.23029729321345754
0.23021187573050034
0.22795998425364017
0.22809547204517533
0.2284920303303776
0.22901348025473864
0.22934306716716432
0.22841701910362217
0.22820959296629045
0.22774692708609043
0.2272948570781331
0.21467534351842454
0.21536332558831361
0.21560282775621847
0.21496285070084117
0.21586613909245778
0.21601073190329639
0.21661680115323423
0.21714002247526615
0.21803462807751586
0.21468768180811013
0.21428588069037185
0.21422272404834503
0.21380352983850309
0.21371675720027361
0.21296218442594347
0.21337753444935889
0.21286813177374683
0.21702399488242297
0.21710970400107132
0.21729806542697502
0.21750663934539577
0.21770232013056887
0.21798522423759933
0.21706065613449657
0.21696704738395026
0.21682008699185637
0.21927446016554367
0.21908448182851809
0.22003984157531778
0.22014268324960001
0.21981676704631994
0.22084104856277262
0.22110831212692608
0.22233432957827867
0.22427105496856603
0.22558504095937262
0.22437464407096569
0.22319152462491493
0.22202802737229435
0.22136525657435108
0.22134330169087774
0.2204743190062993
0.22057125772099082
0.22010032848463942
0.22009369018604819
0.21778115106044635
0.21792845928638827
0.21820563453392966
0.21880138183130665
0.21925869291880054
0.2182725743809234
0.21816101074354252
0.21780537986043458
0.21763833311521261
0.21304852888588335
0.21373369598261041
0.2138911901869652
0.2131946387929245
0.21407840294147221
0.21429961632196251
0.21479510916520386
0.21530722304887523
0.21632809458630498
0.21517337195852307
0.2147304101330976
0.21463279713432967
0.21409640717401981
0.21397111663480517
0.21318403474986689
0.21349736917695974
0.21240575783598573
0.21227838076685349
0.19577255638114655
0.19592047167022283
0.19636393438794941
0.19695836987544291
0.19734145401800043
0.19645562563869151
0.19632961848926769
0.19595218063004324
0.19807350953033953
0.19782616690194565
0.19848436050895324
0.19860857308412699
0.19805536163686646
0.19899567901008794
0.19922353704115425
0.20015499523125463
0.20079405816161452
0.20222081631193717
0.19963467559395892
0.1986239565944127
0.19853178521305473
0.19797394182010988
0.19783473169326482
0.19704490653991005
0.19732338687245432
0.1967631606207261
0.19669096858181898
0.19445092016466653
0.19460449056990106
0.19506231851748349
0.19567306373485538
0.19601854748136086
0.19513478280744181
0.19506556025605987
0.19469681088155566
0.20229334202919502
0.20213293063555154
0.20285515457328404
0.20308319827854887
0.20210346538629581
0.20304095545988837
0.20333416747282251
0.20392689018658028
0.2044663812749557
0.20534899796273012
0.20412840057113441
0.20367706388938456
0.20345634714287891
0.20310479855315272
0.20304477349341105
0.20233986057390987
0.20312552048942217
0.20260137655430238
0.20679840038941391
0.20688112368436343
0.20709656611301958
0.20790758047035393
0.20841626679604566
0.20865889275643279
0.20776518737059188
0.20783610997557908
0.20793528619927609
0.210154071791054
0.20997311447915024
0.21066984235622466
0.21084173693578451
0.21070110018887633
0.21171975673967333
0.21492605904182108
0.21640287506371855
0.21811246700769918
0.21965765163803858
0.21898837606366053
0.2176016593824909
0.2159691207995709
0.21497852235277598
0.2120478871905418
0.21115442114052707
0.21101278485310429
0.21048362562483816
0.21044480478719729
0.20808559664775383
0.20819492164457168
0.20801532654694019
0.2085355407202456
0.2089611426545088
0.20823106605217059
0.2081798516963545
0.20775085688262018
0.20761407785827007
0.20295986684162842
0.20364615923599591
0.20380902429986439
0.202562877483323
0.20357644128606156
0.20376940228990878
0.20438152646355495
0.20503646675993936
0.20607012653049686
0.20487200643510106
0.20448355883678568
0.20449165776830722
0.20410383428960835
0.20395220357423169
0.20317265872494966
0.20346036022282049
0.20282279233273429
0.20266972104579814
0.19492600220761683
0.19507391749669317
0.19551354190466169
0.19606881188498665
0.19639768347411254
0.19550637602658924
0.19537847967326799
0.19498286678783272
0.19709902889484482
0.19690577750776281
0.1975639667707744
0.19767465280250951
0.19695105011514802
0.19790727603019803
0.19816416618810473
0.19910441294892528
0.19983426584270189
0.20132070598087543
0.20002339798968818
0.19901443187239118
0.19886600527644299
0.198308749104149
0.1981658384394866
0.19730038792101792
0.19757955104257502
0.1970548141487995
0.196924000396627
0.194667006539291
0.19482189103543579
0.19526760745963515
0.19584833817371031
0.19619032224040506
0.19493634517487499
0.19485733740003544
0.19448607855669159
0.1944002328670445
0.17925997645846026
0.17994779930729426
0.18012831244178604
0.17948810243255933
0.18039139082417591
0.18062963710283328
0.18124784653266626
0.18182400513637495
0.18276852184546907
0.18159793915885847
0.18114979200583892
0.18105857273538367
0.18063937852554174
0.18051644012242438
0.17975091775231442
0.1800809022019372
0.17951656887578998
0.18365504048515011
0.18374074960379849
0.18392911102970225
0.18431876394159188
0.1848336686401835
0.18512122523562138
0.18422432025484825
0.18414692460201618
0.18404086055056024
0.18622054632728882
0.1860486643379903
0.18674230312403489
0.18684244876911943
0.18651708407456577
0.18747547562121614
0.18770359204930617
0.18892296048341325
0.19090785284649539
0.1922668966340321
0.19110481548670846
0.18992169604065781
0.18851519349436446
0.18785242269642141
0.18769265836497054
0.18682611925293974
0.18687670713133353
0.18636645991413303
0.18622182791278497
0.18390762353542997
0.18403514469641361
0.18419664143485925
0.18478963607138582
0.18524604497864616
0.18445290668600928
0.1843384011245916
0.18394845344583696
0.18381150398133284
0.17924361016902557
0.17992877726575257
0.1801194446888941
0.17948001518743975
0.18037905637419088
0.18062821214885647
0.18124062846489741
0.18183027015119685
0.18278437062686592
0.18162975724482436
0.18117701599543584
0.18107695790643047
0.1806425032585276
0.18052094014501402
0.17976426833606818
0.18010108215387499
0.17954407530063346
0.19179773773396794
0.19197386969166227
0.19213029525498226
0.19263518135798219
0.19323129657859109
0.19354899960405766
0.19268492988280589
0.19260346260023165
0.19224249172201788
0.19441415074714322
0.19422437297293396
0.19494961438860636
0.19507353762654045
0.19448328829456227
0.19539575261544517
0.19561307216339968
0.19649979137818102
0.19714546407995892
0.19849595017026542
0.19720064015324371
0.19618992115369746
0.19602881390910976
0.1954348097159008
0.19506865971150222
0.19425698823130128
0.19463359920159598
0.19422444651709572
0.19409247057416359
0.19179757290295923
0.19195091419791863
0.19253527329751763
0.19399191829824169
0.19435087356013361
0.19351055916049981
0.19340719564454562
0.19303847164628238
0.20068804979030375
0.20052712193137431
0.20128823536927232
0.20154297954658221
0.20086162979034353
0.20185963667112
0.20214707085633157
0.20266872851426748
0.20319980174930316
0.20400759235920718
0.20280580085513411
0.20234313147287636
0.20205796857125702
0.20185864280969559
0.20189557683884374
0.20137871465598237
0.20244351235153221
0.20195048046505401
0.20619932392934093
0.20631697150840231
0.20657097826202986
0.20703479747548392
0.20750273758975896
0.2077335922446206
0.20687045807187643
0.20710501623979502
0.20735313928954316
0.20963104269576249
0.20950996497366478
0.21786377838387372
0.21806225730606352
0.21798558328796613
0.21952213577697352
0.22287408041864598
0.22423764569630247
0.22626323947517737
0.22806822691361747
0.22798215287157045
0.2263409819484771
0.22443373903840225
0.2229893125329386
0.21974586818549177
0.21832956261360792
0.21811365561769808
0.21751620944099706
0.2096933737367199
0.20729901314316898
0.20739571238663224
0.20699333087246991
0.20742197400245913
0.20782353523344432
0.20714388750756671
0.20702875581969221
0.20657236964638118
0.20640925516086642
0.20169512887309499
0.20238142126746247
0.20248211505287322
0.2006777217348881
0.20159311956558096
0.20178201821255903
0.20231111488393663
0.20298015287119783
0.20400844202430454
0.20289142357546877
0.20254509082258906
0.20264625267316638
0.20225389750276374
0.20204524347730402
0.20125949790803241
0.20152876598309102
0.20089439322210798
0.20070941761645938
0.19286295195874628
0.193042215060649
0.19348336014110468
0.19403035683038825
0.19431026538651222
0.19238697714365885
0.1922982053320848
0.19194988559441151
0.19410885204603573
0.19391585558996294
0.19447354926959634
0.19453557919604372
0.19392243885037549
0.19497117444829937
0.19536022686148793
0.1963264311209704
0.19707491399596436
0.19851387636721216
0.19718423138323063
0.19626546519791985
0.19618078541621053
0.19566406123096974
0.19556590766451665
0.19482844250794165
0.19515993084943872
0.19458266136257363
0.19445461225161775
0.19218289073690079
0.19231837852843631
0.19272737684704955
0.19325111702301931
0.19359380652588309
0.1927038238443248
0.19253194092590292
0.19213241403396925
0.19180829735250327
0.17926413345594963
0.17995195630478364
0.18013246943927538
0.17949104303445926
0.18039433142607586
0.18063326303216248
0.18125112878413502
0.18182713031963132
0.18277396856254094
0.18160608279204832
0.18115793563902871
0.18106776682048326
0.18064857261064132
0.18052459931518972
0.17975892984763475
0.18008771288466544
0.17952580327141213
0.18366155977037432
0.18374726888902274
0.18393563031492646
0.18432527735655116
0.18482595897961682
0.18511170180476938
0.18421798541213333
0.18414065060088924
0.18403458654943336
0.1862153173091998
0.18604350031617614
0.18673713910222073
0.18683728474730524
0.18651520607832883
0.18747736115357333
0.18771153416746247
0.18893707463535414
0.1909201407988424
0.19227604128230796
0.19110588405166756
0.18992276460561691
0.18851863081911976
0.18785586002117671
0.18769608728103551
0.18683007872982435
0.18688127313032987
0.18636854319230264
0.18622442491226224
0.1839118857866604
0.18403940694764404
0.18418605998475396
0.18477905462128053
0.18523636570877444
0.18444332797449414
0.18432841088525243
0.18393846320649779
0.18380354215423839
0.17923712964148766
0.17992229673821467
0.1801147399598835
0.17947446603106329
0.18037503146451542
0.18062259775898765
0.18123720762975198
0.18182743920056704
0.18278153967623614
0.18162681704845424
0.18117407579906575
0.18107646280029777
0.18063895352296913
0.18051603189415352
0.17976012021493371
0.1800954830226178
0.17953926559857911
0.17942173811272633
0.17944433460681605
0.17959224989589237
0.180035497450031
0.1806299329375245
0.18095622973576031
0.18007040135645133
0.17994243562670478
0.17956499776748033
0.18168632666777662
0.18149030617488737
0.18214849978189501
0.18227271235706871
0.18173544212877399
0.18267575950199547
0.18292623329392396
0.18385769148402428
0.18456733906392458
0.18599409721424728
0.18469692969121376
0.18368621069166757
0.18353140953290248
0.18297356613995763
0.18282925395378072
0.18203942880042592
0.18231790913297019
0.18179450351623808
0.18166252757330595
0.17942247915615347
0.17957604956138803
0.1800188819775855
0.1806296271949574
0.18097056518395033
0.18008680051003131
0.17994662263751246
0.17957787326300831
0.18714826528508788
0.1869878538914444
0.1877100778291769
0.1879381215344417
0.18720594535886051
0.18814057212551638
0.18841808156903952
0.18901080428279732
0.18955347020884283
0.19043608689661726
0.18923628401619794
0.18878494733444812
0.18856423058794244
0.18823467380808409
0.18817464874834236
0.18750419255022377
0.18827667712507143
0.18775253318995166
0.19194955702506322
0.19205682267677207
0.19227226510542825
0.19272960248876916
0.1932382888144609
0.19347727149214836
0.19258356610630745
0.19263829974413976
0.19273747596783677
0.194964412722682
0.19480553798811073
0.19550226586518518
0.19560736090759592
0.19546672416068767
0.19648473613924058
0.1996910384413883
0.20116785446328581
0.20293408761356252
0.20447927224390189
0.20381130001592654
0.20242458333475691
0.2007920447518369
0.19980354161539521
0.19672367953234846
0.19583021348233376
0.19568857719491101
0.1951717746885997
0.19502965300843061
0.19267044486898721
0.19277976986580503
0.19260419386731856
0.19312955794802317
0.19355515988228633
0.19283061439293991
0.19271738148943501
0.1922883866757007
0.19212418203800363
0.18746997102136195
0.18815626341572944
0.18829238920262731
0.18704624238608591
0.18796350411518448
0.18815646511903164
0.18876486948071786
0.18941980977710221
0.19045346954765979
0.18932848734473923
0.18894003974642384
0.18894813867794538
0.18855578350754273
0.18840415279216607
0.18762116414972263
0.18790886564759349
0.18731196975847736
0.18715889847154119
0.17943391625856989
0.1795818315476462
0.18002145595561472
0.18062016592890098
0.18095282592684117
0.18007012960261617
0.17994223324929493
0.17956660464184254
0.1816827667488547
0.18149352848726086
0.18215171775027245
0.18226240378200759
0.18171416135296245
0.18265599596580831
0.18291288612371495
0.18386284109454748
0.18459269398832406
0.18601216322245978
0.18471485523127257
0.18370588911397556
0.18354424708023942
0.18298699090794546
0.182844080243283
0.18202959002362076
0.18230875314517786
0.18178721748167129
0.18165640372949884
0.17942031620193202
0.17957520069807684
0.18002091712227616
0.18063141591823142
0.18097339998492615
0.18009670500657457
0.17995547410974261
0.17958421526639878
0.1961380304219135
0.1959088059088846
0.19685794568268042
0.19704115484636994
0.19640960513760392
0.19735449035302027
0.19764227063458809
0.19826248239720798
0.19883864100091669
0.19973677543458104
0.19855513355779461
0.19810698640477506
0.19816039630791529
0.19774120209807336
0.19767422440526983
0.19690679806107766
0.19725024604226479
0.19672037755841379
0.20089079097601883
0.20097650009466719
0.20117054939367029
0.20165908641170469
0.20218649575463024
0.2024740523500681
0.20149997283015514
0.20142710669706881
0.20130514133211672
0.20345329507108312
0.20324099113786961
0.2039346299239142
0.2040004668781556
0.20363395760472783
0.20454605063972328
0.20474154408471185
0.20583950656044972
0.20777036693145332
0.20918065421737383
0.2080185730700502
0.20684562034951412
0.20543911780322074
0.20476507778582753
0.20460579396105485
0.20370911163060654
0.20373274330392924
0.20286137217068848
0.20272078174327995
0.20040657736592496
0.20053409852690859
0.20071967476780364
0.20132617647286552
0.20186943725762571
0.20124095302149694
0.20116374657211103
0.20077379889335636
0.20056415270339834
0.19598681284713981
0.19667117342997523
0.19686142804181009
0.1961974701072714
0.19707864112337914
0.19729270225268694
0.19837538612460942
0.19990335448300253
0.20086889073409053
0.19971349686204906
0.19927070933707949
0.19922464634666334
0.19883796156425221
0.19872345900392274
0.1979667871949769
0.19827364766492353
0.19770106116331834
0.21010196423046301
0.21027809618815735
0.21043452175147734
0.21100621369223951
0.21159781746316786
0.21192380950964906
0.21107412165987779
0.21101904554565246
0.21066274495352785
0.21292170241564806
0.21273192464143886
0.2134750484745678
0.21359897171250186
0.21289461043625646
0.21381411435866024
0.21401944435553966
0.21487844982116794
0.21543724261115771
0.21679791406676871
0.21550231668128256
0.21449159768173628
0.21431223658279386
0.21370729774084987
0.21321781448696625
0.21235884343541162
0.21300530726247235
0.21260052036333352
0.21246854442040142
0.21013730012073417
0.21029064141569359
0.21112976154121779
0.21309818160902205
0.21347255545216454
0.21268103892061793
0.21259038103042607
0.21222165703216281
0.21991968026454087
0.21975875240561146
0.22053857201891949
0.22080274452226981
0.22017412566688455
0.22118460488698799
0.22147203907219956
0.22191989301414608
0.22243700975140726
0.22322569317011001
0.22202618866484169
0.221563519282584
0.22130219933699741
0.22119972526781734
0.2213650754600327
0.22109911839644311
0.22216872453440356
0.22170061512863512
0.2259862385673343
0.22610388614639609
0.22640035245479351
0.24696973600975633
0.24774980947352865
0.2480655582010724
0.24712570043154591
0.24722578121707608
0.24732235975469161
0.25127375028598586
0.25112263101475113
0.25980054431062377
0.26011476759678986
0.26016306923283544
0.2625077475867244
0.26605924324553837
0.26804453933294908
0.27041912080236147
0.27258480077669023
0.27249918995063799
0.27050691366775043
0.26824102591227528
0.26619192683059462
0.26279991932183561
0.26051335001580489
0.26017631930114044
0.25947595312801358
0.25130514818914995
0.24725631411199003
0.24737037412985532
0.24697138878238739
0.24767506488853222
0.24816247823961313
0.24740234871356664
0.24699202343000187
0.22636766192829963
0.22620175969670728
0.22144710110392185
0.2221333934982897
0.22221133817855665
0.2200285912672586
0.22094323845997188
0.22112214704515393
0.22155607954907139
0.22219319749182379
0.22323000524869765
0.22211298679986205
0.22183056307799182
0.22197032536682607
0.22157797019642322
0.22131351501946536
0.22053762729977319
0.22081523794992661
0.22015486268563733
0.219938019258717
0.2120434744541288
0.21222807182943171
0.21266921690988735
0.21317074012938775
0.21343751355825555
0.21069161949239576
0.21064174176641931
0.2103346486956667
0.21248820648461061
0.2122949084887778
0.21285260216841115
0.21273377188222015
0.21203456311822053
0.21322558325981555
0.21361463567300415
0.21462360966895949
0.21537209254395345
0.21678873880920949
0.21543851842060485
0.21458748102090444
0.21455302096521511
0.21405402387704686
0.21406745168273447
0.21334931321471357
0.21368080155621066
0.21298872122285545
0.21288385335789115
0.21061896847069414
0.21075445626222966
0.21114525163945191
0.21165542781368454
0.21198501472611031
0.21107530089220833
0.21086787475487684
0.21044827349801717
0.20999620349005957
0.19741221811332912
0.19810020018321819
0.19833249387355528
0.19769251681817798
0.19859580520979458
0.1987806344105498
0.19938670366048766
0.19992767515448745
0.20082228075673716
0.19821867513876559
0.19781687402102727
0.19773667627384067
0.19731748206399874
0.19722316944905893
0.19646859667472877
0.19682823498608926
0.1963188323104772
0.20047768735298513
0.20056339647163349
0.20075175789753721
0.2009603318159579
0.20140041829388561
0.2016833224009161
0.20076028295740356
0.20066667420685727
0.20053057836005708
0.20283608165323475
0.20264610331620914
0.20360146306300889
0.20370430473729112
0.20338989942491492
0.20436559439084445
0.20463285795499792
0.20585887540635023
0.2078437313456091
0.20915771733641558
0.20797512504885068
0.20679200560280003
0.20553698296421924
0.20487421216627622
0.20481656487451655
0.20394758218993811
0.20402056536804508
0.20354963613169366
0.20344683225008117
0.20113429312447928
0.20128160135042117
0.20153265945126786
0.20212840674864485
0.20258571783613877
0.20171232588028543
0.20160076224290455
0.2012138053517
0.201046758606478
0.19645409201702183
0.19713925911374885
0.19729675331810373
0.19662480049351033
0.19750856464205802
0.19774240309265359
0.19823789593589491
0.19877688903534452
0.19978858756029064
0.1986338649325087
0.19819090310708326
0.19809329010831536
0.19760493152491027
0.19747964098569565
0.19669422224105049
0.19700755666814335
0.1960888552278337
0.19596147815870146
0.17944433460681605
0.17959224989589237
0.180035497450031
0.1806299329375245
0.18095622973576031
0.18007040135645133
0.17994243562670478
0.17956499776748033
0.18168632666777662
0.18149030617488737
0.18214849978189501
0.18227271235706871
0.18173544212877399
0.18267575950199549
0.18292623329392399
0.18385769148402428
0.18456733906392458
0.18599409721424728
0.18469692969121379
0.18368621069166752
0.18353140953290248
0.18297356613995763
0.18282925395378072
0.1820394288004259
0.18231790913297016
0.18179450351623805
0.18166252757330595
0.17942247915615347
0.17957604956138801
0.1800188819775855
0.1806296271949574
0.18097056518395033
0.18008680051003131
0.17994662263751254
0.17957787326300831
0.18714826528508785
0.1869878538914444
0.1877100778291769
0.18793812153444167
0.18720594535886051
0.18814057212551635
0.18841808156903952
0.18901080428279732
0.18955347020884283
0.1904360868966172
0.18923628401619794
0.18878494733444812
0.18856423058794242
0.18823467380808409
0.18817464874834242
0.18750419255022377
0.18827667712507146
0.18775253318995164
0.19194955702506322
0.19205682267677207
0.19227226510542825
0.19272960248876916
0.19323828881446092
0.19347727149214836
0.19258356610630747
0.19263829974413979
0.19273747596783675
0.194964412722682
0.19480553798811073
0.19550226586518518
0.19560736090759592
0.19546672416068767
0.19648473613924053
0.1996910384413883
0.20116785446328578
0.20293408761356252
0.20447927224390189
0.20381130001592654
0.20242458333475688
0.20079204475183693
0.19980354161539521
0.19672367953234848
0.19583021348233381
0.19568857719491101
0.19517177468859967
0.19502965300843061
0.19267044486898718
0.19277976986580503
0.19260419386731856
0.19312955794802311
0.19355515988228633
0.19283061439293994
0.19271738148943501
0.19228838667570067
0.19212418203800363
0.18746997102136195
0.18815626341572947
0.18829238920262728
0.18704624238608586
0.1879635041151845
0.18815646511903167
0.18876486948071786
0.18941980977710221
0.19045346954765974
0.18932848734473923
0.18894003974642384
0.18894813867794538
0.18855578350754273
0.18840415279216607
0.18762116414972266
0.18790886564759346
0.18731196975847736
0.18715889847154119
0.17943391625856989
0.17958183154764615
0.18002145595561472
0.18062016592890098
0.18095282592684117
0.1800701296026162
0.17994223324929493
0.17956660464184251
0.18168276674885467
0.18149352848726083
0.18215171775027247
0.18226240378200761
0.18171416135296248
0.18265599596580831
0.18291288612371495
0.18386284109454748
0.18459269398832406
0.18601216322245975
0.1847148552312726
0.18370588911397556
0.18354424708023942
0.18298699090794543
0.182844080243283
0.18202959002362076
0.18230875314517786
0.18178721748167129
0.18165640372949884
0.17942031620193205
0.17957520069807681
0.18002091712227616
0.18063141591823137
0.18097339998492615
0.18009670500657457
0.17995547410974261
0.17958421526639878
0.17950452452149063
0.17925997645846026
0.17994779930729429
0.18012831244178604
0.17948810243255928
0.18039139082417591
0.18062963710283333
0.18124784653266626
0.18182400513637495
0.18276852184546907
0.18159793915885844
0.18114979200583892
0.18105857273538364
0.18063937852554171
0.18051644012242432
0.17975091775231442
0.18008090220193723
0.17951656887578998
0.18365504048515011
0.18374074960379852
0.18392911102970225
0.18431876394159186
0.1848336686401835
0.18512122523562138
0.18422432025484825
0.18414692460201609
0.18404086055056029
0.18622054632728885
0.18604866433799033
0.18674230312403489
0.18684244876911943
0.1865170840745658
0.18747547562121608
0.18770359204930614
0.18892296048341325
0.19090785284649542
0.19226689663403204
0.19110481548670852
0.18992169604065781
0.18851519349436446
0.18785242269642144
0.18769265836497057
0.18682611925293971
0.18687670713133353
0.18636645991413298
0.18622182791278494
0.18390762353542997
0.18403514469641358
0.18419664143485925
0.18478963607138582
0.18524604497864616
0.18445290668600928
0.1843384011245916
0.18394845344583696
0.18381150398133281
0.17924361016902554
0.17992877726575257
0.18011944468889407
0.17948001518743975
0.18037905637419088
0.18062821214885644
0.18124062846489744
0.18183027015119685
0.18278437062686592
0.18162975724482433
0.18117701599543584
0.18107695790643047
0.1806425032585276
0.18052094014501407
0.17976426833606818
0.18010108215387502
0.17954407530063349
0.19179773773396794
0.1919738696916623
0.19213029525498226
0.19263518135798213
0.19323129657859109
0.19354899960405769
0.19268492988280589
0.19260346260023167
0.19224249172201785
0.19441415074714324
0.19422437297293402
0.19494961438860636
0.19507353762654042
0.1944832882945623
0.1953957526154452
0.19561307216339968
0.19649979137818102
0.19714546407995892
0.19849595017026539
0.19720064015324371
0.19618992115369746
0.19602881390910976
0.1954348097159008
0.19506865971150225
0.1942569882313013
0.19463359920159598
0.19422444651709572
0.19409247057416359
0.19179757290295926
0.19195091419791865
0.19253527329751763
0.19399191829824169
0.19435087356013361
0.19351055916049981
0.19340719564454562
0.19303847164628238
0.20068804979030375
0.20052712193137434
0.20128823536927232
0.20154297954658226
0.20086162979034358
0.20185963667112
0.20214707085633157
0.20266872851426748
0.20319980174930316
0.20400759235920721
0.20280580085513411
0.20234313147287636
0.20205796857125702
0.20185864280969559
0.20189557683884374
0.20137871465598237
0.20244351235153218
0.20195048046505407
0.20619932392934093
0.20631697150840234
0.20657097826202989
0.20703479747548392
0.20750273758975896
0.2077335922446206
0.2068704580718764
0.20710501623979505
0.20735313928954316
0.20963104269576247
0.20950996497366475
0.21786377838387372
0.21806225730606352
0.21798558328796613
0.21952213577697352
0.22287408041864598
0.22423764569630247
0.22626323947517737
0.22806822691361747
0.22798215287157039
0.2263409819484771
0.22443373903840219
0.2229893125329386
0.21974586818549177
0.21832956261360786
0.21811365561769808
0.21751620944099712
0.20969337373671987
0.20729901314316898
0.20739571238663224
0.20699333087246993
0.20742197400245913
0.20782353523344432
0.20714388750756671
0.20702875581969221
0.20657236964638118
0.20640925516086639
0.20169512887309499
0.2023814212674625
0.20248211505287317
0.2006777217348881
0.20159311956558096
0.20178201821255903
0.20231111488393663
0.20298015287119783
0.20400844202430454
0.20289142357546877
0.20254509082258904
0.20264625267316638
0.20225389750276379
0.20204524347730407
0.20125949790803238
0.20152876598309102
0.20089439322210798
0.20070941761645938
0.19286295195874631
0.193042215060649
0.19348336014110465
0.19403035683038825
0.19431026538651222
0.19238697714365893
0.1922982053320848
0.19194988559441151
0.1941088520460357
0.19391585558996294
0.19447354926959629
0.1945355791960437
0.19392243885037549
0.19497117444829934
0.19536022686148793
0.19632643112097037
0.19707491399596438
0.19851387636721218
0.19718423138323066
0.19626546519791987
0.19618078541621053
0.19566406123096966
0.19556590766451667
0.19482844250794165
0.19515993084943872
0.19458266136257363
0.19445461225161778
0.19218289073690079
0.19231837852843628
0.1927273768470496
0.19325111702301931
0.19359380652588312
0.1927038238443248
0.19253194092590295
0.19213241403396925
0.19180829735250327
0.17926413345594963
0.17995195630478364
0.18013246943927538
0.17949104303445926
0.18039433142607586
0.18063326303216251
0.18125112878413505
0.18182713031963132
0.18277396856254094
0.18160608279204826
0.18115793563902871
0.18106776682048326
0.18064857261064129
0.18052459931518972
0.17975892984763475
0.18008771288466546
0.17952580327141207
0.18366155977037438
0.18374726888902274
0.18393563031492646
0.18432527735655119
0.18482595897961682
0.18511170180476938
0.1842179854121333
0.18414065060088922
0.18403458654943336
0.1862153173091998
0.18604350031617614
0.18673713910222073
0.18683728474730521
0.18651520607832886
0.18747736115357333
0.18771153416746247
0.18893707463535414
0.19092014079884237
0.19227604128230796
0.19110588405166762
0.18992276460561691
0.18851863081911976
0.18785586002117671
0.18769608728103548
0.18683007872982435
0.18688127313032987
0.18636854319230262
0.18622442491226227
0.1839118857866604
0.18403940694764404
0.18418605998475393
0.18477905462128055
0.18523636570877447
0.18444332797449409
0.18432841088525243
0.18393846320649779
0.18380354215423841
0.17923712964148764
0.17992229673821467
0.1801147399598835
0.17947446603106329
0.18037503146451542
0.18062259775898762
0.18123720762975201
0.18182743920056707
0.18278153967623614
0.18162681704845424
0.18117407579906575
0.18107646280029782
0.18063895352296916
0.18051603189415358
0.17976012021493368
0.1800954830226178
0.17953926559857911
0.19426715906922379
0.19431046306331551
0.19445837835239177
0.19525475688620852
0.19584919237370202
0.19617913245463744
0.19529330407532847
0.19518241645134998
0.19480497859212553
0.19693542040368822
0.196739399910799
0.19739759351780659
0.19758874393475112
0.19705147370645637
0.19799280291123456
0.19824327670316308
0.1991747348932634
0.19982170372258296
0.2012484618729056
0.19995324303782436
0.19894252403827814
0.1987877228795131
0.19822867550670076
0.19822866109614715
0.19743883594279232
0.19771731627533659
0.19718101725933324
0.19711142946485122
0.1948713810476988
0.19502495145293333
0.1954652109311818
0.19606357543517455
0.19640451342416751
0.1955115988695012
0.19542714498894079
0.19505839561443655
0.2026502068182636
0.20248979542462009
0.20321201936235256
0.20344774938261648
0.20271557320703526
0.20374564560910188
0.20402315505262508
0.20463277593440163
0.20517544186044714
0.20605805854822154
0.20478526854401305
0.20433393186226317
0.20411321511575753
0.20378977930852854
0.20372975424878684
0.20304572193297712
0.20381820650782481
0.20325145171086431
0.20744847554597587
0.20752655943954776
0.20774200186820393
0.20819933925154488
0.20866258601798443
0.2089006451591901
0.20799184566667656
0.20804657930450887
0.20808318997191541
0.21031012672676069
0.21014404529846828
0.2108407731755427
0.21094586821795347
0.21062987121272878
0.21165918134369377
0.21486548364584154
0.21633489603695483
0.21808975854335891
0.21970359522620178
0.21903562299822646
0.2176489063170568
0.21603010655239971
0.21504160341595804
0.21196174133291126
0.2110515144593629
0.2109098781719401
0.21039372499897771
0.21025160331880866
0.20787109047801283
0.20798041547483068
0.20780483947634415
0.20829377625289869
0.20871937818716188
0.20762112174262751
0.20756998588540429
0.20714099107166997
0.2069766046854897
0.20232239366884805
0.20300868606321548
0.20314481185011335
0.20185987029455205
0.2028338556472089
0.20302681665105612
0.20365347380806026
0.20430841410444467
0.20534659832949753
0.20422161612657699
0.20383316852826161
0.20406377294155087
0.20367141777114822
0.20355760562137204
0.2027746169789286
0.20306231847679942
0.20236718376950236
0.20221411248256616
0.19450126492247047
0.19464918021154673
0.19508771473587799
0.19568586685604725
0.19601852685398746
0.19512080113658412
0.19499290478326281
0.19459312729656267
0.19670928940357479
0.19648469337173807
0.19714288263474966
0.1972614936601241
0.19671325123107902
0.19765508584392477
0.19788016656178048
0.2001299399890068
0.20085979288278338
0.20229471586748515
0.20099740787629797
0.19998844175900096
0.19984025070420935
0.19928299453191536
0.19916138741455303
0.19834689719489079
0.19869061418873402
0.1981690785252275
0.19804003192129094
0.19580394439372412
0.19595882888986887
0.19640454531406829
0.19697300978374754
0.19731655067960988
0.1964398557012583
0.19629862480442631
0.19590943343259665
0.21262118007107175
0.21239195555804286
0.21334109533183862
0.21352430449552814
0.2128815728771451
0.21389639066109639
0.2141841709426642
0.21479828615166166
0.21537041237771259
0.216268546811377
0.21504475159145106
0.21459660443843148
0.21471160264617145
0.21429240843632949
0.2142421254955692
0.21347469915137701
0.21382445832998206
0.21329458984613103
0.21754306681499336
0.21762877593364174
0.21782282523264482
0.2183355276796746
0.21886293702260015
0.21915049361803804
0.21807223313588106
0.21799936700279463
0.2178869146128708
0.22003506835183723
0.2198113533532193
0.22050499213926386
0.22057082909350523
0.22016686880770847
0.22107896184270392
0.221200087241539
0.22229804971727721
0.22419389984814628
0.22565296138136937
0.22449088023404587
0.22331792751350965
0.22191142496721653
0.22122149633247767
0.221062212507705
0.22015985077086542
0.22018348244418814
0.2191323334704636
0.21900485433018058
0.21669064995282561
0.21681817111380924
0.21700761699661639
0.21761411870167824
0.21841006646744274
0.217781582231314
0.21771027549187591
0.2173203278131213
0.2171106816231633
0.21249463163329221
0.21317899221612763
0.21336924682796249
0.21270296468415201
0.21358413570025975
0.21377850890545236
0.21557246862997678
0.21710043698836992
0.21806597323945789
0.21690257123768911
0.21645978371271954
0.21648767191701337
0.21610098713460218
0.21598946904940505
0.21523279724045918
0.21553965771040584
0.21493816688327536
0.22741111182895929
0.22758724378665401
0.22774366934997359
0.22834063990615475
0.22893224367708337
0.22924127652905887
0.22839158867928766
0.22840777053918843
0.22805146994706368
0.37484667425031776
0.37455511930683971
0.37619007697049589
0.37634607704893747
0.37522209682020896
0.37713288314770893
0.37784257317520376
0.3792805192144541
0.38022509734382198
0.38230889774373378
0.38043689137804387
0.37927635358004402
0.37861523135011549
0.37721868997383318
0.37603090288388424
0.37397626742803458
0.37493347310404973
0.37455769789485793
0.37405782090229495
0.36836576190022974
0.36862596142155535
0.37010159718978902
0.37420673206729332
0.3748259166433901
0.3735629192051364
0.37315998411497603
0.37241269769470825
0.39214949920149611
0.3919685999769813
0.39372667013113494
0.39419542606397096
0.3931681514241317
0.4489626822935025
0.45012428137875793
0.45131066192774122
0.45247922628504894
0.45444645412896717
0.45208138910111695
0.45129465165300486
0.44972721095394985
0.44930964301915488
0.44913738585191731
0.44656216426626832
0.45043287188489001
0.44962943423865898
0.46477669886510758
0.46558750625185319
0.46626638813466653
0.48763320155708934
0.48928355039652205
0.48981192656665301
0.48808927989712175
0.48764870873434268
0.48907006939794756
0.49878841600991342
0.49871389817617728
0.50878647640270591
0.50904161803805226
0.51001891158660295
0.51465991251437637
0.51907984418067377
0.5230679673712616
0.52693888844821146
0.52992479964901484
0.52984868369686344
0.52710478037605935
0.52335201590741809
0.51936276749535981
0.51525138730876918
0.51044323732617836
0.50900658590099457
0.5080571505796535
0.49906061593606094
0.48900915470048217
0.48909647330567962
0.48726759208135773
0.48887323102512487
0.48995922477742793
0.48899773763839266
0.48784614613762906
0.46619995298561689
0.46538238303907981
0.44854777634269505
0.45060581904232549
0.4505981031705189
0.44532900364966727
0.4481948456980111
0.44889862016776633
0.45013779420412497
0.45178047006489813
0.45436764057413925
0.45228861772695172
0.45195613922233102
0.45166766379617362
0.45034947046502494
0.44941099836315107
0.39355517925560157
0.39408247793329704
0.39300575001851495
0.39232078564141271
0.37206506234446174
0.37240819287612636
0.37317348623759578
0.37434772432192842
0.37471059670594004
0.36972547759843188
0.36936890258995214
0.36869631800677166
0.3740425853501525
0.3737255920493559
0.37478409240365862
0.37471105932977766
0.37352912597365262
0.37581026952678925
0.37709047844197352
0.37877002377613922
0.38005635724703463
0.38230106504503442
0.38027960930459609
0.37943989164621716
0.37912287960247859
0.37797632950376464
0.37770104786331499
0.37585563492999113
0.37639284198297573
0.37526970847955965
0.37482512469799623
0.36926364045899424
0.22809547204517527
0.2284920303303776
0.22901348025473864
0.22934306716716432
0.22841701910362205
0.22820959296629045
0.22774692708609043
0.2272948570781331
0.21467534351842449
0.21536332558831359
0.21560282775621847
0.21496285070084123
0.21586613909245775
0.21601073190329639
0.21661680115323423
0.21714002247526615
0.21803462807751586
0.2146876818081101
0.2142858806903718
0.21422272404834503
0.21380352983850309
0.21371675720027358
0.21296218442594345
0.21337753444935889
0.21286813177374683
0.21702399488242297
0.21710970400107132
0.21729806542697505
0.21750663934539577
0.21770232013056887
0.21798522423759936
0.21706065613449657
0.21696704738395023
0.21682008699185637
0.21927446016554367
0.21908448182851809
0.22003984157531778
0.22014268324960001
0.21981676704631994
0.22084104856277259
0.22110831212692605
0.22233432957827867
0.22427105496856603
0.22558504095937262
0.22437464407096569
0.22319152462491493
0.22202802737229435
0.22136525657435108
0.22134330169087771
0.2204743190062993
0.22057125772099082
0.22010032848463942
0.22009369018604819
0.21778115106044635
0.21792845928638827
0.21820563453392963
0.21880138183130668
0.21925869291880054
0.2182725743809234
0.21816101074354252
0.21780537986043461
0.21763833311521258
0.21304852888588335
0.21373369598261036
0.2138911901869652
0.2131946387929245
0.21407840294147223
0.21429961632196254
0.21479510916520386
0.21530722304887523
0.216328094586305
0.21517337195852307
0.2147304101330976
0.2146327971343297
0.21409640717401981
0.21397111663480517
0.21318403474986689
0.21349736917695969
0.21240575783598573
0.21227838076685349
0.19577255638114655
0.19592047167022283
0.19636393438794941
0.19695836987544291
0.19734145401800049
0.19645562563869151
0.19632961848926769
0.19595218063004324
0.19807350953033953
0.19782616690194568
0.19848436050895329
0.19860857308412699
0.19805536163686646
0.19899567901008794
0.19922353704115431
0.20015499523125463
0.20079405816161447
0.2022208163119372
0.19963467559395892
0.1986239565944127
0.19853178521305473
0.19797394182010988
0.19783473169326482
0.19704490653991008
0.19732338687245432
0.19676316062072613
0.196690968581819
0.19445092016466656
0.19460449056990112
0.19506231851748354
0.19567306373485538
0.19601854748136086
0.19513478280744184
0.19506556025605989
0.19469681088155566
0.20229334202919502
0.20213293063555154
0.20285515457328404
0.20308319827854887
0.20210346538629576
0.2030409554598884
0.20333416747282251
0.20392689018658028
0.2044663812749557
0.20534899796273012
0.20412840057113441
0.20367706388938456
0.20345634714287891
0.20310479855315272
0.20304477349341099
0.20233986057390987
0.20312552048942215
0.20260137655430238
0.20679840038941394
0.20688112368436343
0.20709656611301958
0.20790758047035393
0.20841626679604566
0.20865889275643279
0.20776518737059183
0.20783610997557911
0.20793528619927609
0.210154071791054
0.20997311447915026
0.21066984235622466
0.21084173693578454
0.21070110018887633
0.21171975673967336
0.21492605904182108
0.21640287506371855
0.21811246700769918
0.21965765163803858
0.21898837606366056
0.2176016593824909
0.21596912079957092
0.21497852235277598
0.2120478871905418
0.21115442114052707
0.21101278485310429
0.21048362562483813
0.21044480478719729
0.20808559664775386
0.20819492164457171
0.20801532654694022
0.20853554072024558
0.20896114265450882
0.20823106605217059
0.2081798516963545
0.20775085688262018
0.20761407785827007
0.20295986684162842
0.20364615923599588
0.20380902429986436
0.202562877483323
0.20357644128606156
0.20376940228990875
0.20438152646355492
0.20503646675993936
0.20607012653049689
0.20487200643510106
0.20448355883678565
0.20449165776830722
0.20410383428960838
0.20395220357423169
0.20317265872494961
0.20346036022282049
0.20282279233273431
0.20266972104579814
0.19492600220761683
0.19507391749669312
0.19551354190466169
0.19606881188498665
0.19639768347411254
0.19550637602658927
0.19537847967326799
0.19498286678783269
0.19709902889484482
0.19690577750776281
0.1975639667707744
0.19767465280250954
0.19695105011514802
0.19790727603019803
0.1981641661881047
0.19910441294892525
0.19983426584270189
0.20132070598087543
0.20002339798968821
0.19901443187239115
0.19886600527644299
0.198308749104149
0.1981658384394866
0.19730038792101787
0.19757955104257502
0.19705481414879944
0.196924000396627
0.194667006539291
0.19482189103543576
0.19526760745963515
0.19584833817371031
0.19619032224040506
0.19493634517487499
0.19485733740003544
0.19448607855669159
0.19440023286704455
0.17925997645846029
0.17994779930729426
0.18012831244178604
0.17948810243255933
0.18039139082417591
0.18062963710283328
0.18124784653266626
0.18182400513637495
0.18276852184546905
0.18159793915885847
0.18114979200583892
0.18105857273538367
0.18063937852554174
0.18051644012242438
0.17975091775231442
0.18008090220193718
0.17951656887578996
0.18365504048515011
0.18374074960379852
0.18392911102970225
0.18431876394159186
0.1848336686401835
0.18512122523562138
0.18422432025484825
0.18414692460201618
0.18404086055056029
0.18622054632728882
0.18604866433799028
0.18674230312403489
0.18684244876911937
0.18651708407456577
0.18747547562121614
0.18770359204930617
0.18892296048341325
0.19090785284649539
0.19226689663403207
0.19110481548670852
0.18992169604065781
0.18851519349436446
0.18785242269642141
0.18769265836497057
0.18682611925293971
0.18687670713133353
0.186366459914133
0.18622182791278491
0.18390762353542997
0.18403514469641358
0.18419664143485925
0.18478963607138582
0.18524604497864619
0.18445290668600928
0.18433840112459163
0.18394845344583696
0.18381150398133284
0.17924361016902554
0.17992877726575257
0.18011944468889404
0.17948001518743975
0.18037905637419088
0.18062821214885647
0.18124062846489741
0.18183027015119685
0.18278437062686598
0.18162975724482436
0.18117701599543584
0.18107695790643047
0.18064250325852763
0.18052094014501402
0.17976426833606818
0.18010108215387499
0.17954407530063352
0.19179773773396794
0.19197386969166227
0.19213029525498226
0.19263518135798219
0.19323129657859109
0.19354899960405769
0.19268492988280589
0.19260346260023167
0.19224249172201785
0.19441415074714319
0.19422437297293396
0.19494961438860636
0.19507353762654042
0.19448328829456232
0.1953957526154452
0.19561307216339965
0.19649979137818102
0.19714546407995895
0.19849595017026542
0.19720064015324373
0.19618992115369752
0.19602881390910976
0.1954348097159008
0.19506865971150222
0.1942569882313013
0.19463359920159598
0.19422444651709572
0.19409247057416365
0.19179757290295923
0.19195091419791865
0.19253527329751763
0.19399191829824169
0.19435087356013361
0.19351055916049981
0.19340719564454562
0.19303847164628238
0.20068804979030375
0.20052712193137431
0.20128823536927232
0.20154297954658221
0.20086162979034353
0.20185963667112
0.20214707085633157
0.20266872851426745
0.20319980174930316
0.20400759235920721
0.20280580085513414
0.20234313147287636
0.20205796857125702
0.20185864280969562
0.20189557683884371
0.20137871465598234
0.20244351235153224
0.20195048046505404
0.20619932392934093
0.20631697150840231
0.2065709782620298
0.20703479747548392
0.20750273758975896
0.2077335922446206
0.20687045807187643
0.20710501623979502
0.20735313928954316
0.20963104269576247
0.20950996497366475
0.21786377838387372
0.21806225730606352
0.21798558328796613
0.21952213577697349
0.22287408041864598
0.22423764569630253
0.22626323947517743
0.22806822691361747
0.22798215287157045
0.2263409819484771
0.22443373903840225
0.2229893125329386
0.21974586818549177
0.21832956261360786
0.21811365561769805
0.21751620944099712
0.20969337373671984
0.20729901314316898
0.20739571238663224
0.20699333087246993
0.20742197400245913
0.20782353523344435
0.20714388750756671
0.20702875581969221
0.20657236964638118
0.20640925516086639
0.20169512887309499
0.20238142126746247
0.2024821150528732
0.20067772173488807
0.20159311956558096
0.20178201821255903
0.20231111488393663
0.20298015287119778
0.20400844202430454
0.20289142357546877
0.20254509082258909
0.20264625267316641
0.20225389750276374
0.20204524347730407
0.20125949790803238
0.201528765983091
0.200894393222108
0.20070941761645938
0.19286295195874631
0.19304221506064903
0.19348336014110468
0.19403035683038825
0.19431026538651228
0.19238697714365888
0.1922982053320848
0.19194988559441151
0.19410885204603573
0.19391585558996291
0.19447354926959631
0.19453557919604372
0.19392243885037549
0.19497117444829937
0.19536022686148793
0.1963264311209704
0.19707491399596436
0.19851387636721216
0.19718423138323066
0.19626546519791987
0.19618078541621053
0.19566406123096972
0.19556590766451667
0.19482844250794168
0.19515993084943872
0.19458266136257363
0.19445461225161775
0.19218289073690079
0.19231837852843625
0.19272737684704958
0.19325111702301931
0.19359380652588309
0.19270382384432477
0.19253194092590292
0.19213241403396925
0.19180829735250329
0.17926413345594963
0.17995195630478361
0.18013246943927541
0.17949104303445926
0.18039433142607583
0.18063326303216248
0.18125112878413505
0.18182713031963132
0.18277396856254094
0.18160608279204826
0.18115793563902871
0.18106776682048323
0.18064857261064132
0.18052459931518972
0.17975892984763472
0.18008771288466544
0.17952580327141213
0.18366155977037432
0.18374726888902274
0.18393563031492646
0.18432527735655121
0.18482595897961682
0.18511170180476938
0.1842179854121333
0.18414065060088924
0.18403458654943333
0.1862153173091998
0.18604350031617614
0.18673713910222073
0.18683728474730527
0.18651520607832883
0.1874773611535733
0.18771153416746247
0.18893707463535414
0.19092014079884237
0.19227604128230802
0.19110588405166756
0.18992276460561691
0.18851863081911976
0.18785586002117671
0.18769608728103551
0.18683007872982435
0.18688127313032984
0.18636854319230264
0.18622442491226224
0.18391188578666043
0.18403940694764404
0.18418605998475399
0.18477905462128055
0.18523636570877447
0.18444332797449414
0.18432841088525243
0.18393846320649779
0.18380354215423839
0.17923712964148761
0.17992229673821464
0.18011473995988345
0.17947446603106329
0.18037503146451542
0.18062259775898765
0.18123720762975204
0.18182743920056704
0.18278153967623614
0.18162681704845424
0.18117407579906569
0.18107646280029782
0.18063895352296916
0.18051603189415358
0.17976012021493371
0.1800954830226178
0.17953926559857911
0.17942173811272633
0.17944433460681605
0.17959224989589237
0.180035497450031
0.1806299329375245
0.18095622973576031
0.18007040135645133
0.17994243562670478
0.17956499776748033
0.18168632666777662
0.18149030617488737
0.18214849978189501
0.18227271235706871
0.18173544212877399
0.18267575950199547
0.18292623329392396
0.18385769148402428
0.18456733906392458
0.18599409721424731
0.18469692969121376
0.18368621069166757
0.18353140953290248
0.18297356613995763
0.18282925395378072
0.18203942880042592
0.18231790913297019
0.18179450351623805
0.18166252757330595
0.17942247915615347
0.17957604956138803
0.1800188819775855
0.1806296271949574
0.18097056518395033
0.18008680051003131
0.17994662263751249
0.17957787326300831
0.18714826528508788
0.1869878538914444
0.18771007782917684
0.1879381215344417
0.18720594535886051
0.18814057212551635
0.18841808156903952
0.18901080428279732
0.18955347020884283
0.19043608689661726
0.18923628401619794
0.18878494733444812
0.18856423058794244
0.18823467380808409
0.18817464874834236
0.18750419255022377
0.18827667712507146
0.18775253318995166
0.19194955702506322
0.19205682267677207
0.19227226510542822
0.19272960248876916
0.1932382888144609
0.19347727149214836
0.19258356610630745
0.19263829974413976
0.19273747596783677
0.194964412722682
0.19480553798811073
0.19550226586518518
0.19560736090759592
0.19546672416068767
0.19648473613924058
0.1996910384413883
0.20116785446328583
0.20293408761356252
0.20447927224390189
0.20381130001592654
0.20242458333475691
0.2007920447518369
0.19980354161539521
0.19672367953234846
0.19583021348233381
0.19568857719491098
0.1951717746885997
0.19502965300843061
0.19267044486898721
0.19277976986580503
0.19260419386731856
0.19312955794802311
0.19355515988228633
0.19283061439293994
0.19271738148943501
0.1922883866757007
0.19212418203800363
0.18746997102136195
0.18815626341572941
0.18829238920262731
0.18704624238608591
0.18796350411518445
0.18815646511903164
0.18876486948071786
0.18941980977710227
0.19045346954765974
0.18932848734473923
0.18894003974642382
0.18894813867794538
0.18855578350754273
0.18840415279216607
0.18762116414972263
0.18790886564759349
0.18731196975847736
0.18715889847154119
0.17943391625856989
0.17958183154764615
0.18002145595561472
0.18062016592890098
0.18095282592684117
0.18007012960261617
0.17994223324929493
0.17956660464184254
0.1816827667488547
0.18149352848726089
0.18215171775027247
0.18226240378200759
0.18171416135296245
0.18265599596580831
0.18291288612371495
0.18386284109454748
0.18459269398832406
0.18601216322245975
0.18471485523127257
0.18370588911397556
0.18354424708023942
0.18298699090794546
0.182844080243283
0.18202959002362076
0.18230875314517786
0.18178721748167129
0.18165640372949884
0.17942031620193202
0.17957520069807681
0.18002091712227616
0.18063141591823142
0.18097339998492612
0.18009670500657457
0.17995547410974261
0.17958421526639878
0.1961380304219135
0.1959088059088846
0.19685794568268039
0.19704115484636989
0.19640960513760394
0.19735449035302022
0.19764227063458809
0.19826248239720798
0.19883864100091669
0.19973677543458104
0.19855513355779461
0.19810698640477506
0.19816039630791529
0.19774120209807333
0.19767422440526983
0.19690679806107764
0.19725024604226479
0.19672037755841379
0.20089079097601883
0.20097650009466719
0.20117054939367027
0.20165908641170469
0.20218649575463027
0.20247405235006813
0.20149997283015519
0.20142710669706881
0.20130514133211677
0.20345329507108315
0.20324099113786961
0.2039346299239142
0.2040004668781556
0.20363395760472783
0.20454605063972328
0.20474154408471182
0.20583950656044975
0.20777036693145332
0.20918065421737378
0.20801857307005026
0.20684562034951412
0.20543911780322077
0.20476507778582759
0.20460579396105488
0.20370911163060654
0.20373274330392926
0.2028613721706885
0.20272078174327995
0.20040657736592496
0.20053409852690859
0.20071967476780364
0.20132617647286549
0.20186943725762568
0.20124095302149689
0.20116374657211103
0.20077379889335636
0.20056415270339834
0.19598681284713981
0.19667117342997523
0.19686142804181006
0.1961974701072714
0.19707864112337914
0.19729270225268694
0.19837538612460942
0.19990335448300253
0.2008688907340905
0.19971349686204909
0.19927070933707949
0.19922464634666329
0.19883796156425221
0.19872345900392274
0.1979667871949769
0.19827364766492353
0.19770106116331834
0.21010196423046301
0.21027809618815735
0.21043452175147734
0.21100621369223951
0.21159781746316786
0.21192380950964906
0.21107412165987779
0.21101904554565246
0.21066274495352788
0.21292170241564806
0.21273192464143881
0.21347504847456775
0.21359897171250186
0.21289461043625643
0.21381411435866021
0.21401944435553966
0.21487844982116794
0.21543724261115768
0.21679791406676874
0.21550231668128247
0.21449159768173628
0.21431223658279386
0.21370729774084987
0.21321781448696625
0.21235884343541162
0.21300530726247235
0.21260052036333352
0.21246854442040142
0.2101373001207342
0.21029064141569356
0.21112976154121779
0.21309818160902205
0.21347255545216454
0.21268103892061793
0.21259038103042607
0.21222165703216286
0.21991968026454087
0.21975875240561143
0.22053857201891947
0.22080274452226978
0.22017412566688455
0.22118460488698799
0.22147203907219956
0.22191989301414608
0.22243700975140729
0.22322569317011001
0.22202618866484175
0.22156351928258403
0.22130219933699741
0.22119972526781739
0.22136507546003267
0.22109911839644311
0.22216872453440351
0.22170061512863512
0.22598623856733435
0.22610388614639604
0.22640035245479345
0.24696973600975633
0.24774980947352865
0.2480655582010724
0.24712570043154591
0.24722578121707608
0.24732235975469158
0.25127375028598586
0.25112263101475113
0.25980054431062377
0.26011476759678986
0.26016306923283544
0.2625077475867244
0.26605924324553837
0.26804453933294908
0.27041912080236141
0.27258480077669023
0.27249918995063793
0.27050691366775043
0.26824102591227528
0.26619192683059462
0.26279991932183561
0.26051335001580489
0.26017631930114044
0.25947595312801364
0.25130514818914995
0.24725631411199003
0.24737037412985532
0.24697138878238739
0.24767506488853222
0.24816247823961313
0.24740234871356664
0.24699202343000187
0.22636766192829963
0.22620175969670728
0.22144710110392185
0.22213339349828964
0.22221133817855665
0.2200285912672586
0.22094323845997188
0.22112214704515398
0.22155607954907139
0.22219319749182376
0.22323000524869765
0.22211298679986211
0.22183056307799182
0.22197032536682607
0.22157797019642322
0.22131351501946533
0.22053762729977322
0.22081523794992666
0.22015486268563733
0.219938019258717
0.2120434744541288
0.21222807182943165
0.21266921690988735
0.21317074012938775
0.21343751355825558
0.21069161949239576
0.21064174176641931
0.21033464869566668
0.21248820648461061
0.21229490848877777
0.21285260216841115
0.21273377188222015
0.21203456311822053
0.21322558325981558
0.21361463567300415
0.21462360966895949
0.21537209254395345
0.21678873880920949
0.21543851842060485
0.21458748102090444
0.21455302096521511
0.21405402387704689
0.21406745168273447
0.21334931321471357
0.21368080155621061
0.21298872122285548
0.21288385335789115
0.21061896847069414
0.21075445626222966
0.21114525163945191
0.21165542781368454
0.21198501472611028
0.21107530089220836
0.21086787475487687
0.21044827349801717
0.20999620349005957
0.1974122181133291
0.19810020018321819
0.19833249387355531
0.19769251681817798
0.19859580520979458
0.19878063441054986
0.19938670366048766
0.19992767515448745
0.20082228075673714
0.19821867513876559
0.19781687402102727
0.19773667627384064
0.19731748206399874
0.19722316944905893
0.19646859667472877
0.19682823498608928
0.1963188323104772
0.20047768735298513
0.20056339647163346
0.20075175789753727
0.20096033181595793
0.20140041829388561
0.2016833224009161
0.20076028295740353
0.20066667420685727
0.20053057836005708
0.20283608165323475
0.20264610331620916
0.20360146306300889
0.20370430473729112
0.20338989942491492
0.20436559439084445
0.20463285795499792
0.20585887540635026
0.20784373134560907
0.20915771733641558
0.20797512504885068
0.20679200560280003
0.20553698296421924
0.20487421216627616
0.20481656487451655
0.20394758218993811
0.20402056536804505
0.20354963613169366
0.20344683225008114
0.20113429312447931
0.2012816013504212
0.20153265945126791
0.20212840674864485
0.20258571783613877
0.20171232588028543
0.20160076224290455
0.2012138053517
0.20104675860647797
0.19645409201702183
0.19713925911374885
0.19729675331810376
0.19662480049351033
0.19750856464205802
0.19774240309265356
0.19823789593589491
0.19877688903534452
0.19978858756029066
0.19863386493250876
0.19819090310708326
0.19809329010831536
0.19760493152491027
0.19747964098569565
0.19669422224105051
0.19700755666814332
0.19608885522783373
0.19596147815870146
0.17944433460681608
0.17959224989589237
0.180035497450031
0.1806299329375245
0.18095622973576031
0.18007040135645133
0.17994243562670478
0.17956499776748033
0.18168632666777662
0.18149030617488737
0.18214849978189504
0.18227271235706868
0.18173544212877399
0.18267575950199549
0.18292623329392396
0.18385769148402428
0.18456733906392458
0.18599409721424728
0.18469692969121379
0.18368621069166752
0.18353140953290248
0.18297356613995763
0.18282925395378072
0.1820394288004259
0.18231790913297016
0.18179450351623805
0.18166252757330595
0.17942247915615347
0.17957604956138803
0.1800188819775855
0.1806296271949574
0.18097056518395033
0.18008680051003131
0.17994662263751254
0.17957787326300831
0.18714826528508788
0.1869878538914444
0.1877100778291769
0.1879381215344417
0.18720594535886051
0.18814057212551635
0.18841808156903955
0.18901080428279732
0.18955347020884283
0.19043608689661723
0.18923628401619794
0.18878494733444812
0.18856423058794242
0.18823467380808409
0.18817464874834233
0.18750419255022371
0.18827667712507146
0.18775253318995164
0.19194955702506325
0.19205682267677207
0.19227226510542825
0.19272960248876922
0.1932382888144609
0.19347727149214836
0.19258356610630747
0.19263829974413976
0.19273747596783675
0.194964412722682
0.19480553798811076
0.19550226586518518
0.19560736090759592
0.19546672416068767
0.19648473613924056
0.1996910384413883
0.20116785446328581
0.20293408761356252
0.20447927224390189
0.20381130001592651
0.20242458333475688
0.2007920447518369
0.19980354161539521
0.19672367953234846
0.19583021348233379
0.19568857719491101
0.19517177468859967
0.19502965300843064
0.19267044486898718
0.19277976986580503
0.1926041938673185
0.19312955794802311
0.19355515988228633
0.19283061439293994
0.19271738148943504
0.19228838667570067
0.19212418203800363
0.18746997102136195
0.18815626341572944
0.18829238920262731
0.18704624238608591
0.18796350411518448
0.18815646511903164
0.18876486948071786
0.18941980977710221
0.19045346954765979
0.1893284873447392
0.18894003974642384
0.18894813867794538
0.18855578350754276
0.18840415279216607
0.18762116414972266
0.18790886564759346
0.18731196975847736
0.18715889847154119
0.17943391625856989
0.17958183154764615
0.18002145595561472
0.18062016592890098
0.18095282592684117
0.1800701296026162
0.17994223324929493
0.17956660464184254
0.1816827667488547
0.18149352848726089
0.18215171775027247
0.18226240378200759
0.18171416135296248
0.18265599596580831
0.18291288612371495
0.18386284109454748
0.18459269398832406
0.18601216322245975
0.1847148552312726
0.18370588911397556
0.18354424708023942
0.18298699090794543
0.182844080243283
0.18202959002362076
0.18230875314517786
0.18178721748167129
0.18165640372949884
0.17942031620193202
0.17957520069807681
0.18002091712227619
0.18063141591823137
0.18097339998492612
0.18009670500657457
0.17995547410974264
0.17958421526639878
0.17950452452149063
0.17925997645846026
0.17994779930729429
0.18012831244178604
0.1794881024325593
0.18039139082417591
0.18062963710283328
0.18124784653266626
0.18182400513637495
0.18276852184546907
0.18159793915885847
0.18114979200583892
0.18105857273538364
0.18063937852554171
0.18051644012242438
0.17975091775231444
0.1800809022019372
0.17951656887578996
0.18365504048515011
0.18374074960379852
0.18392911102970225
0.18431876394159188
0.1848336686401835
0.18512122523562138
0.18422432025484825
0.18414692460201618
0.18404086055056032
0.18622054632728885
0.18604866433799033
0.18674230312403489
0.18684244876911943
0.1865170840745658
0.18747547562121616
0.18770359204930614
0.18892296048341328
0.19090785284649545
0.19226689663403204
0.19110481548670852
0.18992169604065781
0.18851519349436446
0.18785242269642141
0.18769265836497054
0.18682611925293974
0.18687670713133353
0.18636645991413298
0.18622182791278494
0.18390762353542997
0.18403514469641361
0.18419664143485925
0.18478963607138582
0.18524604497864622
0.18445290668600925
0.1843384011245916
0.18394845344583696
0.18381150398133281
0.17924361016902554
0.17992877726575257
0.18011944468889404
0.17948001518743975
0.18037905637419088
0.18062821214885644
0.18124062846489741
0.18183027015119682
0.18278437062686598
0.18162975724482436
0.18117701599543584
0.18107695790643047
0.1806425032585276
0.18052094014501402
0.17976426833606815
0.18010108215387502
0.17954407530063349
0.19179773773396794
0.1919738696916623
0.19213029525498226
0.19263518135798213
0.19323129657859109
0.19354899960405766
0.19268492988280589
0.19260346260023165
0.19224249172201788
0.19441415074714316
0.19422437297293402
0.19494961438860636
0.19507353762654045
0.1944832882945623
0.1953957526154452
0.19561307216339968
0.19649979137818102
0.19714546407995892
0.19849595017026539
0.19720064015324368
0.19618992115369746
0.19602881390910976
0.1954348097159008
0.19506865971150228
0.1942569882313013
0.19463359920159598
0.19422444651709572
0.19409247057416365
0.19179757290295923
0.19195091419791863
0.19253527329751763
0.19399191829824169
0.19435087356013361
0.19351055916049981
0.19340719564454562
0.19303847164628238
0.20068804979030375
0.20052712193137434
0.20128823536927232
0.20154297954658226
0.20086162979034364
0.20185963667112003
0.20214707085633157
0.20266872851426748
0.20319980174930316
0.20400759235920721
0.20280580085513411
0.20234313147287636
0.20205796857125702
0.20185864280969559
0.20189557683884374
0.20137871465598237
0.20244351235153224
0.20195048046505404
0.20619932392934093
0.20631697150840231
0.20657097826202989
0.20703479747548389
0.2075027375897589
0.2077335922446206
0.20687045807187643
0.20710501623979505
0.20735313928954316
0.20963104269576247
0.20950996497366478
0.21786377838387366
0.21806225730606352
0.21798558328796613
0.21952213577697352
0.22287408041864598
0.22423764569630247
0.22626323947517737
0.22806822691361747
0.22798215287157045
0.2263409819484771
0.22443373903840225
0.2229893125329386
0.21974586818549177
0.21832956261360792
0.21811365561769808
0.21751620944099706
0.20969337373671984
0.20729901314316898
0.20739571238663224
0.20699333087246991
0.20742197400245913
0.20782353523344427
0.20714388750756665
0.20702875581969221
0.20657236964638118
0.20640925516086642
0.20169512887309499
0.20238142126746247
0.20248211505287317
0.20067772173488815
0.20159311956558096
0.20178201821255903
0.20231111488393663
0.20298015287119783
0.20400844202430454
0.20289142357546877
0.20254509082258909
0.20264625267316638
0.20225389750276379
0.20204524347730407
0.20125949790803238
0.201528765983091
0.20089439322210798
0.20070941761645938
0.19286295195874628
0.19304221506064903
0.19348336014110465
0.19403035683038825
0.19431026538651222
0.19238697714365888
0.1922982053320848
0.19194988559441151
0.19410885204603573
0.19391585558996294
0.19447354926959634
0.1945355791960437
0.19392243885037549
0.19497117444829937
0.19536022686148796
0.1963264311209704
0.19707491399596436
0.19851387636721216
0.19718423138323063
0.19626546519791987
0.19618078541621053
0.19566406123096972
0.19556590766451665
0.19482844250794168
0.19515993084943872
0.19458266136257363
0.19445461225161778
0.19218289073690081
0.19231837852843628
0.1927273768470496
0.19325111702301931
0.19359380652588312
0.19270382384432477
0.19253194092590292
0.19213241403396925
0.19180829735250327
0.1792641334559496
0.17995195630478364
0.18013246943927538
0.17949104303445926
0.18039433142607586
0.18063326303216251
0.18125112878413502
0.18182713031963132
0.18277396856254094
0.18160608279204826
0.18115793563902877
0.18106776682048323
0.18064857261064129
0.18052459931518972
0.17975892984763472
0.18008771288466546
0.17952580327141213
0.18366155977037438
0.18374726888902274
0.18393563031492646
0.18432527735655119
0.18482595897961679
0.18511170180476938
0.1842179854121333
0.18414065060088919
0.18403458654943336
0.1862153173091998
0.18604350031617614
0.18673713910222073
0.18683728474730521
0.18651520607832886
0.18747736115357327
0.18771153416746245
0.18893707463535414
0.19092014079884237
0.19227604128230802
0.19110588405166762
0.18992276460561691
0.18851863081911976
0.18785586002117671
0.18769608728103548
0.18683007872982435
0.18688127313032984
0.18636854319230262
0.18622442491226227
0.18391188578666043
0.18403940694764404
0.18418605998475399
0.18477905462128055
0.1852363657087745
0.18444332797449414
0.18432841088525245
0.18393846320649779
0.18380354215423839
0.17923712964148764
0.17992229673821464
0.18011473995988347
0.17947446603106329
0.18037503146451542
0.18062259775898765
0.18123720762975201
0.18182743920056704
0.18278153967623612
0.18162681704845424
0.18117407579906569
0.18107646280029782
0.18063895352296916
0.18051603189415358
0.17976012021493368
0.1800954830226178
0.17953926559857911
0.19426715906922379
0.19431046306331548
0.19445837835239177
0.19525475688620852
0.19584919237370202
0.1961791324546375
0.19529330407532847
0.19518241645134998
0.19480497859212553
0.19693542040368822
0.19673939991079897
0.19739759351780659
0.19758874393475112
0.1970514737064564
0.19799280291123456
0.19824327670316308
0.1991747348932634
0.1998217037225829
0.2012484618729056
0.19995324303782439
0.19894252403827817
0.19878772287951313
0.19822867550670073
0.19822866109614712
0.19743883594279232
0.19771731627533659
0.19718101725933326
0.19711142946485125
0.19487138104769877
0.19502495145293333
0.1954652109311818
0.19606357543517455
0.19640451342416751
0.1955115988695012
0.19542714498894079
0.19505839561443655
0.20265020681826357
0.20248979542462009
0.20321201936235256
0.20344774938261651
0.20271557320703526
0.20374564560910194
0.20402315505262503
0.2046327759344016
0.20517544186044714
0.20605805854822154
0.20478526854401305
0.20433393186226323
0.20411321511575753
0.20378977930852854
0.20372975424878681
0.20304572193297712
0.20381820650782478
0.20325145171086434
0.20744847554597587
0.20752655943954776
0.20774200186820396
0.20819933925154491
0.20866258601798443
0.2089006451591901
0.20799184566667658
0.20804657930450887
0.20808318997191544
0.21031012672676069
0.21014404529846828
0.2108407731755427
0.21094586821795344
0.21062987121272878
0.21165918134369374
0.21486548364584157
0.21633489603695485
0.21808975854335891
0.21970359522620178
0.21903562299822643
0.2176489063170568
0.21603010655239974
0.21504160341595802
0.21196174133291126
0.21105151445936293
0.21090987817194012
0.21039372499897771
0.21025160331880866
0.20787109047801283
0.20798041547483068
0.20780483947634415
0.20829377625289866
0.20871937818716188
0.20762112174262745
0.20756998588540429
0.20714099107167
0.20697660468548967
0.20232239366884802
0.20300868606321548
0.20314481185011335
0.20185987029455205
0.2028338556472089
0.20302681665105612
0.20365347380806026
0.20430841410444467
0.20534659832949753
0.20422161612657699
0.20383316852826161
0.20406377294155087
0.20367141777114825
0.20355760562137204
0.2027746169789286
0.20306231847679942
0.20236718376950236
0.20221411248256616
0.19450126492247047
0.19464918021154679
0.19508771473587799
0.19568586685604725
0.19601852685398741
0.19512080113658412
0.19499290478326281
0.19459312729656267
0.19670928940357479
0.19648469337173807
0.19714288263474966
0.19726149366012413
0.19671325123107902
0.19765508584392483
0.19788016656178048
0.2001299399890068
0.20085979288278338
0.20229471586748515
0.20099740787629794
0.19998844175900091
0.19984025070420933
0.19928299453191536
0.19916138741455305
0.19834689719489082
0.19869061418873402
0.1981690785252275
0.19804003192129094
0.19580394439372414
0.1959588288898689
0.19640454531406823
0.19697300978374754
0.19731655067960988
0.19643985570125827
0.19629862480442634
0.19590943343259665
0.21262118007107175
0.21239195555804286
0.21334109533183862
0.21352430449552812
0.21288157287714507
0.21389639066109642
0.21418417094266418
0.21479828615166166
0.21537041237771259
0.216268546811377
0.21504475159145106
0.21459660443843148
0.2147116026461714
0.21429240843632949
0.2142421254955692
0.21347469915137701
0.21382445832998204
0.21329458984613103
0.21754306681499336
0.21762877593364172
0.21782282523264482
0.2183355276796746
0.21886293702260015
0.21915049361803804
0.21807223313588103
0.21799936700279468
0.2178869146128708
0.22003506835183723
0.2198113533532193
0.22050499213926386
0.22057082909350523
0.2201668688077085
0.2210789618427039
0.221200087241539
0.22229804971727721
0.22419389984814628
0.22565296138136937
0.22449088023404581
0.22331792751350965
0.22191142496721653
0.22122149633247767
0.221062212507705
0.22015985077086545
0.22018348244418814
0.21913233347046354
0.21900485433018058
0.21669064995282561
0.21681817111380924
0.21700761699661636
0.21761411870167824
0.21841006646744274
0.217781582231314
0.21771027549187597
0.21732032781312133
0.21711068162316324
0.21249463163329219
0.2131789922161276
0.21336924682796249
0.21270296468415201
0.21358413570025972
0.21377850890545236
0.21557246862997678
0.21710043698836992
0.21806597323945789
0.21690257123768911
0.21645978371271954
0.21648767191701337
0.21610098713460224
0.21598946904940505
0.21523279724045921
0.21553965771040584
0.21493816688327538
0.22741111182895929
0.22758724378665399
0.22774366934997353
0.22834063990615475
0.22893224367708337
0.22924127652905887
0.22839158867928766
0.22840777053918837
0.22805146994706368
0.23032699594647368
0.23013721817226424
0.23088034200539342
0.23100426524332723
0.23020016921574446
0.23111967313814843
0.23133462488116638
0.23219363034679502
0.23272645239838682
0.23408727406374555
0.23280799542201217
0.23179727642246581
0.2316179153235236
0.23098837991010948
0.23049889665622611
0.22968665483852144
0.23041727009711224
0.23001248319797368
0.22988050725504128
0.22752847161012749
0.22768181290508652
0.22888078534784642
0.23084920541565104
0.23123007715394295
0.2304385606223964
0.23037867893483377
0.23000995493657037
0.23771343726840985
0.23755250940948025
0.23833232902278856
0.23865387930285509
0.23802526044746986
0.2927030844993877
0.29326770098087995
0.29416562579761457
0.29497500670091537
0.29618657775645069
0.29476873902818351
0.29407272117179073
0.29332020342705595
0.29290998874555446
0.29307621705507514
0.29178458108402106
0.29353493220798421
0.29292855291545139
0.30151292162408944
0.30192919465035678
0.30233947385459525
0.3232834851301909
0.32437145230083708
0.32489441344324005
0.32371107961895651
0.32352098845319066
0.32386650642667941
0.33029890941339701
0.33016942571724089
0.33940423879790921
0.33968749883249572
0.34006737655909114
0.34346807560167625
0.34728229717175296
0.35011697654375817
0.35307316558267682
0.35567495984891911
0.35559548909917577
0.35316989631575774
0.35028995635089316
0.34746991760519358
0.34387786997321573
0.34044662739786941
0.33972018810390375
0.33895260787102938
0.33041142872266394
0.32381222415872424
0.32391875026884354
0.32320051947817297
0.32421000888814183
0.32502932737120782
0.32417075168123072
0.32337522497905058
0.30228655586260794
0.30187068396012617
0.29233241448785702
0.29353799768710676
0.2936197426889624
0.29052403690493228
0.2923622399864711
0.29267365082026647
0.29357248846161776
0.29460597628861929
0.29615889979357551
0.29488317306898959
0.2944299569385278
0.29424950098533259
0.2934361931196412
0.29297989663258084
0.2383573709064333
0.23863498155658669
0.2379708390678682
0.2377539956409476
0.22982872542242921
0.23001332279773176
0.23045446787818738
0.23092524906371048
0.23119202249257825
0.22805475934052621
0.22806728064510487
0.22776018757435215
0.22991374536329634
0.22970694728395527
0.2302646409635889
0.23014581067739764
0.2292573892924758
0.2305090218286954
0.23089807424188383
0.23192256807131545
0.23267105094630905
0.23406772533366707
0.2327175049450626
0.23186646754536203
0.23191837104509092
0.23141937395692244
0.23147088101682781
0.23075274254880662
0.23108423089030372
0.23029729321345754
0.23021187573050028
0.22795998425364022
0.22809547204517533
0.22849203033037754
0.22901348025473864
0.22934306716716438
0.22841701910362211
0.22820959296629045
0.22774692708609043
0.2272948570781331
0.21467534351842454
0.21536332558831361
0.21560282775621845
0.21496285070084117
0.21586613909245775
0.21601073190329639
0.21661680115323423
0.21714002247526615
0.21803462807751586
0.2146876818081101
0.2142858806903718
0.21422272404834505
0.21380352983850312
0.21371675720027361
0.21296218442594345
0.21337753444935892
0.21286813177374683
0.21702399488242291
0.21710970400107132
0.21729806542697505
0.21750663934539574
0.21770232013056887
0.21798522423759933
0.21706065613449657
0.21696704738395023
0.21682008699185643
0.21927446016554369
0.21908448182851811
0.22003984157531781
0.22014268324960007
0.21981676704631994
0.22084104856277265
0.22110831212692608
0.22233432957827867
0.22427105496856603
0.22558504095937257
0.22437464407096563
0.22319152462491493
0.22202802737229435
0.22136525657435113
0.22134330169087771
0.2204743190062993
0.22057125772099084
0.2201003284846394
0.22009369018604821
0.21778115106044635
0.21792845928638827
0.21820563453392969
0.21880138183130668
0.21925869291880054
0.2182725743809234
0.21816101074354252
0.21780537986043458
0.21763833311521261
0.21304852888588335
0.21373369598261036
0.2138911901869652
0.2131946387929245
0.21407840294147223
0.21429961632196254
0.21479510916520383
0.21530722304887523
0.21632809458630498
0.21517337195852307
0.2147304101330976
0.21463279713432973
0.21409640717401979
0.21397111663480517
0.21318403474986689
0.21349736917695972
0.21240575783598575
0.21227838076685349
0.19577255638114655
0.19592047167022283
0.19636393438794941
0.19695836987544291
0.19734145401800049
0.19645562563869151
0.19632961848926769
0.19595218063004324
0.19807350953033953
0.19782616690194565
0.19848436050895327
0.19860857308412699
0.19805536163686646
0.19899567901008794
0.19922353704115431
0.20015499523125463
0.20079405816161452
0.2022208163119372
0.19963467559395889
0.1986239565944127
0.19853178521305473
0.19797394182010991
0.19783473169326482
0.19704490653991008
0.19732338687245432
0.1967631606207261
0.19669096858181898
0.19445092016466653
0.19460449056990115
0.19506231851748349
0.19567306373485538
0.19601854748136086
0.19513478280744181
0.19506556025605989
0.19469681088155566
0.20229334202919499
0.20213293063555152
0.20285515457328399
0.2030831982785489
0.20210346538629581
0.20304095545988843
0.20333416747282251
0.20392689018658033
0.2044663812749557
0.20534899796273012
0.20412840057113441
0.20367706388938456
0.20345634714287891
0.20310479855315272
0.20304477349341099
0.20233986057390985
0.20312552048942217
0.20260137655430238
0.20679840038941391
0.20688112368436343
0.20709656611301958
0.2079075804703539
0.20841626679604566
0.20865889275643279
0.20776518737059185
0.20783610997557911
0.20793528619927609
0.210154071791054
0.20997311447915024
0.21066984235622468
0.21084173693578454
0.21070110018887633
0.2117197567396733
0.21492605904182108
0.21640287506371855
0.21811246700769918
0.21965765163803858
0.21898837606366053
0.2176016593824909
0.21596912079957092
0.21497852235277595
0.2120478871905418
0.2111544211405271
0.21101278485310429
0.21048362562483813
0.21044480478719729
0.20808559664775386
0.20819492164457171
0.20801532654694022
0.20853554072024558
0.20896114265450882
0.20823106605217059
0.2081798516963545
0.20775085688262018
0.20761407785827007
0.20295986684162837
0.20364615923599588
0.20380902429986439
0.202562877483323
0.20357644128606156
0.20376940228990875
0.20438152646355492
0.20503646675993936
0.20607012653049686
0.20487200643510106
0.20448355883678562
0.20449165776830724
0.20410383428960835
0.20395220357423163
0.20317265872494961
0.20346036022282044
0.20282279233273429
0.20266972104579814
0.19492600220761683
0.19507391749669317
0.19551354190466169
0.19606881188498665
0.19639768347411249
0.19550637602658927
0.19537847967326799
0.19498286678783272
0.19709902889484485
0.19690577750776278
0.19756396677077437
0.19767465280250951
0.19695105011514799
0.19790727603019803
0.19816416618810473
0.19910441294892525
0.19983426584270189
0.2013207059808754
0.20002339798968821
0.19901443187239115
0.19886600527644299
0.198308749104149
0.1981658384394866
0.19730038792101792
0.19757955104257502
0.1970548141487995
0.196924000396627
0.194667006539291
0.19482189103543579
0.19526760745963515
0.19584833817371031
0.19619032224040506
0.19493634517487499
0.19485733740003544
0.19448607855669159
0.19440023286704455
0.17925997645846026
0.17994779930729426
0.18012831244178604
0.17948810243255928
0.18039139082417591
0.18062963710283328
0.18124784653266626
0.18182400513637492
0.18276852184546905
0.18159793915885847
0.18114979200583892
0.18105857273538367
0.18063937852554174
0.18051644012242435
0.17975091775231442
0.1800809022019372
0.17951656887578993
0.18365504048515011
0.18374074960379849
0.18392911102970225
0.18431876394159186
0.18483366864018347
0.18512122523562138
0.18422432025484825
0.18414692460201615
0.18404086055056029
0.18622054632728882
0.1860486643379903
0.18674230312403489
0.18684244876911937
0.18651708407456577
0.18747547562121614
0.18770359204930617
0.18892296048341325
0.19090785284649539
0.19226689663403207
0.19110481548670852
0.18992169604065781
0.18851519349436446
0.18785242269642141
0.18769265836497057
0.18682611925293974
0.18687670713133353
0.18636645991413303
0.18622182791278491
0.18390762353542997
0.18403514469641361
0.18419664143485925
0.18478963607138582
0.18524604497864616
0.18445290668600928
0.18433840112459163
0.18394845344583696
0.18381150398133281
0.17924361016902554
0.17992877726575257
0.18011944468889404
0.17948001518743975
0.18037905637419088
0.18062821214885644
0.18124062846489747
0.18183027015119688
0.18278437062686595
0.18162975724482436
0.18117701599543584
0.18107695790643047
0.1806425032585276
0.18052094014501402
0.17976426833606818
0.18010108215387502
0.17954407530063352
0.19179773773396794
0.19197386969166227
0.19213029525498226
0.19263518135798213
0.19323129657859109
0.19354899960405766
0.19268492988280589
0.19260346260023165
0.19224249172201785
0.19441415074714322
0.19422437297293396
0.19494961438860636
0.19507353762654042
0.19448328829456232
0.1953957526154452
0.19561307216339965
0.19649979137818102
0.19714546407995895
0.19849595017026542
0.19720064015324368
0.19618992115369746
0.19602881390910976
0.1954348097159008
0.19506865971150222
0.19425698823130128
0.19463359920159598
0.19422444651709572
0.19409247057416362
0.19179757290295923
0.19195091419791865
0.19253527329751763
0.19399191829824169
0.19435087356013361
0.19351055916049981
0.19340719564454562
0.19303847164628238
0.20068804979030375
0.20052712193137431
0.20128823536927232
0.20154297954658221
0.20086162979034355
0.20185963667112
0.20214707085633157
0.20266872851426745
0.20319980174930316
0.20400759235920718
0.20280580085513414
0.20234313147287636
0.20205796857125702
0.20185864280969562
0.20189557683884374
0.20137871465598237
0.20244351235153224
0.20195048046505407
0.2061993239293409
0.20631697150840231
0.20657097826202986
0.20703479747548392
0.20750273758975896
0.2077335922446206
0.20687045807187643
0.20710501623979505
0.20735313928954316
0.20963104269576249
0.20950996497366478
0.21786377838387366
0.21806225730606349
0.21798558328796613
0.21952213577697352
0.22287408041864598
0.22423764569630247
0.22626323947517737
0.22806822691361747
0.22798215287157039
0.2263409819484771
0.22443373903840225
0.2229893125329386
0.21974586818549177
0.21832956261360792
0.21811365561769805
0.21751620944099712
0.20969337373671984
0.20729901314316898
0.20739571238663224
0.20699333087246993
0.20742197400245913
0.20782353523344432
0.20714388750756668
0.20702875581969224
0.20657236964638118
0.20640925516086639
0.20169512887309499
0.2023814212674625
0.20248211505287317
0.2006777217348881
0.20159311956558096
0.20178201821255903
0.2023111148839366
0.20298015287119783
0.20400844202430454
0.20289142357546877
0.20254509082258909
0.20264625267316638
0.20225389750276379
0.20204524347730407
0.20125949790803238
0.20152876598309102
0.200894393222108
0.20070941761645938
0.19286295195874634
0.193042215060649
0.19348336014110468
0.19403035683038825
0.19431026538651222
0.19238697714365888
0.1922982053320848
0.19194988559441151
0.19410885204603573
0.19391585558996294
0.19447354926959629
0.1945355791960437
0.19392243885037549
0.19497117444829937
0.19536022686148796
0.19632643112097037
0.19707491399596436
0.19851387636721216
0.19718423138323063
0.19626546519791987
0.19618078541621053
0.19566406123096966
0.19556590766451667
0.19482844250794168
0.19515993084943872
0.19458266136257363
0.19445461225161775
0.19218289073690079
0.19231837852843625
0.1927273768470496
0.19325111702301931
0.19359380652588309
0.19270382384432477
0.19253194092590292
0.19213241403396925
0.19180829735250329
0.17926413345594963
0.17995195630478361
0.18013246943927538
0.17949104303445926
0.18039433142607583
0.18063326303216248
0.18125112878413505
0.18182713031963132
0.18277396856254094
0.18160608279204826
0.18115793563902871
0.18106776682048323
0.18064857261064129
0.18052459931518972
0.17975892984763472
0.18008771288466544
0.17952580327141207
0.18366155977037432
0.18374726888902274
0.18393563031492649
0.18432527735655116
0.18482595897961682
0.18511170180476938
0.1842179854121333
0.18414065060088924
0.18403458654943333
0.1862153173091998
0.18604350031617614
0.18673713910222073
0.18683728474730527
0.18651520607832883
0.1874773611535733
0.18771153416746247
0.18893707463535414
0.19092014079884237
0.19227604128230799
0.19110588405166756
0.18992276460561691
0.18851863081911976
0.18785586002117671
0.18769608728103551
0.18683007872982435
0.18688127313032987
0.18636854319230264
0.18622442491226224
0.18391188578666043
0.18403940694764404
0.18418605998475393
0.18477905462128055
0.18523636570877447
0.18444332797449409
0.18432841088525243
0.18393846320649784
0.18380354215423841
0.17923712964148764
0.17992229673821467
0.18011473995988347
0.17947446603106329
0.18037503146451542
0.18062259775898762
0.18123720762975198
0.18182743920056704
0.18278153967623617
0.18162681704845424
0.18117407579906575
0.18107646280029782
0.18063895352296919
0.18051603189415358
0.17976012021493371
0.1800954830226178
0.17953926559857911
0.17942173811272633
0.17944433460681608
0.17959224989589237
0.180035497450031
0.1806299329375245
0.18095622973576031
0.18007040135645133
0.17994243562670473
0.17956499776748033
0.18168632666777662
0.18149030617488737
0.18214849978189501
0.18227271235706871
0.18173544212877399
0.18267575950199549
0.18292623329392396
0.18385769148402428
0.18456733906392458
0.18599409721424728
0.18469692969121379
0.18368621069166757
0.18353140953290248
0.18297356613995763
0.18282925395378072
0.18203942880042592
0.18231790913297019
0.18179450351623805
0.18166252757330595
0.17942247915615347
0.17957604956138803
0.1800188819775855
0.1806296271949574
0.18097056518395033
0.18008680051003131
0.17994662263751249
0.17957787326300831
0.18714826528508788
0.1869878538914444
0.1877100778291769
0.1879381215344417
0.18720594535886045
0.18814057212551635
0.18841808156903952
0.18901080428279726
0.18955347020884283
0.19043608689661726
0.18923628401619794
0.18878494733444812
0.18856423058794242
0.18823467380808409
0.18817464874834236
0.18750419255022377
0.18827667712507146
0.18775253318995164
0.19194955702506319
0.19205682267677207
0.19227226510542822
0.19272960248876916
0.1932382888144609
0.19347727149214836
0.19258356610630745
0.19263829974413976
0.19273747596783677
0.194964412722682
0.19480553798811073
0.19550226586518515
0.1956073609075959
0.19546672416068767
0.19648473613924056
0.1996910384413883
0.20116785446328581
0.20293408761356252
0.20447927224390189
0.20381130001592657
0.20242458333475688
0.2007920447518369
0.19980354161539521
0.19672367953234848
0.19583021348233376
0.19568857719491101
0.1951717746885997
0.19502965300843064
0.19267044486898718
0.19277976986580503
0.19260419386731856
0.19312955794802311
0.19355515988228636
0.19283061439293994
0.19271738148943504
0.1922883866757007
0.19212418203800363
0.18746997102136195
0.18815626341572944
0.18829238920262731
0.18704624238608586
0.18796350411518448
0.18815646511903164
0.18876486948071786
0.18941980977710221
0.19045346954765979
0.18932848734473923
0.18894003974642384
0.18894813867794538
0.18855578350754273
0.18840415279216607
0.18762116414972266
0.18790886564759349
0.18731196975847736
0.18715889847154119
0.17943391625856989
0.17958183154764615
0.18002145595561472
0.18062016592890098
0.18095282592684117
0.18007012960261617
0.17994223324929493
0.17956660464184249
0.1816827667488547
0.18149352848726086
0.18215171775027245
0.18226240378200759
0.18171416135296248
0.18265599596580831
0.18291288612371495
0.18386284109454748
0.18459269398832406
0.18601216322245975
0.18471485523127251
0.18370588911397556
0.18354424708023942
0.18298699090794543
0.182844080243283
0.18202959002362076
0.18230875314517786
0.18178721748167129
0.18165640372949884
0.17942031620193202
0.17957520069807681
0.18002091712227616
0.18063141591823142
0.18097339998492612
0.18009670500657457
0.17995547410974261
0.17958421526639878
0.1961380304219135
0.19590880590888463
0.19685794568268042
0.19704115484636997
0.19640960513760394
0.19735449035302022
0.19764227063458809
0.19826248239720801
0.19883864100091667
0.19973677543458104
0.19855513355779461
0.19810698640477506
0.19816039630791529
0.19774120209807336
0.19767422440526983
0.19690679806107764
0.19725024604226479
0.19672037755841379
0.20089079097601881
0.20097650009466719
0.20117054939367027
0.20165908641170469
0.20218649575463027
0.20247405235006813
0.20149997283015514
0.20142710669706881
0.20130514133211674
0.20345329507108315
0.20324099113786961
0.2039346299239142
0.2040004668781556
0.20363395760472783
0.20454605063972325
0.20474154408471185
0.20583950656044972
0.20777036693145323
0.20918065421737383
0.2080185730700502
0.20684562034951412
0.20543911780322074
0.20476507778582759
0.20460579396105485
0.20370911163060654
0.20373274330392926
0.2028613721706885
0.20272078174327993
0.20040657736592496
0.20053409852690859
0.2007196747678037
0.20132617647286555
0.20186943725762568
0.20124095302149689
0.20116374657211103
0.20077379889335636
0.20056415270339836
0.19598681284713981
0.19667117342997523
0.19686142804181006
0.1961974701072714
0.19707864112337914
0.19729270225268694
0.19837538612460948
0.19990335448300253
0.2008688907340905
0.19971349686204906
0.19927070933707949
0.19922464634666334
0.19883796156425221
0.1987234590039228
0.1979667871949769
0.19827364766492353
0.19770106116331834
0.21010196423046296
0.21027809618815738
0.21043452175147734
0.21100621369223951
0.21159781746316791
0.21192380950964906
0.21107412165987785
0.21101904554565243
0.21066274495352788
0.21292170241564806
0.21273192464143886
0.2134750484745678
0.21359897171250186
0.21289461043625643
0.21381411435866021
0.21401944435553968
0.21487844982116794
0.21543724261115771
0.21679791406676871
0.21550231668128247
0.21449159768173628
0.21431223658279386
0.21370729774084987
0.21321781448696625
0.21235884343541162
0.21300530726247235
0.21260052036333352
0.21246854442040142
0.21013730012073417
0.21029064141569356
0.21112976154121779
0.21309818160902205
0.21347255545216454
0.21268103892061796
0.21259038103042607
0.21222165703216281
0.21991968026454087
0.21975875240561146
0.22053857201891949
0.22080274452226981
0.22017412566688455
0.22118460488698805
0.22147203907219962
0.22191989301414608
0.22243700975140729
0.22322569317011004
0.22202618866484169
0.221563519282584
0.22130219933699741
0.22119972526781734
0.22136507546003273
0.22109911839644308
0.22216872453440356
0.22170061512863512
0.22598623856733435
0.22610388614639604
0.22640035245479351
0.2469697360097563
0.24774980947352865
0.24806555820107246
0.24712570043154591
0.24722578121707608
0.24732235975469161
0.25127375028598586
0.25112263101475113
0.25980054431062377
0.26011476759678992
0.26016306923283544
0.2625077475867244
0.26605924324553831
0.26804453933294908
0.27041912080236141
0.27258480077669023
0.27249918995063799
0.27050691366775043
0.26824102591227533
0.26619192683059462
0.26279991932183561
0.26051335001580489
0.26017631930114049
0.25947595312801358
0.25130514818914995
0.24725631411198998
0.2473703741298553
0.24697138878238739
0.24767506488853222
0.24816247823961313
0.24740234871356659
0.24699202343000182
0.22636766192829963
0.22620175969670728
0.22144710110392185
0.22213339349828964
0.22221133817855665
0.2200285912672586
0.22094323845997188
0.22112214704515398
0.22155607954907139
0.22219319749182379
0.22323000524869765
0.22211298679986205
0.22183056307799182
0.22197032536682607
0.22157797019642322
0.22131351501946536
0.22053762729977319
0.22081523794992661
0.2201548626856373
0.219938019258717
0.2120434744541288
0.21222807182943165
0.21266921690988735
0.21317074012938775
0.21343751355825558
0.21069161949239576
0.21064174176641931
0.2103346486956667
0.21248820648461061
0.2122949084887778
0.21285260216841115
0.21273377188222015
0.21203456311822053
0.21322558325981555
0.21361463567300415
0.21462360966895946
0.21537209254395345
0.21678873880920949
0.21543851842060482
0.21458748102090441
0.21455302096521509
0.21405402387704689
0.21406745168273447
0.21334931321471354
0.21368080155621061
0.2129887212228555
0.21288385335789115
0.21061896847069414
0.21075445626222966
0.21114525163945191
0.21165542781368454
0.21198501472611028
0.21107530089220836
0.21086787475487687
0.21044827349801712
0.20999620349005957
0.19741221811332915
0.19810020018321819
0.19833249387355528
0.19769251681817795
0.19859580520979461
0.1987806344105498
0.19938670366048766
0.19992767515448745
0.20082228075673714
0.19821867513876559
0.19781687402102727
0.19773667627384064
0.19731748206399874
0.19722316944905893
0.19646859667472874
0.19682823498608926
0.1963188323104772
0.20047768735298507
0.20056339647163346
0.20075175789753724
0.20096033181595793
0.20140041829388561
0.2016833224009161
0.20076028295740356
0.20066667420685727
0.20053057836005708
0.20283608165323475
0.20264610331620914
0.20360146306300889
0.20370430473729112
0.20338989942491492
0.20436559439084445
0.20463285795499792
0.20585887540635023
0.2078437313456091
0.20915771733641558
0.20797512504885068
0.20679200560280003
0.20553698296421924
0.20487421216627616
0.20481656487451655
0.20394758218993811
0.20402056536804508
0.20354963613169361
0.20344683225008117
0.20113429312447931
0.20128160135042117
0.20153265945126786
0.20212840674864485
0.20258571783613877
0.20171232588028543
0.20160076224290452
0.20121380535169994
0.201046758606478
0.19645409201702183
0.19713925911374885
0.19729675331810373
0.19662480049351033
0.19750856464205802
0.19774240309265359
0.19823789593589489
0.19877688903534452
0.19978858756029064
0.19863386493250876
0.19819090310708326
0.19809329010831533
0.19760493152491027
0.19747964098569565
0.19669422224105051
0.19700755666814332
0.19608885522783373
0.19596147815870146
0.17944433460681605
0.17959224989589237
0.180035497450031
0.1806299329375245
0.18095622973576031
0.18007040135645133
0.17994243562670478
0.17956499776748039
0.18168632666777662
0.18149030617488737
0.18214849978189501
0.18227271235706871
0.18173544212877399
0.18267575950199547
0.18292623329392396
0.18385769148402428
0.18456733906392458
0.18599409721424728
0.18469692969121376
0.18368621069166757
0.18353140953290248
0.18297356613995763
0.18282925395378072
0.18203942880042592
0.18231790913297019
0.18179450351623805
0.18166252757330595
0.17942247915615347
0.17957604956138803
0.18001888197758553
0.1806296271949574
0.18097056518395033
0.18008680051003131
0.17994662263751252
0.17957787326300831
0.18714826528508788
0.1869878538914444
0.1877100778291769
0.1879381215344417
0.18720594535886051
0.18814057212551635
0.18841808156903952
0.18901080428279732
0.18955347020884283
0.1904360868966172
0.18923628401619794
0.18878494733444814
0.18856423058794242
0.18823467380808409
0.18817464874834236
0.18750419255022377
0.18827667712507143
0.18775253318995166
0.19194955702506322
0.19205682267677207
0.19227226510542825
0.19272960248876916
0.19323828881446092
0.19347727149214836
0.19258356610630745
0.19263829974413976
0.19273747596783677
0.194964412722682
0.19480553798811073
0.19550226586518518
0.19560736090759592
0.19546672416068767
0.19648473613924058
0.1996910384413883
0.20116785446328581
0.20293408761356252
0.20447927224390189
0.20381130001592654
0.20242458333475691
0.2007920447518369
0.19980354161539521
0.19672367953234846
0.19583021348233376
0.19568857719491101
0.1951717746885997
0.19502965300843061
0.19267044486898718
0.19277976986580503
0.19260419386731856
0.19312955794802311
0.19355515988228633
0.19283061439293991
0.19271738148943501
0.19228838667570067
0.19212418203800363
0.18746997102136195
0.18815626341572944
0.18829238920262731
0.18704624238608591
0.18796350411518448
0.18815646511903164
0.18876486948071786
0.18941980977710221
0.19045346954765979
0.1893284873447392
0.18894003974642382
0.18894813867794538
0.18855578350754276
0.18840415279216607
0.18762116414972266
0.18790886564759346
0.18731196975847736
0.18715889847154119
0.17943391625856994
0.17958183154764615
0.18002145595561472
0.18062016592890098
0.18095282592684114
0.18007012960261617
0.17994223324929493
0.17956660464184251
0.1816827667488547
0.18149352848726086
0.18215171775027245
0.18226240378200761
0.18171416135296245
0.18265599596580831
0.18291288612371495
0.18386284109454748
0.18459269398832406
0.18601216322245975
0.18471485523127254
0.18370588911397556
0.18354424708023942
0.18298699090794546
0.182844080243283
0.18202959002362076
0.18230875314517786
0.18178721748167129
0.18165640372949884
0.17942031620193202
0.17957520069807684
0.18002091712227616
0.18063141591823137
0.18097339998492615
0.18009670500657457
0.17995547410974261
0.17958421526639878
0.17950452452149063
0.17925997645846029
0.17994779930729429
0.18012831244178604
0.17948810243255928
0.18039139082417591
0.18062963710283331
0.18124784653266626
0.18182400513637495
0.18276852184546907
0.18159793915885847
0.18114979200583892
0.18105857273538367
0.18063937852554171
0.18051644012242438
0.17975091775231442
0.1800809022019372
0.17951656887578998
0.18365504048515011
0.18374074960379852
0.18392911102970225
0.18431876394159183
0.1848336686401835
0.18512122523562138
0.18422432025484825
0.18414692460201618
0.18404086055056032
0.18622054632728885
0.18604866433799033
0.18674230312403489
0.1868424487691194
0.1865170840745658
0.18747547562121616
0.18770359204930617
0.18892296048341325
0.19090785284649545
0.19226689663403204
0.19110481548670852
0.18992169604065781
0.18851519349436446
0.18785242269642147
0.18769265836497057
0.18682611925293974
0.18687670713133353
0.18636645991413298
0.18622182791278494
0.18390762353542997
0.18403514469641361
0.18419664143485925
0.18478963607138582
0.18524604497864616
0.18445290668600925
0.1843384011245916
0.18394845344583696
0.18381150398133281
0.17924361016902554
0.17992877726575257
0.18011944468889404
0.17948001518743975
0.18037905637419085
0.18062821214885647
0.18124062846489741
0.18183027015119682
0.18278437062686592
0.18162975724482436
0.18117701599543584
0.18107695790643047
0.1806425032585276
0.18052094014501407
0.17976426833606818
0.18010108215387502
0.17954407530063349
0.19179773773396794
0.1919738696916623
0.19213029525498226
0.19263518135798213
0.19323129657859109
0.19354899960405769
0.19268492988280589
0.19260346260023165
0.19224249172201785
0.19441415074714319
0.19422437297293399
0.19494961438860636
0.19507353762654042
0.19448328829456232
0.1953957526154452
0.19561307216339968
0.19649979137818102
0.19714546407995895
0.19849595017026539
0.19720064015324373
0.19618992115369746
0.19602881390910976
0.1954348097159008
0.19506865971150228
0.19425698823130128
0.19463359920159598
0.19422444651709572
0.19409247057416359
0.19179757290295923
0.19195091419791865
0.19253527329751763
0.19399191829824169
0.19435087356013361
0.19351055916049981
0.19340719564454562
0.19303847164628238
0.20068804979030375
0.20052712193137431
0.20128823536927232
0.20154297954658226
0.20086162979034358
0.20185963667112
0.2021470708563316
0.20266872851426748
0.20319980174930322
0.20400759235920718
0.20280580085513411
0.20234313147287636
0.20205796857125702
0.20185864280969559
0.20189557683884374
0.20137871465598237
0.20244351235153218
0.20195048046505404
0.2061993239293409
0.20631697150840234
0.20657097826202989
0.20703479747548389
0.20750273758975896
0.2077335922446206
0.20687045807187643
0.20710501623979502
0.20735313928954316
0.20963104269576247
0.20950996497366478
0.21786377838387372
0.21806225730606349
0.21798558328796613
0.21952213577697352
0.22287408041864598
0.22423764569630247
0.22626323947517737
0.22806822691361747
0.22798215287157039
0.2263409819484771
0.22443373903840225
0.2229893125329386
0.21974586818549177
0.21832956261360792
0.21811365561769808
0.21751620944099712
0.20969337373671984
0.20729901314316898
0.20739571238663224
0.20699333087246991
0.20742197400245913
0.20782353523344432
0.20714388750756671
0.20702875581969221
0.20657236964638118
0.20640925516086639
0.20169512887309499
0.20238142126746253
0.20248211505287317
0.20067772173488807
0.20159311956558096
0.20178201821255903
0.20231111488393663
0.20298015287119783
0.20400844202430454
0.20289142357546877
0.20254509082258906
0.20264625267316638
0.20225389750276379
0.20204524347730402
0.20125949790803241
0.201528765983091
0.20089439322210798
0.20070941761645938
0.19286295195874631
0.19304221506064903
0.19348336014110468
0.19403035683038825
0.19431026538651222
0.19238697714365885
0.1922982053320848
0.19194988559441151
0.19410885204603573
0.19391585558996294
0.19447354926959629
0.1945355791960437
0.19392243885037549
0.19497117444829937
0.19536022686148796
0.1963264311209704
0.19707491399596438
0.19851387636721218
0.19718423138323068
0.19626546519791987
0.19618078541621056
0.19566406123096972
0.19556590766451665
0.19482844250794168
0.19515993084943872
0.19458266136257363
0.19445461225161778
0.19218289073690079
0.19231837852843628
0.19272737684704955
0.19325111702301931
0.19359380652588312
0.1927038238443248
0.19253194092590295
0.19213241403396922
0.19180829735250329
0.1792641334559496
0.17995195630478364
0.18013246943927538
0.17949104303445926
0.18039433142607586
0.18063326303216248
0.18125112878413502
0.1818271303196313
0.18277396856254097
0.18160608279204826
0.18115793563902871
0.18106776682048323
0.18064857261064129
0.18052459931518972
0.17975892984763475
0.18008771288466546
0.17952580327141213
0.18366155977037438
0.18374726888902274
0.18393563031492646
0.18432527735655116
0.18482595897961682
0.18511170180476938
0.18421798541213333
0.18414065060088924
0.18403458654943336
0.1862153173091998
0.18604350031617614
0.18673713910222073
0.18683728474730521
0.18651520607832886
0.18747736115357333
0.18771153416746245
0.18893707463535414
0.1909201407988424
0.19227604128230796
0.19110588405166762
0.18992276460561691
0.18851863081911976
0.18785586002117671
0.18769608728103548
0.18683007872982435
0.18688127313032984
0.18636854319230262
0.18622442491226227
0.18391188578666043
0.18403940694764404
0.18418605998475399
0.18477905462128055
0.18523636570877444
0.18444332797449409
0.18432841088525243
0.18393846320649779
0.18380354215423839
0.17923712964148764
0.17992229673821464
0.18011473995988345
0.17947446603106329
0.18037503146451542
0.18062259775898762
0.18123720762975196
0.18182743920056704
0.18278153967623614
0.18162681704845424
0.18117407579906569
0.18107646280029777
0.18063895352296916
0.18051603189415358
0.17976012021493371
0.1800954830226178
0.17953926559857913
0.19426715906922376
0.19431046306331548
0.19445837835239177
0.19525475688620852
0.19584919237370202
0.19617913245463744
0.19529330407532852
0.19518241645134998
0.19480497859212553
0.19693542040368819
0.196739399910799
0.19739759351780659
0.19758874393475112
0.1970514737064564
0.19799280291123456
0.19824327670316308
0.1991747348932634
0.1998217037225829
0.2012484618729056
0.19995324303782439
0.19894252403827814
0.19878772287951313
0.19822867550670073
0.19822866109614715
0.19743883594279235
0.19771731627533659
0.19718101725933326
0.19711142946485122
0.19487138104769877
0.1950249514529333
0.1954652109311818
0.19606357543517455
0.19640451342416751
0.1955115988695012
0.19542714498894073
0.19505839561443655
0.20265020681826357
0.20248979542462012
0.20321201936235256
0.20344774938261648
0.20271557320703526
0.20374564560910191
0.20402315505262508
0.20463277593440166
0.20517544186044714
0.20605805854822154
0.20478526854401305
0.20433393186226323
0.20411321511575753
0.20378977930852854
0.20372975424878684
0.20304572193297712
0.20381820650782481
0.20325145171086434
0.2074484755459759
0.20752655943954779
0.20774200186820396
0.20819933925154488
0.20866258601798446
0.2089006451591901
0.20799184566667656
0.20804657930450893
0.20808318997191541
0.21031012672676067
0.21014404529846828
0.21084077317554267
0.21094586821795344
0.21062987121272878
0.21165918134369374
0.21486548364584154
0.21633489603695485
0.21808975854335891
0.21970359522620178
0.21903562299822646
0.2176489063170568
0.21603010655239974
0.21504160341595802
0.21196174133291126
0.21105151445936293
0.2109098781719401
0.21039372499897771
0.21025160331880866
0.20787109047801286
0.20798041547483068
0.20780483947634421
0.20829377625289869
0.20871937818716188
0.20762112174262751
0.20756998588540426
0.20714099107167
0.20697660468548967
0.20232239366884797
0.20300868606321545
0.20314481185011332
0.20185987029455205
0.20283385564720893
0.20302681665105612
0.20365347380806026
0.20430841410444467
0.20534659832949748
0.20422161612657697
0.20383316852826158
0.20406377294155087
0.20367141777114822
0.20355760562137198
0.2027746169789286
0.20306231847679948
0.20236718376950236
0.20221411248256613
0.19450126492247047
0.19464918021154673
0.19508771473587799
0.19568586685604725
0.19601852685398746
0.19512080113658412
0.19499290478326281
0.19459312729656264
0.19670928940357477
0.1964846933717381
0.19714288263474972
0.19726149366012413
0.19671325123107902
0.1976550858439248
0.19788016656178048
0.2001299399890068
0.20085979288278338
0.20229471586748515
0.200997407876298
0.19998844175900096
0.1998402507042093
0.19928299453191536
0.19916138741455303
0.19834689719489079
0.19869061418873402
0.1981690785252275
0.19804003192129094
0.19580394439372412
0.19595882888986887
0.19640454531406823
0.19697300978374754
0.19731655067960988
0.1964398557012583
0.19629862480442634
0.19590943343259665
0.21262118007107172
0.21239195555804283
0.21334109533183862
0.21352430449552814
0.21288157287714507
0.21389639066109642
0.2141841709426642
0.21479828615166166
0.21537041237771259
0.216268546811377
0.21504475159145106
0.21459660443843148
0.21471160264617145
0.21429240843632952
0.2142421254955692
0.21347469915137701
0.21382445832998204
0.5936926555334513
0.60697713282996379
0.60715606714142256
0.60778711511286265
0.60853300092223572
0.61077323183840471
0.6110866794227503
0.60840458001572473
0.60838157737802323
0.6082383172620609
0.61407879714301661
0.61352516274694069
0.61581520446073268
0.61549840379302478
0.61486031416092812
0.61719828608667582
0.61786749065280588
0.61916213240294071
0.62350026837808914
0.62539172429340162
0.6223620310915513
0.62134570328887073
0.61959181178220746
0.6178115461798509
0.61690555251861123
0.61484047242535533
0.61445424079831523
0.61180214934241184
0.61149026359219338
0.60468889880470267
0.60510551980334681
0.6048145650367821
0.60717775195105739
0.60832525189850339
0.6072678876839589
0.60721319624221903
0.60627809874801575
0.60513634194987598
0.59095768627583756
0.593231000994216
0.59341660498220716
0.59175763373812418
0.59409026245846897
0.59475169257445393
0.59666142512734777
0.60388291719750864
0.60581616398894256
0.60213900351126681
0.60200672039873926
0.6019924459191881
0.6012211854141718
0.60049174000638639
0.59883032507977096
0.59933997219048918
0.59792453377092247
0.6436575455863186
0.64422911182538278
0.64472972426876818
0.64587181511023095
0.64811523887061662
0.64846948993610909
0.64654421764923053
0.64660023602781169
0.64578507358951986
0.79662146661282629
0.79604378628024819
0.79946819530490143
0.79936501385684677
0.79716240375892011
0.80064912641760699
0.80178600577034842
0.80338544424503378
0.80632753127430479
0.80902968247572138
0.80449186862457545
0.80357475111654941
0.80262163980419277
0.80026679292793479
0.79717605841031558
0.79422557252069115
0.79643082535192478
0.7956484883857613
0.79500328537830478
0.78471102781253099
0.78530672209806796
0.78688137519300849
0.79745232523413756
0.7982224730054498
0.79596895137041013
0.7955065438551433
0.79425547810371244
0.832192576970475
0.83180676379899887
0.83545711488596375
0.83600223828533404
0.8342353528213331
0.89187330858273339
0.89368174295107994
0.89443416755756988
0.89742609807249796
0.89981728562823082
0.89490018382755465
0.89435964993071859
0.89212766373955077
0.89213150734265201
0.8913298671967157
0.8899503644708685
0.89597435913207968
0.89463890754973296
0.91899415970367548
0.9199712367922549
0.92143762754018321
0.9429441297108585
0.94606267488266305
0.94638990802259948
0.9435453786673863
0.94447681039228681
0.94678929990019589
0.96076333052321461
0.96056442855544144
0.97222418480596073
0.97245434656352858
0.97425088572043728
0.98088820544079625
0.98639077511446605
0.99167251730213024
0.99669015683745854
1
0.99974729571244958
0.99704167993952697
0.99253704533109222
0.98695940345063249
0.98153998010327714
0.97536302887204651
0.97262448921022748
0.97072166738947541
0.96138794711130315
0.94660694554037605
0.94690900471869699
0.94242369562666606
0.94551524314722868
0.94666152757941757
0.94497361722618822
0.94372562908186253
0.92129322665816227
0.91968902216217985
0.89283996928412634
0.8964946933654282
0.89614153411419106
0.88603081660160399
0.89044762316227921
0.89154852285877617
0.89227665168636816
0.89612921894711373
0.89969077055964941
0.89518451522312104
0.89568221626977407
0.89582967894337695
0.89409352142081988
0.89205310139309046
0.83528817860587412
0.83599992953900115
0.83389362321452665
0.83275446317364077
0.79347796074245025
0.79425714316610141
0.79521537126268582
0.7978151740166527
0.79810148807913395
0.78686245740084537
0.78646676668359738
0.78551617750585234
0.79467176310924037
0.79406022636715667
0.79636197104640327
0.79505736192481868
0.79316395776387194
0.79778707487672484
0.79998058970821084
0.80227311506645893
0.80602015657401849
0.80893315619480333
0.80402722559738526
0.80398908535847602
0.80374531607318411
0.80196933187104402
0.80137099690428559
0.79883779214142381
0.79960972044113532
0.79725754852867037
0.79677040791381115
0.78678446360483267
0.64590593273397512
0.64630799667674688
0.64828253480754428
0.64866223834370629
0.64642294714964477
0.64580761327244474
0.64476624987115327
0.64250804289680508
0.59690597362230124
0.59919654147972723
0.59956659636729714
0.59798444405957518
0.60041749734706829
0.60094579941680848
0.60166818660183696
0.60400702972410192
0.60557048954961445
0.59588900255257871
0.59596226953822173
0.59581787438731726
0.59486658523079416
0.59421708087938419
0.59258082124204881
0.59333330504701698
0.59219590665173971
0.60540174112175049
0.60558067543320937
0.60618328403915278
0.60561822974628465
0.6075231931328221
0.60782259070925682
0.60544867381461942
0.60532171472326635
0.60512113902657461
0.61139396649329969
0.6108878013868938
0.61448644790446127
0.61435467083695783
0.61388722318590738
0.61649845019705274
0.61746748694297304
0.61937771543604148
0.62377864141772954
0.62518781085044195
0.62210594400215602
0.6210387825719027
0.61996340592587162
0.61825991019797033
0.61775851804821436
0.61577798238975345
0.61555763889846493
0.61457534715700024
0.61446602003949091
0.60766632050375347
0.60818187682718883
0.60821063606509929
0.61052005094095008
0.61131552182481919
0.60902541892076723
0.60883194143435027
0.60794135436355146
0.60701259478909197
0.59276880589246195
0.59504615318029841
0.2138911901869652
0.2131946387929245
0.21407840294147218
0.21429961632196251
0.21479510916520383
0.2153072230488752
0.216328094586305
0.2151733719585231
0.2147304101330976
0.2146327971343297
0.21409640717401979
0.21397111663480517
0.21318403474986689
0.21349736917695972
0.2124057578359857
0.21227838076685343
0.19577255638114655
0.19592047167022283
0.19636393438794941
0.19695836987544291
0.19734145401800049
0.19645562563869151
0.19632961848926772
0.19595218063004324
0.19807350953033953
0.19782616690194565
0.19848436050895327
0.19860857308412699
0.19805536163686646
0.19899567901008794
0.19922353704115431
0.20015499523125466
0.20079405816161452
0.2022208163119372
0.19963467559395889
0.19862395659441268
0.19853178521305473
0.19797394182010991
0.19783473169326488
0.19704490653991011
0.19732338687245432
0.1967631606207261
0.196690968581819
0.19445092016466653
0.19460449056990112
0.19506231851748349
0.19567306373485538
0.19601854748136086
0.19513478280744184
0.19506556025605989
0.19469681088155566
0.20229334202919502
0.20213293063555154
0.20285515457328404
0.20308319827854887
0.20210346538629581
0.20304095545988837
0.20333416747282251
0.20392689018658033
0.2044663812749557
0.20534899796273012
0.20412840057113441
0.20367706388938461
0.20345634714287891
0.20310479855315272
0.20304477349341099
0.20233986057390987
0.20312552048942215
0.20260137655430238
0.20679840038941391
0.20688112368436343
0.20709656611301955
0.2079075804703539
0.20841626679604566
0.20865889275643279
0.20776518737059183
0.20783610997557911
0.20793528619927609
0.210154071791054
0.20997311447915026
0.21066984235622468
0.21084173693578456
0.21070110018887633
0.2117197567396733
0.21492605904182108
0.21640287506371858
0.21811246700769918
0.21965765163803858
0.21898837606366056
0.2176016593824909
0.2159691207995709
0.21497852235277598
0.2120478871905418
0.21115442114052707
0.21101278485310432
0.21048362562483819
0.21044480478719732
0.20808559664775386
0.20819492164457171
0.20801532654694019
0.2085355407202456
0.20896114265450882
0.20823106605217059
0.20817985169635453
0.20775085688262018
0.20761407785827007
0.20295986684162839
0.20364615923599588
0.20380902429986436
0.202562877483323
0.20357644128606156
0.20376940228990875
0.20438152646355498
0.20503646675993936
0.20607012653049686
0.20487200643510106
0.20448355883678568
0.20449165776830722
0.20410383428960835
0.20395220357423169
0.20317265872494966
0.20346036022282049
0.20282279233273431
0.20266972104579814
0.19492600220761683
0.19507391749669312
0.19551354190466169
0.19606881188498665
0.19639768347411249
0.1955063760265893
0.19537847967326799
0.19498286678783272
0.19709902889484485
0.19690577750776278
0.19756396677077437
0.19767465280250951
0.19695105011514802
0.19790727603019803
0.1981641661881047
0.19910441294892528
0.19983426584270189
0.2013207059808754
0.20002339798968818
0.19901443187239118
0.19886600527644299
0.198308749104149
0.1981658384394866
0.19730038792101789
0.19757955104257502
0.19705481414879944
0.19692400039662702
0.194667006539291
0.19482189103543579
0.19526760745963512
0.19584833817371031
0.19619032224040503
0.19493634517487496
0.19485733740003541
0.19448607855669159
0.19440023286704453
0.17925997645846029
0.17994779930729426
0.18012831244178604
0.17948810243255933
0.18039139082417591
0.18062963710283328
0.18124784653266626
0.18182400513637495
0.18276852184546905
0.18159793915885841
0.18114979200583892
0.18105857273538367
0.18063937852554171
0.18051644012242432
0.17975091775231442
0.1800809022019372
0.17951656887578998
0.18365504048515011
0.18374074960379852
0.18392911102970225
0.18431876394159186
0.1848336686401835
0.18512122523562138
0.18422432025484822
0.18414692460201615
0.18404086055056029
0.18622054632728885
0.1860486643379903
0.18674230312403495
0.18684244876911937
0.18651708407456577
0.18747547562121616
0.1877035920493062
0.18892296048341325
0.19090785284649542
0.19226689663403204
0.19110481548670852
0.18992169604065781
0.18851519349436446
0.18785242269642147
0.18769265836497054
0.18682611925293971
0.18687670713133353
0.18636645991413298
0.18622182791278491
0.18390762353542997
0.18403514469641358
0.18419664143485925
0.18478963607138582
0.18524604497864619
0.18445290668600925
0.18433840112459163
0.18394845344583696
0.18381150398133284
0.17924361016902551
0.17992877726575257
0.18011944468889404
0.17948001518743975
0.18037905637419091
0.18062821214885647
0.18124062846489744
0.18183027015119685
0.18278437062686595
0.18162975724482436
0.18117701599543584
0.18107695790643047
0.1806425032585276
0.18052094014501402
0.17976426833606818
0.18010108215387502
0.17954407530063349
0.19179773773396794
0.1919738696916623
0.19213029525498226
0.19263518135798213
0.19323129657859109
0.19354899960405766
0.19268492988280589
0.19260346260023167
0.19224249172201785
0.19441415074714322
0.19422437297293399
0.19494961438860636
0.19507353762654045
0.19448328829456232
0.19539575261544526
0.19561307216339968
0.19649979137818105
0.19714546407995895
0.19849595017026539
0.19720064015324365
0.19618992115369746
0.19602881390910976
0.1954348097159008
0.19506865971150222
0.19425698823130128
0.19463359920159598
0.19422444651709572
0.19409247057416362
0.19179757290295923
0.19195091419791865
0.19253527329751763
0.19399191829824169
0.19435087356013361
0.19351055916049981
0.19340719564454562
0.19303847164628238
0.20068804979030375
0.20052712193137434
0.20128823536927232
0.20154297954658226
0.20086162979034361
0.20185963667112
0.20214707085633157
0.20266872851426751
0.20319980174930322
0.20400759235920718
0.20280580085513411
0.20234313147287636
0.20205796857125702
0.20185864280969557
0.20189557683884371
0.20137871465598237
0.20244351235153224
0.20195048046505404
0.2061993239293409
0.20631697150840231
0.20657097826202986
0.20703479747548387
0.20750273758975896
0.2077335922446206
0.20687045807187643
0.20710501623979505
0.20735313928954316
0.20963104269576247
0.20950996497366478
0.21786377838387366
0.21806225730606352
0.21798558328796613
0.21952213577697352
0.22287408041864598
0.22423764569630247
0.22626323947517737
0.22806822691361747
0.22798215287157045
0.2263409819484771
0.22443373903840225
0.2229893125329386
0.21974586818549177
0.21832956261360786
0.21811365561769808
0.21751620944099712
0.20969337373671984
0.20729901314316898
0.20739571238663224
0.20699333087246993
0.20742197400245913
0.20782353523344432
0.20714388750756671
0.20702875581969224
0.20657236964638118
0.20640925516086642
0.20169512887309499
0.2023814212674625
0.2024821150528732
0.20067772173488807
0.20159311956558096
0.20178201821255903
0.20231111488393663
0.20298015287119783
0.20400844202430454
0.20289142357546877
0.20254509082258904
0.20264625267316638
0.20225389750276379
0.20204524347730407
0.20125949790803241
0.20152876598309102
0.20089439322210798
0.20070941761645938
0.19286295195874631
0.19304221506064903
0.19348336014110465
0.19403035683038825
0.19431026538651222
0.19238697714365888
0.1922982053320848
0.19194988559441151
0.19410885204603573
0.19391585558996294
0.19447354926959631
0.19453557919604367
0.19392243885037549
0.19497117444829937
0.19536022686148793
0.1963264311209704
0.19707491399596436
0.19851387636721216
0.19718423138323068
0.19626546519791987
0.19618078541621053
0.19566406123096972
0.19556590766451665
0.19482844250794168
0.1951599308494387
0.19458266136257363
0.19445461225161778
0.19218289073690081
0.19231837852843628
0.19272737684704958
0.19325111702301931
0.19359380652588312
0.19270382384432477
0.19253194092590292
0.19213241403396919
0.19180829735250329
0.1792641334559496
0.17995195630478361
0.18013246943927538
0.17949104303445926
0.18039433142607586
0.18063326303216248
0.18125112878413505
0.18182713031963132
0.18277396856254094
0.18160608279204826
0.18115793563902871
0.18106776682048326
0.18064857261064129
0.18052459931518972
0.17975892984763472
0.18008771288466544
0.17952580327141213
0.18366155977037435
0.18374726888902274
0.18393563031492646
0.18432527735655116
0.18482595897961682
0.18511170180476938
0.1842179854121333
0.18414065060088922
0.18403458654943333
0.1862153173091998
0.18604350031617614
0.18673713910222073
0.18683728474730527
0.18651520607832883
0.1874773611535733
0.18771153416746245
0.18893707463535414
0.19092014079884237
0.19227604128230796
0.19110588405166762
0.18992276460561691
0.18851863081911976
0.18785586002117671
0.18769608728103551
0.18683007872982435
0.18688127313032984
0.18636854319230262
0.18622442491226224
0.1839118857866604
0.18403940694764401
0.18418605998475396
0.18477905462128055
0.18523636570877447
0.18444332797449409
0.18432841088525243
0.18393846320649779
0.18380354215423839
0.17923712964148761
0.17992229673821464
0.18011473995988345
0.17947446603106329
0.18037503146451545
0.18062259775898765
0.18123720762975198
0.18182743920056704
0.18278153967623614
0.18162681704845424
0.18117407579906575
0.18107646280029782
0.18063895352296913
0.18051603189415358
0.17976012021493371
0.1800954830226178
0.17953926559857916
0.17942173811272635
0.17944433460681608
0.17959224989589237
0.180035497450031
0.1806299329375245
0.18095622973576031
0.18007040135645133
0.17994243562670473
0.17956499776748033
0.18168632666777665
0.18149030617488737
0.18214849978189501
0.18227271235706871
0.18173544212877399
0.18267575950199549
0.18292623329392396
0.18385769148402428
0.18456733906392458
0.18599409721424728
0.18469692969121379
0.18368621069166757
0.18353140953290251
0.18297356613995769
0.18282925395378072
0.18203942880042592
0.18231790913297019
0.18179450351623805
0.18166252757330595
0.17942247915615347
0.17957604956138803
0.1800188819775855
0.1806296271949574
0.18097056518395033
0.18008680051003129
0.17994662263751252
0.17957787326300831
0.18714826528508782
0.1869878538914444
0.1877100778291769
0.18793812153444167
0.18720594535886051
0.18814057212551635
0.18841808156903952
0.18901080428279729
0.18955347020884281
0.19043608689661726
0.18923628401619794
0.18878494733444812
0.18856423058794242
0.18823467380808409
0.18817464874834236
0.18750419255022377
0.18827667712507146
0.18775253318995166
0.19194955702506317
0.19205682267677207
0.19227226510542822
0.19272960248876919
0.19323828881446092
0.19347727149214836
0.19258356610630745
0.19263829974413973
0.19273747596783677
0.194964412722682
0.19480553798811076
0.19550226586518518
0.19560736090759592
0.19546672416068767
0.19648473613924058
0.1996910384413883
0.20116785446328581
0.20293408761356252
0.20447927224390189
0.20381130001592654
0.20242458333475688
0.2007920447518369
0.19980354161539521
0.19672367953234848
0.19583021348233379
0.19568857719491103
0.19517177468859967
0.19502965300843059
0.19267044486898716
0.192779769865805
0.19260419386731853
0.19312955794802308
0.19355515988228633
0.19283061439293994
0.19271738148943501
0.1922883866757007
0.19212418203800363
0.18746997102136195
0.18815626341572941
0.18829238920262731
0.18704624238608591
0.18796350411518445
0.18815646511903164
0.18876486948071783
0.18941980977710221
0.19045346954765979
0.18932848734473923
0.18894003974642382
0.18894813867794538
0.18855578350754276
0.18840415279216607
0.18762116414972263
0.18790886564759349
0.18731196975847736
0.18715889847154119
0.17943391625856989
0.17958183154764615
0.18002145595561472
0.18062016592890098
0.18095282592684117
0.18007012960261617
0.17994223324929493
0.17956660464184254
0.1816827667488547
0.18149352848726086
0.18215171775027245
0.18226240378200759
0.18171416135296248
0.18265599596580831
0.18291288612371495
0.18386284109454748
0.18459269398832406
0.18601216322245975
0.18471485523127254
0.18370588911397553
0.18354424708023942
0.18298699090794543
0.182844080243283
0.18202959002362076
0.18230875314517786
0.18178721748167134
0.18165640372949884
0.17942031620193202
0.17957520069807678
0.18002091712227619
0.18063141591823142
0.18097339998492612
0.18009670500657457
0.17995547410974261
0.17958421526639878
0.1961380304219135
0.19590880590888463
0.19685794568268042
0.19704115484636994
0.19640960513760394
0.19735449035302022
0.19764227063458809
0.19826248239720801
0.19883864100091669
0.19973677543458107
0.19855513355779461
0.19810698640477506
0.19816039630791529
0.19774120209807333
0.19767422440526983
0.19690679806107761
0.19725024604226482
0.19672037755841379
0.20089079097601881
0.20097650009466719
0.20117054939367024
0.20165908641170469
0.20218649575463024
0.20247405235006813
0.20149997283015517
0.20142710669706876
0.20130514133211674
0.20345329507108315
0.20324099113786961
0.2039346299239142
0.2040004668781556
0.20363395760472783
0.20454605063972325
0.20474154408471185
0.20583950656044972
0.20777036693145329
0.20918065421737383
0.20801857307005026
0.20684562034951412
0.20543911780322077
0.20476507778582759
0.20460579396105488
0.20370911163060651
0.20373274330392926
0.2028613721706885
0.2027207817432799
0.20040657736592499
0.20053409852690859
0.2007196747678037
0.20132617647286552
0.20186943725762568
0.20124095302149694
0.20116374657211103
0.20077379889335636
0.20056415270339836
0.19598681284713976
0.19667117342997517
0.19686142804181009
0.1961974701072714
0.19707864112337917
0.19729270225268694
0.19837538612460948
0.19990335448300253
0.2008688907340905
0.19971349686204909
0.19927070933707952
0.19922464634666329
0.19883796156425221
0.19872345900392274
0.1979667871949769
0.19827364766492353
0.19770106116331837
0.21010196423046301
0.21027809618815738
0.21043452175147734
0.21100621369223951
0.21159781746316786
0.21192380950964906
0.21107412165987779
0.21101904554565246
0.21066274495352788
0.21292170241564806
0.21273192464143881
0.21347504847456775
0.21359897171250186
0.21289461043625643
0.21381411435866024
0.21401944435553968
0.21487844982116794
0.21543724261115771
0.21679791406676874
0.2155023166812825
0.21449159768173628
0.21431223658279386
0.21370729774084987
0.21321781448696625
0.21235884343541164
0.21300530726247235
0.21260052036333352
0.21246854442040142
0.21013730012073417
0.21029064141569356
0.21112976154121779
0.21309818160902205
0.21347255545216454
0.21268103892061796
0.21259038103042607
0.21222165703216281
0.21991968026454087
0.21975875240561146
0.22053857201891949
0.22080274452226981
0.22017412566688455
0.22118460488698805
0.22147203907219962
0.22191989301414608
0.22243700975140729
0.22322569317011004
0.22202618866484175
0.221563519282584
0.22130219933699741
0.22119972526781737
0.22136507546003267
0.22109911839644311
0.22216872453440356
0.22170061512863512
0.22598623856733435
0.22610388614639604
0.2264003524547934
0.24696973600975633
0.24774980947352868
0.2480655582010724
0.24712570043154591
0.24722578121707608
0.24732235975469161
0.25127375028598586
0.25112263101475113
0.25980054431062377
0.26011476759678986
0.26016306923283544
0.2625077475867244
0.26605924324553831
0.26804453933294908
0.27041912080236147
0.27258480077669023
0.27249918995063799
0.27050691366775043
0.26824102591227528
0.26619192683059462
0.26279991932183561
0.26051335001580489
0.26017631930114044
0.25947595312801358
0.2513051481891499
0.24725631411198998
0.2473703741298553
0.24697138878238739
0.24767506488853222
0.24816247823961313
0.24740234871356664
0.24699202343000187
0.22636766192829957
0.22620175969670728
0.22144710110392185
0.22213339349828964
0.22221133817855665
0.2200285912672586
0.22094323845997182
0.22112214704515398
0.22155607954907139
0.22219319749182379
0.22323000524869765
0.22211298679986211
0.22183056307799182
0.22197032536682607
0.22157797019642322
0.22131351501946536
0.22053762729977316
0.22081523794992666
0.22015486268563733
0.219938019258717
0.21204347445412877
0.21222807182943171
0.21266921690988735
0.21317074012938775
0.21343751355825558
0.21069161949239576
0.21064174176641934
0.21033464869566668
0.21248820648461061
0.21229490848877777
0.21285260216841115
0.21273377188222012
0.21203456311822053
0.21322558325981561
0.21361463567300415
0.21462360966895946
0.21537209254395345
0.21678873880920946
0.2154385184206048
0.21458748102090444
0.21455302096521511
0.21405402387704686
0.21406745168273447
0.21334931321471357
0.21368080155621066
0.21298872122285545
0.21288385335789115
0.21061896847069414
0.21075445626222961
0.21114525163945191
0.21165542781368454
0.21198501472611031
0.21107530089220836
0.21086787475487687
0.21044827349801717
0.2099962034900596
0.19741221811332915
0.19810020018321822
0.19833249387355531
0.19769251681817801
0.19859580520979458
0.19878063441054983
0.19938670366048769
0.19992767515448745
0.20082228075673714
0.19821867513876559
0.19781687402102727
0.19773667627384064
0.19731748206399874
0.19722316944905893
0.19646859667472874
0.19682823498608926
0.19631883231047723
0.20047768735298507
0.20056339647163346
0.20075175789753721
0.20096033181595793
0.20140041829388561
0.2016833224009161
0.20076028295740353
0.20066667420685727
0.20053057836005708
0.20283608165323475
0.20264610331620914
0.20360146306300889
0.20370430473729112
0.20338989942491492
0.20436559439084442
0.20463285795499792
0.2058588754063502
0.20784373134560905
0.20915771733641558
0.20797512504885068
0.20679200560280003
0.20553698296421921
0.20487421216627622
0.20481656487451655
0.20394758218993811
0.20402056536804508
0.20354963613169366
0.20344683225008114
0.20113429312447931
0.20128160135042122
0.20153265945126791
0.20212840674864485
0.20258571783613877
0.20171232588028543
0.20160076224290455
0.2012138053517
0.201046758606478
0.19645409201702183
0.19713925911374888
0.19729675331810373
0.19662480049351033
0.19750856464205799
0.19774240309265362
0.19823789593589491
0.19877688903534452
0.19978858756029066
0.1986338649325087
0.19819090310708326
0.19809329010831533
0.19760493152491027
0.19747964098569565
0.19669422224105051
0.19700755666814335
0.19608885522783367
0.19596147815870146
0.17944433460681605
0.17959224989589237
0.180035497450031
0.1806299329375245
0.18095622973576031
0.18007040135645133
0.17994243562670478
0.17956499776748033
0.18168632666777662
0.18149030617488737
0.18214849978189501
0.18227271235706871
0.18173544212877399
0.18267575950199547
0.18292623329392396
0.18385769148402428
0.18456733906392458
0.18599409721424728
0.18469692969121376
0.18368621069166757
0.18353140953290248
0.18297356613995763
0.18282925395378072
0.18203942880042592
0.18231790913297019
0.18179450351623805
0.18166252757330595
0.17942247915615347
0.17957604956138803
0.1800188819775855
0.1806296271949574
0.18097056518395033
0.18008680051003131
0.17994662263751249
0.17957787326300831
0.18714826528508788
0.1869878538914444
0.1877100778291769
0.1879381215344417
0.18720594535886051
0.18814057212551635
0.18841808156903952
0.18901080428279732
0.18955347020884283
0.19043608689661726
0.18923628401619794
0.18878494733444814
0.18856423058794244
0.18823467380808409
0.18817464874834242
0.18750419255022377
0.18827667712507146
0.18775253318995164
0.19194955702506322
0.19205682267677207
0.19227226510542822
0.19272960248876916
0.1932382888144609
0.19347727149214836
0.19258356610630747
0.19263829974413976
0.19273747596783677
0.194964412722682
0.19480553798811073
0.19550226586518518
0.19560736090759592
0.19546672416068767
0.19648473613924058
0.1996910384413883
0.20116785446328583
0.20293408761356252
0.20447927224390189
0.20381130001592654
0.20242458333475691
0.2007920447518369
0.19980354161539521
0.19672367953234846
0.19583021348233376
0.19568857719491098
0.1951717746885997
0.19502965300843061
0.19267044486898721
0.19277976986580503
0.19260419386731856
0.19312955794802311
0.19355515988228633
0.19283061439293994
0.19271738148943496
0.19228838667570067
0.19212418203800363
0.18746997102136195
0.18815626341572941
0.18829238920262731
0.18704624238608591
0.18796350411518445
0.18815646511903164
0.18876486948071786
0.18941980977710221
0.19045346954765974
0.1893284873447392
0.18894003974642382
0.18894813867794538
0.18855578350754276
0.18840415279216607
0.18762116414972266
0.18790886564759346
0.18731196975847736
0.18715889847154119
0.17943391625856989
0.17958183154764615
0.18002145595561472
0.18062016592890098
0.18095282592684117
0.1800701296026162
0.17994223324929493
0.17956660464184254
0.1816827667488547
0.18149352848726086
0.18215171775027247
0.18226240378200761
0.18171416135296245
0.18265599596580831
0.18291288612371495
0.18386284109454748
0.18459269398832406
0.18601216322245975
0.18471485523127254
0.18370588911397551
0.18354424708023942
0.18298699090794546
0.182844080243283
0.18202959002362076
0.18230875314517786
0.18178721748167129
0.18165640372949884
0.17942031620193202
0.17957520069807681
0.18002091712227616
0.18063141591823142
0.18097339998492612
0.18009670500657457
0.17995547410974261
0.17958421526639878
0.17950452452149063
0.17925997645846029
0.17994779930729426
0.18012831244178604
0.17948810243255933
0.18039139082417591
0.18062963710283328
0.18124784653266626
0.18182400513637495
0.18276852184546905
0.18159793915885847
0.18114979200583892
0.18105857273538367
0.18063937852554174
0.18051644012242438
0.17975091775231439
0.1800809022019372
0.17951656887578996
0.18365504048515011
0.18374074960379852
0.18392911102970225
0.18431876394159183
0.1848336686401835
0.18512122523562138
0.18422432025484825
0.18414692460201618
0.18404086055056032
0.18622054632728882
0.1860486643379903
0.18674230312403489
0.18684244876911937
0.1865170840745658
0.18747547562121616
0.18770359204930614
0.18892296048341325
0.19090785284649545
0.19226689663403204
0.19110481548670852
0.18992169604065781
0.18851519349436446
0.18785242269642147
0.18769265836497057
0.18682611925293974
0.18687670713133353
0.18636645991413303
0.18622182791278494
0.18390762353542997
0.18403514469641358
0.18419664143485925
0.18478963607138582
0.18524604497864616
0.18445290668600925
0.1843384011245916
0.18394845344583693
0.18381150398133281
0.1792436101690256
0.17992877726575257
0.18011944468889404
0.17948001518743975
0.18037905637419088
0.18062821214885647
0.18124062846489741
0.18183027015119682
0.18278437062686598
0.18162975724482436
0.18117701599543584
0.18107695790643047
0.1806425032585276
0.18052094014501402
0.17976426833606818
0.18010108215387502
0.17954407530063346
0.19179773773396794
0.19197386969166227
0.19213029525498226
0.19263518135798213
0.19323129657859109
0.19354899960405769
0.19268492988280589
0.19260346260023165
0.19224249172201785
0.19441415074714316
0.19422437297293396
0.19494961438860636
0.19507353762654042
0.19448328829456232
0.19539575261544517
0.19561307216339965
0.19649979137818102
0.19714546407995892
0.19849595017026542
0.19720064015324365
0.19618992115369746
0.19602881390910976
0.1954348097159008
0.19506865971150222
0.19425698823130133
0.19463359920159598
0.19422444651709572
0.19409247057416362
0.19179757290295926
0.19195091419791863
0.19253527329751763
0.19399191829824169
0.19435087356013361
0.19351055916049981
0.19340719564454562
0.19303847164628238
0.20068804979030375
0.20052712193137431
0.20128823536927232
0.20154297954658221
0.20086162979034358
0.20185963667112
0.20214707085633157
0.20266872851426748
0.20319980174930316
0.20400759235920712
0.20280580085513414
0.20234313147287636
0.20205796857125702
0.20185864280969559
0.20189557683884374
0.20137871465598237
0.20244351235153224
0.20195048046505404
0.2061993239293409
0.20631697150840231
0.20657097826202986
0.20703479747548387
0.2075027375897589
0.2077335922446206
0.20687045807187643
0.20710501623979505
0.20735313928954316
0.20963104269576244
0.20950996497366478
0.21786377838387372
0.21806225730606352
0.21798558328796613
0.21952213577697352
0.22287408041864598
0.22423764569630247
0.22626323947517737
0.22806822691361747
0.22798215287157045
0.2263409819484771
0.22443373903840225
0.2229893125329386
0.21974586818549177
0.21832956261360792
0.21811365561769808
0.21751620944099712
0.2096933737367199
0.20729901314316901
0.20739571238663224
0.20699333087246991
0.20742197400245913
0.20782353523344432
0.20714388750756671
0.20702875581969221
0.2065723696463812
0.20640925516086642
0.20169512887309499
0.2023814212674625
0.20248211505287322
0.20067772173488807
0.20159311956558096
0.20178201821255903
0.20231111488393663
0.20298015287119783
0.20400844202430454
0.20289142357546877
0.20254509082258906
0.20264625267316638
0.20225389750276374
0.20204524347730396
0.20125949790803241
0.201528765983091
0.20089439322210798
0.20070941761645936
0.19286295195874628
0.193042215060649
0.19348336014110468
0.19403035683038825
0.19431026538651228
0.19238697714365888
0.1922982053320848
0.19194988559441148
0.19410885204603573
0.19391585558996294
0.19447354926959629
0.19453557919604372
0.19392243885037549
0.19497117444829939
0.19536022686148796
0.1963264311209704
0.19707491399596438
0.19851387636721216
0.19718423138323066
0.19626546519791987
0.19618078541621056
0.19566406123096972
0.19556590766451665
0.19482844250794168
0.19515993084943872
0.19458266136257366
0.19445461225161775
0.19218289073690079
0.19231837852843631
0.1927273768470496
0.19325111702301931
0.19359380652588312
0.1927038238443248
0.19253194092590292
0.19213241403396925
0.19180829735250327
0.1792641334559496
0.17995195630478361
0.18013246943927541
0.17949104303445926
0.18039433142607586
0.18063326303216254
0.18125112878413502
0.18182713031963132
0.18277396856254094
0.18160608279204826
0.18115793563902871
0.18106776682048323
0.18064857261064129
0.18052459931518972
0.17975892984763475
0.18008771288466544
0.17952580327141213
0.18366155977037438
0.18374726888902274
0.18393563031492652
0.18432527735655121
0.18482595897961682
0.18511170180476938
0.1842179854121333
0.18414065060088924
0.18403458654943336
0.1862153173091998
0.18604350031617614
0.18673713910222073
0.18683728474730521
0.18651520607832886
0.18747736115357333
0.18771153416746247
0.18893707463535414
0.1909201407988424
0.19227604128230796
0.19110588405166762
0.18992276460561691
0.18851863081911976
0.18785586002117671
0.18769608728103548
0.18683007872982435
0.18688127313032987
0.18636854319230262
0.18622442491226224
0.1839118857866604
0.18403940694764404
0.18418605998475399
0.18477905462128055
0.1852363657087745
0.18444332797449409
0.18432841088525243
0.18393846320649784
0.18380354215423839
0.17923712964148764
0.17992229673821464
0.1801147399598835
0.17947446603106329
0.18037503146451542
0.18062259775898762
0.18123720762975196
0.18182743920056704
0.18278153967623614
0.18162681704845424
0.18117407579906569
0.18107646280029777
0.18063895352296916
0.18051603189415358
0.17976012021493371
0.1800954830226178
0.17953926559857916
0.19426715906922379
0.19431046306331548
0.19445837835239177
0.19525475688620852
0.19584919237370202
0.19617913245463747
0.19529330407532852
0.19518241645134998
0.19480497859212553
0.19693542040368819
0.196739399910799
0.19739759351780659
0.19758874393475109
0.19705147370645643
0.19799280291123456
0.19824327670316308
0.19917473489326337
0.19982170372258296
0.2012484618729056
0.19995324303782439
0.19894252403827814
0.1987877228795131
0.19822867550670073
0.19822866109614712
0.19743883594279235
0.19771731627533659
0.19718101725933324
0.19711142946485122
0.19487138104769877
0.19502495145293333
0.1954652109311818
0.19606357543517455
0.19640451342416751
0.1955115988695012
0.19542714498894079
0.19505839561443655
0.20265020681826354
0.20248979542462009
0.20321201936235256
0.20344774938261648
0.20271557320703526
0.20374564560910191
0.20402315505262505
0.20463277593440166
0.20517544186044714
0.20605805854822154
0.20478526854401305
0.20433393186226317
0.20411321511575753
0.20378977930852854
0.20372975424878681
0.20304572193297712
0.20381820650782478
0.20325145171086428
0.2074484755459759
0.20752655943954779
0.20774200186820391
0.20819933925154493
0.20866258601798446
0.2089006451591901
0.20799184566667661
0.2080465793045089
0.20808318997191541
0.21031012672676069
0.21014404529846828
0.21084077317554267
0.21094586821795347
0.21062987121272878
0.2116591813436938
0.21486548364584157
0.21633489603695485
0.21808975854335891
0.21970359522620181
0.21903562299822643
0.2176489063170568
0.21603010655239968
0.21504160341595799
0.21196174133291126
0.2110515144593629
0.2109098781719401
0.21039372499897771
0.21025160331880866
0.20787109047801286
0.20798041547483068
0.20780483947634415
0.20829377625289869
0.20871937818716185
0.20762112174262751
0.20756998588540429
0.20714099107166994
0.20697660468548967
0.20232239366884802
0.20300868606321548
0.20314481185011335
0.20185987029455205
0.20283385564720893
0.20302681665105612
0.20365347380806026
0.20430841410444467
0.2053465983294975
0.20422161612657694
0.20383316852826158
0.20406377294155087
0.20367141777114825
0.20355760562137198
0.2027746169789286
0.20306231847679942
0.20236718376950233
0.20221411248256613
0.1945012649224705
0.19464918021154679
0.19508771473587802
0.19568586685604725
0.19601852685398746
0.19512080113658412
0.19499290478326281
0.19459312729656267
0.19670928940357479
0.19648469337173807
0.19714288263474969
0.1972614936601241
0.19671325123107902
0.1976550858439248
0.19788016656178048
0.2001299399890068
0.20085979288278338
0.20229471586748515
0.20099740787629797
0.19998844175900091
0.19984025070420933
0.19928299453191536
0.19916138741455305
0.19834689719489079
0.19869061418873404
0.1981690785252275
0.19804003192129094
0.19580394439372412
0.19595882888986893
0.19640454531406826
0.19697300978374754
0.19731655067960988
0.19643985570125827
0.19629862480442631
0.19590943343259665
0.21262118007107172
0.21239195555804283
0.21334109533183862
0.21352430449552814
0.21288157287714507
0.21389639066109642
0.21418417094266418
0.21479828615166163
0.21537041237771259
0.216268546811377
0.21504475159145106
0.21459660443843148
0.21471160264617145
0.21429240843632952
0.2142421254955692
0.21347469915137701
0.21382445832998204
0.21329458984613103
0.21754306681499336
0.21762877593364174
0.21782282523264482
0.21833552767967462
0.21886293702260015
0.21915049361803807
0.21807223313588103
0.21799936700279471
0.21788691461287082
0.22003506835183723
0.2198113533532193
0.22050499213926386
0.22057082909350523
0.2201668688077085
0.22107896184270392
0.22120008724153903
0.22229804971727718
0.22419389984814628
0.22565296138136942
0.22449088023404581
0.22331792751350965
0.22191142496721653
0.22122149633247767
0.22106221250770502
0.22015985077086545
0.22018348244418814
0.2191323334704636
0.21900485433018058
0.21669064995282558
0.21681817111380922
0.21700761699661633
0.21761411870167821
0.21841006646744276
0.217781582231314
0.21771027549187597
0.2173203278131213
0.21711068162316324
0.21249463163329221
0.21317899221612763
0.21336924682796249
0.21270296468415201
0.21358413570025972
0.21377850890545236
0.21557246862997678
0.21710043698836992
0.21806597323945789
0.21690257123768911
0.21645978371271954
0.21648767191701332
0.21610098713460221
0.21598946904940505
0.21523279724045916
0.21553965771040584
0.21493816688327536
0.22741111182895929
0.22758724378665399
0.22774366934997353
0.22834063990615475
0.22893224367708337
0.22924127652905887
0.22839158867928766
0.22840777053918837
0.22805146994706368
0.23032699594647363
0.23013721817226418
0.23088034200539342
0.23100426524332723
0.23020016921574449
0.23111967313814843
0.23133462488116638
0.23219363034679502
0.23272645239838682
0.23408727406374555
0.23280799542201211
0.23179727642246581
0.23161791532352355
0.23098837991010945
0.23049889665622611
0.22968665483852138
0.23041727009711224
0.23001248319797368
0.22988050725504133
0.22752847161012749
0.22768181290508652
0.22888078534784648
0.23084920541565104
0.23123007715394295
0.2304385606223964
0.23037867893483371
0.23000995493657031
0.23771343726840991
0.23755250940948019
0.23833232902278859
0.23865387930285509
0.23802526044746986
0.29270308449938764
0.2932677009808799
0.29416562579761446
0.29497500670091537
0.29618657775645069
0.29476873902818351
0.29407272117179073
0.29332020342705595
0.29290998874555446
0.29307621705507508
0.29178458108402111
0.29353493220798427
0.29292855291545139
0.30151292162408944
0.30192919465035678
0.30233947385459525
0.32328348513019095
0.32437145230083708
0.32489441344324005
0.32371107961895651
0.32352098845319066
0.32386650642667941
0.33029890941339701
0.33016942571724089
0.33940423879790921
0.33968749883249572
0.34006737655909119
0.34346807560167625
0.34728229717175302
0.35011697654375817
0.35307316558267682
0.35567495984891911
0.35559548909917582
0.35316989631575779
0.35028995635089316
0.34746991760519358
0.34387786997321579
0.34044662739786941
0.33972018810390381
0.33895260787102938
0.33041142872266394
0.32381222415872429
0.32391875026884354
0.32320051947817297
0.32421000888814183
0.32502932737120782
0.32417075168123072
0.32337522497905058
0.30228655586260794
0.30187068396012617
0.29233241448785702
0.29353799768710676
0.29361974268896235
0.29052403690493228
0.2923622399864711
0.29267365082026647
0.29357248846161776
0.29460597628861929
0.29615889979357551
0.29488317306898959
0.29442995693852786
0.29424950098533265
0.29343619311964114
0.29297989663258084
0.2383573709064333
0.23863498155658669
0.2379708390678682
0.2377539956409476
0.22982872542242921
0.23001332279773176
0.23045446787818738
0.23092524906371048
0.23119202249257825
0.22805475934052616
0.22806728064510493
0.22776018757435215
0.22991374536329634
0.22970694728395527
0.23026464096358895
0.23014581067739759
0.2292573892924758
0.2305090218286954
0.23089807424188383
0.23192256807131545
0.23267105094630916
0.23406772533366707
0.23271750494506258
0.23186646754536203
0.23191837104509092
0.23141937395692244
0.23147088101682781
0.23075274254880662
0.23108423089030372
0.23029729321345754
0.23021187573050028
0.22795998425364017
0.22809547204517527
0.22849203033037754
0.22901348025473864
0.22934306716716432
0.22841701910362211
0.22820959296629045
0.22774692708609043
0.2272948570781331
0.21467534351842449
0.21536332558831361
0.21560282775621845
0.21496285070084115
0.21586613909245778
0.21601073190329639
0.21661680115323426
0.21714002247526615
0.21803462807751584
0.2146876818081101
0.2142858806903718
0.21422272404834503
0.21380352983850309
0.21371675720027361
0.21296218442594345
0.21337753444935889
0.21286813177374686
0.21702399488242297
0.21710970400107132
0.21729806542697511
0.21750663934539574
0.21770232013056887
0.21798522423759933
0.21706065613449657
0.21696704738395028
0.21682008699185643
0.21927446016554369
0.21908448182851809
0.22003984157531783
0.22014268324960007
0.21981676704631994
0.22084104856277259
0.22110831212692608
0.22233432957827867
0.22427105496856603
0.22558504095937262
0.22437464407096569
0.22319152462491493
0.22202802737229435
0.22136525657435108
0.22134330169087774
0.2204743190062993
0.22057125772099084
0.2201003284846394
0.22009369018604821
0.21778115106044635
0.21792845928638821
0.21820563453392969
0.21880138183130668
0.21925869291880057
0.2182725743809234
0.21816101074354252
0.21780537986043461
0.21763833311521261
0.21304852888588338
0.21373369598261041
0.21389119018696523
0.2131946387929245
0.21407840294147218
0.21429961632196251
0.21479510916520383
0.2153072230488752
0.21632809458630498
0.21517337195852304
0.2147304101330976
0.21463279713432967
0.21409640717401979
0.21397111663480517
0.21318403474986689
0.21349736917695974
0.2124057578359857
0.21227838076685343
0.19577255638114652
0.19592047167022283
0.19636393438794941
0.19695836987544296
0.19734145401800049
0.19645562563869151
0.19632961848926769
0.19595218063004324
0.19807350953033956
0.19782616690194565
0.19848436050895327
0.19860857308412694
0.19805536163686646
0.19899567901008794
0.19922353704115431
0.20015499523125466
0.20079405816161452
0.2022208163119372
0.19963467559395889
0.1986239565944127
0.19853178521305473
0.19797394182010988
0.19783473169326488
0.19704490653991005
0.19732338687245432
0.1967631606207261
0.196690968581819
0.19445092016466656
0.19460449056990112
0.19506231851748349
0.19567306373485538
0.19601854748136086
0.19513478280744184
0.19506556025605989
0.19469681088155566
0.20229334202919499
0.20213293063555154
0.20285515457328399
0.20308319827854887
0.20210346538629581
0.20304095545988837
0.20333416747282251
0.20392689018658036
0.2044663812749557
0.2053489979627301
0.20412840057113441
0.20367706388938456
0.20345634714287891
0.20310479855315272
0.20304477349341099
0.20233986057390979
0.20312552048942212
0.20260137655430238
0.20679840038941391
0.20688112368436343
0.20709656611301958
0.20790758047035393
0.20841626679604566
0.20865889275643279
0.20776518737059185
0.20783610997557911
0.20793528619927609
0.21015407179105397
0.20997311447915024
0.21066984235622466
0.21084173693578456
0.21070110018887633
0.21171975673967328
0.21492605904182108
0.21640287506371858
0.21811246700769923
0.21965765163803858
0.21898837606366053
0.2176016593824909
0.2159691207995709
0.21497852235277595
0.2120478871905418
0.2111544211405271
0.21101278485310435
0.21048362562483816
0.21044480478719729
0.20808559664775386
0.20819492164457171
0.20801532654694022
0.20853554072024558
0.20896114265450882
0.20823106605217059
0.2081798516963545
0.20775085688262018
0.20761407785827007
0.20295986684162842
0.20364615923599588
0.20380902429986436
0.20256287748332294
0.20357644128606156
0.20376940228990878
0.20438152646355492
0.20503646675993936
0.20607012653049686
0.20487200643510106
0.20448355883678568
0.20449165776830724
0.20410383428960838
0.20395220357423169
0.20317265872494961
0.20346036022282046
0.20282279233273431
0.20266972104579814
0.19492600220761683
0.19507391749669312
0.19551354190466169
0.19606881188498665
0.19639768347411254
0.19550637602658927
0.19537847967326799
0.19498286678783272
0.19709902889484485
0.19690577750776281
0.19756396677077442
0.19767465280250954
0.19695105011514802
0.197907276030198
0.1981641661881047
0.19910441294892528
0.19983426584270189
0.20132070598087543
0.20002339798968818
0.19901443187239118
0.19886600527644299
0.198308749104149
0.1981658384394866
0.19730038792101792
0.19757955104257499
0.19705481414879944
0.19692400039662697
0.194667006539291
0.19482189103543579
0.19526760745963512
0.19584833817371031
0.19619032224040506
0.19493634517487499
0.19485733740003544
0.19448607855669159
0.19440023286704455
0.17925997645846029
0.17994779930729429
0.18012831244178604
0.1794881024325593
0.18039139082417591
0.18062963710283328
0.18124784653266626
0.18182400513637495
0.18276852184546905
0.18159793915885847
0.18114979200583892
0.18105857273538367
0.18063937852554174
0.18051644012242432
0.17975091775231442
0.1800809022019372
0.17951656887578998
0.18365504048515011
0.18374074960379849
0.18392911102970225
0.18431876394159186
0.18483366864018347
0.18512122523562138
0.18422432025484825
0.18414692460201615
0.18404086055056029
0.18622054632728885
0.18604866433799033
0.18674230312403495
0.18684244876911937
0.1865170840745658
0.18747547562121616
0.18770359204930614
0.18892296048341325
0.19090785284649539
0.19226689663403204
0.19110481548670852
0.18992169604065781
0.18851519349436446
0.18785242269642141
0.18769265836497054
0.18682611925293974
0.18687670713133353
0.18636645991413298
0.18622182791278491
0.18390762353542997
0.18403514469641358
0.18419664143485925
0.18478963607138582
0.18524604497864619
0.18445290668600925
0.18433840112459163
0.18394845344583696
0.18381150398133284
0.17924361016902554
0.17992877726575257
0.1801194446888941
0.17948001518743975
0.18037905637419091
0.18062821214885644
0.18124062846489744
0.18183027015119688
0.18278437062686595
0.18162975724482436
0.18117701599543584
0.18107695790643047
0.1806425032585276
0.18052094014501407
0.17976426833606818
0.18010108215387502
0.17954407530063352
0.19179773773396794
0.19197386969166227
0.19213029525498221
0.19263518135798213
0.19323129657859109
0.19354899960405766
0.19268492988280589
0.19260346260023165
0.19224249172201785
0.19441415074714322
0.19422437297293399
0.19494961438860636
0.19507353762654042
0.19448328829456232
0.1953957526154452
0.19561307216339968
0.19649979137818102
0.19714546407995892
0.19849595017026542
0.19720064015324365
0.19618992115369746
0.19602881390910976
0.1954348097159008
0.19506865971150225
0.19425698823130128
0.19463359920159598
0.19422444651709572
0.19409247057416362
0.19179757290295923
0.19195091419791865
0.19253527329751763
0.19399191829824169
0.19435087356013361
0.19351055916049981
0.19340719564454562
0.19303847164628238
0.20068804979030375
0.20052712193137431
0.20128823536927232
0.20154297954658221
0.20086162979034364
0.20185963667112
0.20214707085633157
0.20266872851426745
0.20319980174930322
0.20400759235920721
0.20280580085513414
0.20234313147287636
0.20205796857125702
0.20185864280969557
0.20189557683884371
0.20137871465598234
0.20244351235153224
0.20195048046505404
0.2061993239293409
0.20631697150840231
0.20657097826202986
0.20703479747548387
0.20750273758975896
0.2077335922446206
0.20687045807187643
0.20710501623979505
0.20735313928954316
0.20963104269576247
0.20950996497366478
0.21786377838387372
0.21806225730606352
0.21798558328796613
0.21952213577697352
0.22287408041864598
0.22423764569630247
0.22626323947517737
0.22806822691361747
0.22798215287157045
0.2263409819484771
0.22443373903840219
0.2229893125329386
0.21974586818549177
0.21832956261360792
0.21811365561769808
0.21751620944099712
0.20969337373671987
0.20729901314316898
0.20739571238663221
0.20699333087246993
0.20742197400245913
0.20782353523344427
0.20714388750756665
0.20702875581969221
0.20657236964638118
0.20640925516086639
0.20169512887309501
0.20238142126746245
0.20248211505287317
0.20067772173488807
0.20159311956558096
0.20178201821255903
0.20231111488393663
0.20298015287119783
0.20400844202430454
0.20289142357546877
0.20254509082258909
0.20264625267316638
0.20225389750276379
0.20204524347730407
0.20125949790803238
0.201528765983091
0.200894393222108
0.20070941761645938
0.19286295195874631
0.19304221506064903
0.19348336014110468
0.19403035683038825
0.19431026538651222
0.19238697714365888
0.1922982053320848
0.19194988559441151
0.19410885204603573
0.19391585558996294
0.19447354926959629
0.19453557919604367
0.19392243885037549
0.19497117444829934
0.19536022686148793
0.19632643112097037
0.19707491399596433
0.19851387636721216
0.19718423138323066
0.19626546519791987
0.19618078541621053
0.19566406123096972
0.19556590766451665
0.19482844250794168
0.19515993084943872
0.19458266136257363
0.19445461225161781
0.19218289073690079
0.19231837852843628
0.19272737684704958
0.19325111702301931
0.19359380652588312
0.19270382384432477
0.19253194092590289
0.19213241403396922
0.19180829735250329
0.17926413345594963
0.17995195630478364
0.18013246943927538
0.17949104303445926
0.18039433142607583
0.18063326303216251
0.18125112878413505
0.18182713031963132
0.18277396856254094
0.18160608279204826
0.18115793563902871
0.18106776682048323
0.18064857261064132
0.18052459931518972
0.17975892984763472
0.18008771288466544
0.17952580327141213
0.18366155977037435
0.18374726888902274
0.18393563031492652
0.18432527735655121
0.18482595897961682
0.18511170180476938
0.18421798541213333
0.18414065060088919
0.18403458654943333
0.1862153173091998
0.18604350031617611
0.18673713910222073
0.18683728474730524
0.18651520607832886
0.18747736115357333
0.18771153416746245
0.18893707463535414
0.19092014079884237
0.19227604128230796
0.19110588405166762
0.18992276460561691
0.18851863081911976
0.18785586002117671
0.18769608728103551
0.18683007872982435
0.18688127313032984
0.18636854319230262
0.18622442491226227
0.18391188578666043
0.18403940694764404
0.18418605998475393
0.18477905462128055
0.18523636570877447
0.18444332797449409
0.18432841088525243
0.18393846320649779
0.18380354215423841
0.17923712964148761
0.17992229673821467
0.1801147399598835
0.17947446603106329
0.18037503146451542
0.18062259775898762
0.18123720762975198
0.18182743920056704
0.18278153967623614
0.18162681704845424
0.18117407579906575
0.18107646280029782
0.18063895352296919
0.18051603189415352
0.17976012021493371
0.1800954830226178
0.17953926559857913
0.17942173811272635
0.17944433460681608
0.17959224989589237
0.180035497450031
0.1806299329375245
0.18095622973576031
0.18007040135645133
0.17994243562670473
0.17956499776748033
0.18168632666777665
0.18149030617488737
0.18214849978189501
0.18227271235706871
0.18173544212877399
0.18267575950199549
0.18292623329392396
0.18385769148402428
0.18456733906392464
0.18599409721424728
0.18469692969121376
0.18368621069166757
0.18353140953290251
0.18297356613995772
0.18282925395378072
0.18203942880042592
0.18231790913297019
0.18179450351623805
0.18166252757330595
0.17942247915615345
0.17957604956138806
0.1800188819775855
0.1806296271949574
0.18097056518395033
0.18008680051003131
0.17994662263751249
0.17957787326300828
0.18714826528508785
0.1869878538914444
0.1877100778291769
0.1879381215344417
0.18720594535886051
0.18814057212551635
0.18841808156903952
0.18901080428279729
0.18955347020884283
0.19043608689661726
0.18923628401619794
0.18878494733444812
0.18856423058794244
0.18823467380808409
0.18817464874834242
0.18750419255022374
0.18827667712507146
0.18775253318995164
0.19194955702506322
0.19205682267677207
0.19227226510542825
0.19272960248876916
0.19323828881446092
0.19347727149214838
0.19258356610630745
0.19263829974413973
0.19273747596783677
0.19496441272268203
0.19480553798811073
0.19550226586518515
0.19560736090759592
0.19546672416068767
0.19648473613924058
0.1996910384413883
0.20116785446328581
0.20293408761356252
0.20447927224390189
0.20381130001592654
0.20242458333475688
0.2007920447518369
0.19980354161539521
0.19672367953234848
0.19583021348233381
0.19568857719491103
0.19517177468859967
0.19502965300843064
0.19267044486898718
0.19277976986580503
0.1926041938673185
0.19312955794802308
0.19355515988228633
0.19283061439293994
0.19271738148943499
0.1922883866757007
0.19212418203800363
0.18746997102136195
0.18815626341572944
0.18829238920262731
0.18704624238608586
0.18796350411518445
0.18815646511903164
0.18876486948071783
0.18941980977710227
0.19045346954765979
0.18932848734473923
0.18894003974642382
0.18894813867794538
0.18855578350754273
0.18840415279216607
0.18762116414972263
0.18790886564759349
0.18731196975847736
0.18715889847154119
0.17943391625856989
0.1795818315476462
0.18002145595561472
0.18062016592890098
0.18095282592684117
0.1800701296026162
0.17994223324929493
0.17956660464184254
0.18168276674885464
0.18149352848726086
0.18215171775027245
0.18226240378200756
0.18171416135296245
0.18265599596580825
0.18291288612371495
0.18386284109454748
0.18459269398832406
0.18601216322245975
0.1847148552312726
0.18370588911397553
0.18354424708023939
0.18298699090794543
0.182844080243283
0.18202959002362076
0.18230875314517786
0.18178721748167129
0.18165640372949884
0.17942031620193205
0.17957520069807681
0.18002091712227616
0.18063141591823142
0.18097339998492615
0.18009670500657457
0.17995547410974261
0.17958421526639878
0.1961380304219135
0.1959088059088846
0.19685794568268042
0.19704115484636994
0.19640960513760394
0.19735449035302025
0.19764227063458809
0.19826248239720801
0.19883864100091667
0.19973677543458104
0.19855513355779461
0.19810698640477506
0.19816039630791529
0.19774120209807333
0.19767422440526983
0.19690679806107766
0.19725024604226479
0.19672037755841379
0.20089079097601883
0.20097650009466719
0.20117054939367029
0.20165908641170469
0.20218649575463024
0.20247405235006813
0.20149997283015514
0.20142710669706873
0.20130514133211674
0.20345329507108315
0.20324099113786961
0.2039346299239142
0.20400046687815557
0.20363395760472783
0.20454605063972325
0.20474154408471179
0.20583950656044972
0.20777036693145329
0.20918065421737381
0.20801857307005026
0.20684562034951412
0.20543911780322074
0.20476507778582753
0.20460579396105488
0.20370911163060651
0.20373274330392926
0.20286137217068848
0.20272078174327993
0.20040657736592499
0.20053409852690859
0.20071967476780367
0.20132617647286555
0.20186943725762568
0.20124095302149694
0.20116374657211103
0.20077379889335642
0.20056415270339834
0.19598681284713979
0.1966711734299752
0.19686142804181012
0.1961974701072714
0.19707864112337914
0.19729270225268694
0.19837538612460942
0.19990335448300253
0.20086889073409053
0.19971349686204903
0.19927070933707949
0.19922464634666334
0.19883796156425221
0.1987234590039228
0.1979667871949769
0.19827364766492353
0.19770106116331837
0.21010196423046301
0.21027809618815738
0.21043452175147734
0.21100621369223951
0.21159781746316786
0.21192380950964906
0.21107412165987782
0.21101904554565246
0.21066274495352788
0.21292170241564806
0.21273192464143886
0.2134750484745678
0.21359897171250186
0.21289461043625643
0.21381411435866024
0.21401944435553968
0.21487844982116794
0.21543724261115771
0.21679791406676871
0.2155023166812825
0.21449159768173628
0.21431223658279386
0.21370729774084987
0.21321781448696625
0.21235884343541162
0.21300530726247238
0.21260052036333352
0.21246854442040142
0.21013730012073417
0.21029064141569359
0.21112976154121779
0.21309818160902205
0.21347255545216454
0.21268103892061793
0.21259038103042607
0.21222165703216281
0.21991968026454087
0.21975875240561141
0.22053857201891949
0.22080274452226981
0.22017412566688457
0.22118460488698805
0.22147203907219956
0.22191989301414608
0.22243700975140729
0.22322569317011004
0.22202618866484175
0.221563519282584
0.22130219933699741
0.22119972526781734
0.22136507546003273
0.22109911839644311
0.22216872453440356
0.22170061512863512
0.22598623856733435
0.22610388614639604
0.2264003524547934
0.24696973600975633
0.24774980947352865
0.24806555820107246
0.24712570043154591
0.24722578121707608
0.24732235975469161
0.25127375028598586
0.25112263101475113
0.25980054431062377
0.26011476759678981
0.26016306923283544
0.2625077475867244
0.26605924324553831
0.26804453933294908
0.27041912080236141
0.27258480077669017
0.27249918995063799
0.27050691366775043
0.26824102591227533
0.26619192683059462
0.26279991932183555
0.26051335001580489
0.26017631930114044
0.25947595312801358
0.25130514818915001
0.24725631411198998
0.2473703741298553
0.24697138878238745
0.24767506488853222
0.24816247823961318
0.24740234871356659
0.24699202343000182
0.22636766192829963
0.22620175969670728
0.22144710110392185
0.22213339349828964
0.22221133817855659
0.2200285912672586
0.22094323845997188
0.22112214704515398
0.22155607954907139
0.22219319749182379
0.22323000524869765
0.22211298679986211
0.22183056307799182
0.22197032536682607
0.22157797019642322
0.22131351501946536
0.22053762729977316
0.22081523794992661
0.2201548626856373
0.219938019258717
0.2120434744541288
0.21222807182943165
0.21266921690988735
0.21317074012938775
0.21343751355825558
0.21069161949239576
0.21064174176641931
0.21033464869566668
0.21248820648461056
0.2122949084887778
0.21285260216841115
0.21273377188222015
0.21203456311822053
0.21322558325981561
0.21361463567300415
0.21462360966895944
0.21537209254395345
0.21678873880920949
0.2154385184206048
0.21458748102090444
0.21455302096521511
0.21405402387704686
0.21406745168273447
0.21334931321471354
0.21368080155621066
0.21298872122285545
0.2128838533578912
0.21061896847069414
0.21075445626222963
0.21114525163945191
0.21165542781368449
0.21198501472611028
0.21107530089220836
0.21086787475487687
0.21044827349801712
0.20999620349005957
0.19741221811332915
0.19810020018321822
0.19833249387355531
0.19769251681817801
0.19859580520979458
0.19878063441054986
0.19938670366048769
0.19992767515448745
0.20082228075673714
0.19821867513876559
0.19781687402102732
0.19773667627384064
0.19731748206399874
0.19722316944905893
0.19646859667472874
0.19682823498608928
0.1963188323104772
0.20047768735298507
0.20056339647163346
0.20075175789753724
0.20096033181595793
0.20140041829388564
0.20168332240091613
0.20076028295740359
0.20066667420685727
0.20053057836005705
0.20283608165323475
0.20264610331620916
0.20360146306300889
0.20370430473729112
0.20338989942491492
0.20436559439084442
0.20463285795499794
0.2058588754063502
0.20784373134560905
0.20915771733641558
0.20797512504885068
0.20679200560280003
0.20553698296421921
0.20487421216627616
0.20481656487451655
0.20394758218993811
0.20402056536804508
0.20354963613169366
0.20344683225008114
0.20113429312447931
0.20128160135042117
0.20153265945126789
0.20212840674864485
0.20258571783613877
0.20171232588028543
0.20160076224290455
0.2012138053517
0.201046758606478
0.19645409201702183
0.19713925911374885
0.19729675331810373
0.19662480049351033
0.19750856464205802
0.19774240309265362
0.19823789593589491
0.19877688903534452
0.19978858756029064
0.19863386493250873
0.19819090310708326
0.19809329010831533
0.19760493152491027
0.19747964098569565
0.19669422224105051
0.19700755666814335
0.19608885522783373
0.19596147815870152
0.17944433460681608
0.17959224989589237
0.180035497450031
0.1806299329375245
0.18095622973576031
0.18007040135645133
0.17994243562670473
0.17956499776748033
0.18168632666777662
0.18149030617488737
0.18214849978189501
0.18227271235706871
0.18173544212877399
0.18267575950199549
0.18292623329392396
0.18385769148402428
0.18456733906392458
0.18599409721424728
0.18469692969121379
0.18368621069166757
0.18353140953290248
0.18297356613995763
0.18282925395378072
0.18203942880042592
0.18231790913297019
0.18179450351623805
0.18166252757330595
0.17942247915615347
0.17957604956138803
0.1800188819775855
0.1806296271949574
0.18097056518395033
0.18008680051003131
0.17994662263751254
0.17957787326300831
0.18714826528508788
0.1869878538914444
0.1877100778291769
0.1879381215344417
0.18720594535886045
0.18814057212551635
0.18841808156903952
0.18901080428279729
0.18955347020884283
0.1904360868966172
0.18923628401619794
0.18878494733444812
0.18856423058794242
0.18823467380808409
0.18817464874834236
0.18750419255022371
0.18827667712507146
0.18775253318995166
0.19194955702506325
0.19205682267677207
0.19227226510542822
0.19272960248876916
0.1932382888144609
0.19347727149214836
0.19258356610630747
0.19263829974413976
0.19273747596783677
0.194964412722682
0.19480553798811076
0.19550226586518518
0.1956073609075959
0.19546672416068767
0.19648473613924056
0.1996910384413883
0.20116785446328583
0.20293408761356252
0.20447927224390189
0.20381130001592654
0.20242458333475691
0.2007920447518369
0.19980354161539521
0.19672367953234848
0.19583021348233373
0.19568857719491101
0.1951717746885997
0.19502965300843061
0.19267044486898721
0.19277976986580503
0.19260419386731853
0.19312955794802311
0.19355515988228636
0.19283061439293991
0.19271738148943501
0.19228838667570067
0.19212418203800363
0.18746997102136195
0.18815626341572944
0.18829238920262731
0.18704624238608586
0.18796350411518448
0.18815646511903164
0.18876486948071786
0.18941980977710221
0.19045346954765979
0.18932848734473923
0.18894003974642382
0.18894813867794538
0.18855578350754276
0.18840415279216607
0.18762116414972266
0.18790886564759349
0.18731196975847736
0.18715889847154119
0.17943391625856989
0.1795818315476462
0.18002145595561472
0.18062016592890098
0.18095282592684117
0.18007012960261617
0.17994223324929493
0.17956660464184254
0.1816827667488547
0.18149352848726086
0.18215171775027247
0.18226240378200759
0.18171416135296248
0.18265599596580831
0.18291288612371495
0.18386284109454748
0.18459269398832406
0.18601216322245975
0.18471485523127251
0.18370588911397551
0.18354424708023942
0.18298699090794543
0.182844080243283
0.18202959002362076
0.18230875314517786
0.18178721748167129
0.18165640372949884
0.17942031620193202
0.17957520069807681
0.18002091712227616
0.18063141591823142
0.18097339998492612
0.18009670500657457
0.17995547410974261
0.17958421526639878
0.17950452452149063
0.17925997645846029
0.17994779930729426
0.18012831244178604
0.17948810243255928
0.18039139082417591
0.18062963710283328
0.18124784653266626
0.18182400513637495
0.18276852184546907
0.18159793915885847
0.18114979200583892
0.18105857273538367
0.18063937852554174
0.18051644012242438
0.17975091775231442
0.1800809022019372
0.17951656887578998
0.18365504048515011
0.18374074960379849
0.18392911102970225
0.18431876394159188
0.1848336686401835
0.18512122523562138
0.18422432025484825
0.18414692460201618
0.18404086055056029
0.18622054632728882
0.1860486643379903
0.18674230312403489
0.1868424487691194
0.18651708407456577
0.18747547562121614
0.18770359204930617
0.18892296048341328
0.19090785284649542
0.1922668966340321
0.19110481548670846
0.18992169604065781
0.18851519349436446
0.18785242269642147
0.18769265836497057
0.18682611925293974
0.18687670713133353
0.186366459914133
0.18622182791278491
0.18390762353542997
0.18403514469641361
0.18419664143485925
0.18478963607138582
0.18524604497864616
0.18445290668600928
0.1843384011245916
0.18394845344583696
0.18381150398133284
0.17924361016902554
0.17992877726575257
0.1801194446888941
0.17948001518743975
0.18037905637419085
0.18062821214885647
0.18124062846489741
0.18183027015119685
0.18278437062686598
0.18162975724482436
0.18117701599543584
0.18107695790643047
0.1806425032585276
0.18052094014501402
0.17976426833606818
0.18010108215387499
0.17954407530063346
0.19179773773396794
0.1919738696916623
0.19213029525498226
0.19263518135798213
0.19323129657859109
0.19354899960405769
0.19268492988280589
0.19260346260023159
0.19224249172201785
0.19441415074714322
0.19422437297293396
0.19494961438860636
0.19507353762654045
0.19448328829456227
0.19539575261544517
0.19561307216339968
0.19649979137818102
0.19714546407995895
0.19849595017026544
0.19720064015324371
0.19618992115369746
0.19602881390910976
0.1954348097159008
0.19506865971150228
0.19425698823130128
0.19463359920159598
0.19422444651709572
0.19409247057416359
0.19179757290295923
0.19195091419791865
0.19253527329751763
0.19399191829824169
0.19435087356013361
0.19351055916049981
0.19340719564454562
0.19303847164628238
0.20068804979030375
0.20052712193137431
0.20128823536927232
0.20154297954658226
0.20086162979034358
0.20185963667112
0.20214707085633157
0.20266872851426748
0.20319980174930316
0.20400759235920718
0.20280580085513411
0.20234313147287636
0.20205796857125702
0.20185864280969559
0.20189557683884371
0.20137871465598237
0.20244351235153224
0.20195048046505401
0.2061993239293409
0.20631697150840231
0.20657097826202986
0.20703479747548392
0.20750273758975893
0.2077335922446206
0.20687045807187643
0.20710501623979502
0.20735313928954316
0.20963104269576244
0.20950996497366478
0.21786377838387372
0.21806225730606352
0.21798558328796613
0.21952213577697352
0.22287408041864598
0.22423764569630247
0.22626323947517737
0.22806822691361747
0.22798215287157045
0.2263409819484771
0.22443373903840225
0.22298931253293863
0.21974586818549177
0.21832956261360792
0.21811365561769808
0.21751620944099706
0.2096933737367199
0.20729901314316898
0.20739571238663224
0.20699333087246991
0.20742197400245913
0.20782353523344432
0.20714388750756671
0.20702875581969221
0.20657236964638118
0.20640925516086642
0.20169512887309499
0.20238142126746247
0.20248211505287322
0.20067772173488807
0.20159311956558096
0.20178201821255903
0.20231111488393663
0.20298015287119783
0.20400844202430454
0.20289142357546877
0.20254509082258906
0.20264625267316638
0.20225389750276374
0.20204524347730407
0.20125949790803241
0.20152876598309102
0.20089439322210798
0.20070941761645938
0.19286295195874634
0.193042215060649
0.19348336014110468
0.19403035683038825
0.19431026538651222
0.19238697714365888
0.1922982053320848
0.19194988559441151
0.19410885204603573
0.19391585558996294
0.19447354926959629
0.19453557919604372
0.19392243885037549
0.19497117444829937
0.19536022686148793
0.1963264311209704
0.19707491399596436
0.19851387636721218
0.19718423138323066
0.19626546519791985
0.19618078541621056
0.19566406123096974
0.19556590766451665
0.19482844250794165
0.19515993084943872
0.19458266136257363
0.19445461225161775
0.19218289073690079
0.19231837852843631
0.19272737684704958
0.19325111702301931
0.19359380652588312
0.1927038238443248
0.19253194092590292
0.19213241403396925
0.19180829735250327
0.17926413345594963
0.17995195630478364
0.18013246943927538
0.17949104303445926
0.18039433142607586
0.18063326303216251
0.18125112878413502
0.18182713031963132
0.18277396856254094
0.18160608279204832
0.18115793563902871
0.18106776682048323
0.18064857261064132
0.18052459931518972
0.17975892984763472
0.18008771288466544
0.17952580327141207
0.18366155977037438
0.18374726888902274
0.18393563031492646
0.18432527735655121
0.18482595897961682
0.18511170180476938
0.18421798541213333
0.18414065060088924
0.18403458654943336
0.1862153173091998
0.18604350031617614
0.18673713910222073
0.18683728474730521
0.18651520607832883
0.18747736115357333
0.18771153416746247
0.18893707463535414
0.1909201407988424
0.19227604128230796
0.19110588405166762
0.18992276460561691
0.18851863081911976
0.18785586002117671
0.18769608728103551
0.18683007872982435
0.18688127313032987
0.18636854319230267
0.18622442491226224
0.1839118857866604
0.18403940694764404
0.18418605998475393
0.18477905462128055
0.18523636570877447
0.18444332797449409
0.18432841088525243
0.18393846320649776
0.18380354215423839
0.17923712964148766
0.17992229673821467
0.18011473995988345
0.17947446603106329
0.18037503146451542
0.18062259775898762
0.18123720762975198
0.18182743920056704
0.18278153967623614
0.18162681704845424
0.18117407579906575
0.18107646280029777
0.18063895352296913
0.18051603189415358
0.17976012021493373
0.1800954830226178
0.17953926559857911
0.19426715906922376
0.19431046306331548
0.19445837835239177
0.19525475688620847
0.19584919237370202
0.19617913245463744
0.19529330407532847
0.19518241645134998
0.19480497859212553
0.19693542040368819
0.19673939991079897
0.19739759351780659
0.19758874393475112
0.19705147370645643
0.19799280291123453
0.19824327670316308
0.19917473489326337
0.19982170372258293
0.2012484618729056
0.19995324303782439
0.19894252403827817
0.1987877228795131
0.19822867550670073
0.19822866109614712
0.19743883594279232
0.19771731627533659
0.19718101725933326
0.19711142946485122
0.19487138104769877
0.19502495145293333
0.1954652109311818
0.19606357543517455
0.19640451342416751
0.1955115988695012
0.19542714498894076
0.19505839561443655
0.2026502068182636
0.20248979542462009
0.20321201936235261
0.20344774938261651
0.20271557320703526
0.20374564560910188
0.20402315505262508
0.20463277593440166
0.20517544186044717
0.2060580585482216
0.20478526854401305
0.20433393186226326
0.20411321511575753
0.20378977930852851
0.20372975424878684
0.20304572193297712
0.20381820650782481
0.20325145171086431
0.2074484755459759
0.20752655943954779
0.20774200186820396
0.20819933925154488
0.20866258601798443
0.2089006451591901
0.20799184566667658
0.2080465793045089
0.20808318997191547
0.21031012672676069
0.21014404529846828
0.21084077317554267
0.21094586821795347
0.21062987121272878
0.21165918134369383
0.21486548364584154
0.21633489603695483
0.21808975854335891
0.21970359522620178
0.21903562299822646
0.21764890631705683
0.21603010655239974
0.21504160341595796
0.21196174133291126
0.21105151445936293
0.2109098781719401
0.21039372499897771
0.21025160331880866
0.20787109047801286
0.20798041547483068
0.20780483947634421
0.20829377625289874
0.20871937818716188
0.20762112174262751
0.20756998588540429
0.20714099107167
0.2069766046854897
0.20232239366884802
0.20300868606321548
0.20314481185011335
0.20185987029455207
0.20283385564720893
0.20302681665105612
0.20365347380806026
0.20430841410444467
0.20534659832949748
0.20422161612657697
0.20383316852826158
0.20406377294155081
0.20367141777114817
0.20355760562137198
0.2027746169789286
0.20306231847679942
0.20236718376950236
0.20221411248256616
0.19450126492247047
0.19464918021154679
0.19508771473587799
0.19568586685604725
0.19601852685398746
0.19512080113658412
0.19499290478326281
0.19459312729656267
0.19670928940357477
0.1964846933717381
0.19714288263474969
0.1972614936601241
0.19671325123107899
0.19765508584392485
0.19788016656178048
0.2001299399890068
0.20085979288278338
0.20229471586748515
0.20099740787629797
0.19998844175900096
0.19984025070420933
0.19928299453191536
0.19916138741455303
0.19834689719489082
0.19869061418873404
0.19816907852522744
0.19804003192129094
0.19580394439372412
0.19595882888986893
0.19640454531406826
0.19697300978374754
0.19731655067960988
0.19643985570125827
0.19629862480442634
0.19590943343259659
0.21262118007107172
0.21239195555804286
0.21334109533183862
0.21352430449552817
0.21288157287714507
0.21389639066109639
0.21418417094266418
0.21479828615166166
0.21537041237771259
0.216268546811377
0.21504475159145106
0.21459660443843148
0.21471160264617145
0.21429240843632952
0.2142421254955692
0.21347469915137701
0.21382445832998204
0.21329458984613103
0.21754306681499336
0.21762877593364172
0.21782282523264482
0.21833552767967457
0.21886293702260015
0.21915049361803804
0.21807223313588103
0.21799936700279471
0.21788691461287082
0.22003506835183728
0.2198113533532193
0.22050499213926386
0.22057082909350523
0.2201668688077085
0.2210789618427039
0.221200087241539
0.22229804971727721
0.22419389984814628
0.22565296138136942
0.22449088023404587
0.22331792751350965
0.22191142496721653
0.2212214963324777
0.22106221250770502
0.22015985077086545
0.22018348244418814
0.21913233347046351
0.21900485433018058
0.21669064995282561
0.21681817111380924
0.21700761699661633
0.21761411870167821
0.21841006646744276
0.217781582231314
0.21771027549187591
0.21732032781312127
0.21711068162316322
0.21249463163329221
0.21317899221612763
0.21336924682796249
0.21270296468415201
0.21358413570025975
0.21377850890545236
0.21557246862997678
0.21710043698836992
0.21806597323945789
0.21690257123768911
0.21645978371271954
0.21648767191701337
0.21610098713460221
0.21598946904940505
0.21523279724045916
0.21553965771040584
0.21493816688327536
0.22741111182895929
0.22758724378665399
0.22774366934997359
0.22834063990615475
0.22893224367708337
0.22924127652905887
0.22839158867928766
0.22840777053918837
0.22805146994706363
0.37484667425031776
0.37455511930683971
0.37619007697049589
0.37634607704893747
0.37522209682020896
0.37713288314770887
0.37784257317520376
0.37928051921445405
0.38022509734382193
0.38230889774373378
0.38043689137804387
0.37927635358004402
0.37861523135011554
0.37721868997383318
0.37603090288388419
0.37397626742803458
0.37493347310404973
0.37455769789485793
0.37405782090229495
0.36836576190022974
0.36862596142155535
0.37010159718978902
0.37420673206729332
0.3748259166433901
0.3735629192051364
0.37315998411497603
0.37241269769470825
0.39214949920149611
0.3919685999769813
0.39372667013113494
0.39419542606397096
0.3931681514241317
0.44896268229350239
0.45012428137875804
0.45131066192774111
0.45247922628504905
0.45444645412896706
0.45208138910111684
0.45129465165300497
0.44972721095394985
0.44930964301915488
0.44913738585191743
0.44656216426626832
0.45043287188489006
0.44962943423865886
0.46477669886510758
0.46558750625185319
0.46626638813466653
0.48763320155708934
0.48928355039652205
0.48981192656665312
0.48808927989712175
0.48764870873434263
0.48907006939794756
0.49878841600991347
0.49871389817617728
0.50878647640270591
0.50904161803805226
0.51001891158660284
0.51465991251437637
0.51907984418067388
0.52306796737126149
0.52693888844821146
0.52992479964901484
0.52984868369686344
0.52710478037605946
0.52335201590741798
0.51936276749535981
0.51525138730876907
0.51044323732617836
0.50900658590099446
0.50805715057965362
0.49906061593606077
0.48900915470048223
0.48909647330567962
0.48726759208135778
0.48887323102512498
0.48995922477742793
0.48899773763839266
0.48784614613762906
0.46619995298561689
0.46538238303907969
0.44854777634269516
0.45060581904232549
0.4505981031705189
0.44532900364966727
0.4481948456980111
0.44889862016776627
0.45013779420412497
0.45178047006489802
0.45436764057413925
0.45228861772695178
0.45195613922233113
0.45166766379617362
0.45034947046502505
0.44941099836315107
0.39355517925560157
0.39408247793329704
0.39300575001851495
0.39232078564141271
0.37206506234446174
0.37240819287612636
0.37317348623759578
0.37434772432192853
0.37471059670593998
0.36972547759843188
0.36936890258995214
0.36869631800677166
0.37404258535015261
0.3737255920493559
0.37478409240365856
0.37471105932977766
0.37352912597365262
0.37581026952678925
0.37709047844197352
0.37877002377613922
0.38005635724703463
0.38230106504503431
0.38027960930459603
0.37943989164621711
0.37912287960247848
0.37797632950376464
0.37770104786331499
0.37585563492999113
0.37639284198297573
0.37526970847955965
0.37482512469799623
0.36926364045899424
0.22809547204517533
0.2284920303303776
0.22901348025473864
0.22934306716716432
0.22841701910362211
0.22820959296629045
0.22774692708609043
0.2272948570781331
0.21467534351842449
0.21536332558831361
0.21560282775621845
0.2149628507008412
0.21586613909245775
0.21601073190329639
0.21661680115323423
0.21714002247526615
0.21803462807751586
0.21468768180811013
0.2142858806903718
0.21422272404834503
0.21380352983850309
0.21371675720027361
0.21296218442594342
0.21337753444935889
0.21286813177374683
0.21702399488242297
0.2171097040010713
0.21729806542697505
0.21750663934539574
0.21770232013056887
0.21798522423759936
0.21706065613449657
0.21696704738395031
0.2168200869918564
0.21927446016554367
0.21908448182851811
0.22003984157531778
0.22014268324960007
0.21981676704631994
0.22084104856277259
0.22110831212692608
0.22233432957827867
0.22427105496856603
0.22558504095937257
0.22437464407096569
0.22319152462491493
0.22202802737229435
0.22136525657435113
0.22134330169087774
0.2204743190062993
0.22057125772099082
0.22010032848463945
0.22009369018604821
0.21778115106044632
0.21792845928638821
0.21820563453392963
0.21880138183130668
0.21925869291880057
0.2182725743809234
0.21816101074354252
0.21780537986043458
0.21763833311521258
0.21304852888588335
0.21373369598261036
0.2138911901869652
0.2131946387929245
0.21407840294147221
0.21429961632196251
0.21479510916520383
0.2153072230488752
0.21632809458630498
0.21517337195852304
0.2147304101330976
0.2146327971343297
0.21409640717401981
0.21397111663480517
0.21318403474986689
0.21349736917695974
0.21240575783598573
0.21227838076685343
0.19577255638114652
0.19592047167022283
0.19636393438794941
0.19695836987544291
0.19734145401800049
0.19645562563869151
0.19632961848926769
0.19595218063004324
0.19807350953033953
0.19782616690194565
0.19848436050895327
0.19860857308412699
0.19805536163686646
0.19899567901008794
0.19922353704115431
0.20015499523125463
0.20079405816161452
0.2022208163119372
0.19963467559395892
0.19862395659441268
0.19853178521305473
0.19797394182010988
0.19783473169326488
0.19704490653991011
0.19732338687245435
0.1967631606207261
0.19669096858181898
0.19445092016466656
0.19460449056990103
0.19506231851748349
0.19567306373485538
0.19601854748136086
0.19513478280744184
0.19506556025605987
0.19469681088155566
0.20229334202919499
0.20213293063555157
0.20285515457328404
0.20308319827854887
0.20210346538629581
0.20304095545988837
0.20333416747282251
0.20392689018658031
0.2044663812749557
0.20534899796273012
0.20412840057113441
0.20367706388938461
0.20345634714287891
0.20310479855315272
0.20304477349341099
0.20233986057390982
0.20312552048942212
0.20260137655430238
0.20679840038941394
0.20688112368436343
0.20709656611301958
0.20790758047035393
0.20841626679604569
0.20865889275643279
0.20776518737059183
0.20783610997557914
0.20793528619927606
0.21015407179105397
0.20997311447915024
0.21066984235622468
0.21084173693578456
0.21070110018887633
0.21171975673967328
0.21492605904182108
0.21640287506371858
0.21811246700769918
0.21965765163803858
0.21898837606366056
0.2176016593824909
0.21596912079957095
0.21497852235277595
0.2120478871905418
0.21115442114052715
0.21101278485310432
0.21048362562483813
0.21044480478719729
0.20808559664775386
0.20819492164457171
0.20801532654694022
0.2085355407202456
0.20896114265450882
0.20823106605217062
0.20817985169635453
0.20775085688262016
0.20761407785827007
0.20295986684162837
0.20364615923599588
0.20380902429986433
0.202562877483323
0.20357644128606156
0.20376940228990875
0.20438152646355492
0.20503646675993936
0.20607012653049686
0.20487200643510106
0.20448355883678568
0.20449165776830724
0.20410383428960835
0.20395220357423169
0.20317265872494966
0.20346036022282046
0.20282279233273429
0.20266972104579814
0.19492600220761683
0.19507391749669312
0.19551354190466169
0.19606881188498665
0.19639768347411254
0.19550637602658927
0.19537847967326799
0.19498286678783269
0.19709902889484485
0.19690577750776281
0.19756396677077442
0.19767465280250954
0.19695105011514802
0.19790727603019806
0.1981641661881047
0.19910441294892525
0.19983426584270189
0.20132070598087543
0.20002339798968821
0.19901443187239118
0.19886600527644302
0.198308749104149
0.1981658384394866
0.19730038792101787
0.19757955104257499
0.1970548141487995
0.19692400039662702
0.194667006539291
0.19482189103543579
0.19526760745963512
0.19584833817371031
0.196190322240405
0.19493634517487496
0.19485733740003544
0.19448607855669156
0.19440023286704455
0.17925997645846026
0.17994779930729429
0.18012831244178604
0.1794881024325593
0.18039139082417591
0.18062963710283333
0.18124784653266626
0.18182400513637495
0.18276852184546907
0.18159793915885844
0.18114979200583892
0.18105857273538367
0.18063937852554174
0.18051644012242432
0.17975091775231442
0.1800809022019372
0.17951656887578998
0.18365504048515011
0.18374074960379852
0.18392911102970225
0.18431876394159186
0.1848336686401835
0.18512122523562138
0.18422432025484822
0.18414692460201609
0.18404086055056029
0.18622054632728885
0.18604866433799033
0.18674230312403489
0.18684244876911943
0.1865170840745658
0.18747547562121614
0.18770359204930617
0.18892296048341325
0.19090785284649542
0.19226689663403204
0.19110481548670846
0.18992169604065781
0.18851519349436446
0.18785242269642144
0.18769265836497054
0.18682611925293971
0.18687670713133353
0.18636645991413298
0.18622182791278494
0.18390762353542997
0.18403514469641358
0.18419664143485925
0.18478963607138582
0.18524604497864616
0.18445290668600928
0.1843384011245916
0.18394845344583696
0.18381150398133281
0.17924361016902554
0.17992877726575257
0.18011944468889407
0.17948001518743975
0.18037905637419088
0.18062821214885647
0.18124062846489744
0.18183027015119685
0.18278437062686595
0.18162975724482436
0.18117701599543584
0.18107695790643047
0.1806425032585276
0.18052094014501402
0.17976426833606815
0.18010108215387502
0.17954407530063349
0.19179773773396794
0.19197386969166227
0.19213029525498226
0.19263518135798213
0.19323129657859109
0.19354899960405769
0.19268492988280589
0.19260346260023165
0.19224249172201785
0.19441415074714324
0.19422437297293396
0.19494961438860636
0.19507353762654042
0.19448328829456235
0.19539575261544526
0.19561307216339968
0.19649979137818102
0.19714546407995892
0.19849595017026539
0.19720064015324371
0.19618992115369746
0.19602881390910976
0.1954348097159008
0.19506865971150222
0.1942569882313013
0.19463359920159598
0.19422444651709572
0.19409247057416359
0.19179757290295926
0.19195091419791865
0.19253527329751763
0.19399191829824169
0.19435087356013361
0.19351055916049981
0.19340719564454562
0.19303847164628238
0.20068804979030375
0.20052712193137434
0.20128823536927232
0.20154297954658223
0.20086162979034358
0.20185963667112
0.20214707085633157
0.20266872851426748
0.20319980174930316
0.20400759235920721
0.20280580085513411
0.20234313147287636
0.20205796857125702
0.20185864280969559
0.20189557683884374
0.20137871465598237
0.20244351235153218
0.20195048046505407
0.2061993239293409
0.20631697150840234
0.20657097826202989
0.20703479747548389
0.2075027375897589
0.2077335922446206
0.2068704580718764
0.20710501623979505
0.20735313928954313
0.20963104269576247
0.20950996497366475
0.21786377838387372
0.21806225730606349
0.21798558328796613
0.21952213577697352
0.22287408041864601
0.22423764569630247
0.22626323947517737
0.22806822691361747
0.22798215287157039
0.2263409819484771
0.22443373903840219
0.2229893125329386
0.21974586818549177
0.21832956261360786
0.21811365561769808
0.21751620944099712
0.20969337373671987
0.20729901314316898
0.20739571238663224
0.20699333087246993
0.20742197400245913
0.20782353523344432
0.20714388750756671
0.20702875581969221
0.2065723696463812
0.20640925516086639
0.20169512887309499
0.20238142126746247
0.20248211505287317
0.2006777217348881
0.20159311956558096
0.20178201821255903
0.20231111488393663
0.20298015287119783
0.20400844202430454
0.20289142357546877
0.20254509082258904
0.20264625267316638
0.20225389750276382
0.20204524347730407
0.20125949790803238
0.20152876598309102
0.200894393222108
0.20070941761645938
0.19286295195874631
0.193042215060649
0.19348336014110468
0.19403035683038825
0.19431026538651222
0.19238697714365893
0.1922982053320848
0.19194988559441151
0.19410885204603573
0.19391585558996294
0.19447354926959634
0.19453557919604367
0.19392243885037549
0.19497117444829934
0.19536022686148793
0.19632643112097037
0.19707491399596438
0.19851387636721218
0.19718423138323068
0.19626546519791987
0.19618078541621056
0.19566406123096966
0.19556590766451667
0.19482844250794165
0.19515993084943872
0.19458266136257363
0.19445461225161778
0.19218289073690081
0.19231837852843628
0.1927273768470496
0.19325111702301931
0.19359380652588312
0.1927038238443248
0.19253194092590295
0.19213241403396925
0.19180829735250327
0.17926413345594963
0.17995195630478364
0.18013246943927538
0.17949104303445926
0.18039433142607586
0.18063326303216251
0.18125112878413505
0.18182713031963132
0.18277396856254094
0.18160608279204826
0.18115793563902871
0.18106776682048326
0.18064857261064129
0.18052459931518972
0.17975892984763475
0.18008771288466544
0.17952580327141207
0.18366155977037435
0.18374726888902274
0.18393563031492646
0.18432527735655119
0.18482595897961682
0.18511170180476938
0.1842179854121333
0.18414065060088922
0.18403458654943336
0.1862153173091998
0.18604350031617614
0.18673713910222073
0.18683728474730521
0.18651520607832886
0.18747736115357333
0.18771153416746245
0.18893707463535414
0.19092014079884237
0.19227604128230796
0.19110588405166762
0.18992276460561691
0.18851863081911976
0.18785586002117671
0.18769608728103548
0.18683007872982435
0.18688127313032984
0.18636854319230262
0.18622442491226227
0.1839118857866604
0.18403940694764404
0.18418605998475399
0.18477905462128055
0.18523636570877447
0.18444332797449409
0.18432841088525243
0.18393846320649779
0.18380354215423841
0.17923712964148761
0.17992229673821464
0.18011473995988345
0.17947446603106329
0.18037503146451542
0.18062259775898762
0.18123720762975201
0.18182743920056704
0.18278153967623612
0.18162681704845424
0.18117407579906569
0.18107646280029782
0.18063895352296916
0.18051603189415358
0.17976012021493368
0.1800954830226178
0.17953926559857911
0.17942173811272635
0.17944433460681611
0.17959224989589237
0.180035497450031
0.1806299329375245
0.18095622973576031
0.18007040135645133
0.17994243562670478
0.17956499776748033
0.18168632666777665
0.18149030617488737
0.18214849978189501
0.18227271235706871
0.18173544212877399
0.18267575950199549
0.18292623329392396
0.18385769148402428
0.18456733906392458
0.18599409721424728
0.18469692969121376
0.18368621069166755
0.18353140953290248
0.18297356613995772
0.18282925395378072
0.1820394288004259
0.18231790913297019
0.18179450351623805
0.18166252757330595
0.17942247915615347
0.17957604956138803
0.1800188819775855
0.1806296271949574
0.18097056518395033
0.18008680051003129
0.17994662263751249
0.17957787326300831
0.18714826528508788
0.1869878538914444
0.18771007782917684
0.1879381215344417
0.18720594535886051
0.18814057212551635
0.18841808156903952
0.18901080428279729
0.18955347020884281
0.1904360868966172
0.18923628401619794
0.18878494733444812
0.18856423058794242
0.18823467380808409
0.18817464874834242
0.18750419255022377
0.18827667712507146
0.18775253318995164
0.19194955702506322
0.19205682267677207
0.19227226510542822
0.19272960248876919
0.1932382888144609
0.19347727149214836
0.19258356610630747
0.19263829974413979
0.19273747596783677
0.194964412722682
0.19480553798811073
0.19550226586518518
0.19560736090759592
0.19546672416068767
0.19648473613924053
0.1996910384413883
0.20116785446328581
0.20293408761356252
0.20447927224390189
0.20381130001592654
0.20242458333475691
0.2007920447518369
0.19980354161539521
0.19672367953234848
0.19583021348233379
0.19568857719491101
0.19517177468859967
0.19502965300843061
0.19267044486898718
0.19277976986580503
0.1926041938673185
0.19312955794802311
0.19355515988228633
0.19283061439293994
0.19271738148943501
0.1922883866757007
0.19212418203800363
0.18746997102136198
0.18815626341572941
0.18829238920262731
0.18704624238608591
0.18796350411518445
0.18815646511903164
0.18876486948071786
0.18941980977710227
0.19045346954765979
0.18932848734473923
0.18894003974642384
0.18894813867794538
0.18855578350754273
0.18840415279216607
0.18762116414972263
0.18790886564759349
0.18731196975847736
0.18715889847154119
0.17943391625856989
0.1795818315476462
0.18002145595561472
0.18062016592890101
0.18095282592684117
0.1800701296026162
0.17994223324929487
0.17956660464184254
0.18168276674885467
0.18149352848726086
0.18215171775027245
0.18226240378200759
0.18171416135296248
0.18265599596580828
0.18291288612371495
0.18386284109454748
0.18459269398832406
0.18601216322245975
0.18471485523127254
0.18370588911397556
0.18354424708023942
0.18298699090794543
0.182844080243283
0.18202959002362076
0.18230875314517786
0.18178721748167134
0.18165640372949884
0.17942031620193205
0.17957520069807684
0.18002091712227619
0.18063141591823142
0.18097339998492615
0.18009670500657457
0.17995547410974258
0.17958421526639878
0.1961380304219135
0.1959088059088846
0.19685794568268039
0.19704115484636991
0.19640960513760394
0.19735449035302027
0.19764227063458809
0.19826248239720801
0.19883864100091667
0.19973677543458104
0.19855513355779458
0.19810698640477506
0.19816039630791529
0.19774120209807336
0.19767422440526983
0.19690679806107766
0.19725024604226479
0.19672037755841379
0.20089079097601881
0.20097650009466719
0.20117054939367027
0.20165908641170466
0.20218649575463024
0.20247405235006813
0.20149997283015514
0.20142710669706873
0.20130514133211674
0.20345329507108315
0.20324099113786961
0.2039346299239142
0.2040004668781556
0.20363395760472783
0.20454605063972328
0.20474154408471182
0.20583950656044972
0.20777036693145329
0.20918065421737383
0.2080185730700502
0.20684562034951412
0.20543911780322074
0.20476507778582753
0.20460579396105488
0.20370911163060651
0.20373274330392924
0.2028613721706885
0.2027207817432799
0.20040657736592493
0.20053409852690859
0.2007196747678037
0.20132617647286552
0.20186943725762568
0.20124095302149689
0.20116374657211103
0.20077379889335636
0.20056415270339836
0.19598681284713979
0.19667117342997523
0.19686142804181012
0.1961974701072714
0.19707864112337917
0.19729270225268694
0.19837538612460945
0.19990335448300253
0.2008688907340905
0.19971349686204906
0.19927070933707949
0.19922464634666334
0.19883796156425221
0.1987234590039228
0.1979667871949769
0.19827364766492353
0.19770106116331834
0.21010196423046301
0.21027809618815738
0.21043452175147734
0.21100621369223951
0.21159781746316786
0.21192380950964906
0.21107412165987782
0.21101904554565246
0.21066274495352791
0.21292170241564812
0.21273192464143881
0.2134750484745678
0.21359897171250186
0.21289461043625643
0.21381411435866024
0.21401944435553968
0.21487844982116794
0.21543724261115771
0.21679791406676871
0.21550231668128253
0.21449159768173628
0.21431223658279386
0.2137072977408499
0.21321781448696625
0.21235884343541162
0.21300530726247235
0.21260052036333352
0.21246854442040142
0.2101373001207342
0.21029064141569354
0.21112976154121779
0.21309818160902205
0.21347255545216454
0.21268103892061793
0.21259038103042607
0.21222165703216286
0.21991968026454087
0.21975875240561143
0.22053857201891947
0.22080274452226981
0.22017412566688457
0.22118460488698805
0.22147203907219956
0.22191989301414608
0.22243700975140726
0.22322569317011004
0.22202618866484175
0.22156351928258403
0.22130219933699741
0.22119972526781731
0.22136507546003273
0.22109911839644311
0.22216872453440351
0.22170061512863512
0.22598623856733435
0.22610388614639604
0.22640035245479345
0.24696973600975633
0.24774980947352865
0.24806555820107246
0.24712570043154591
0.24722578121707608
0.24732235975469161
0.25127375028598586
0.25112263101475113
0.25980054431062377
0.26011476759678986
0.26016306923283544
0.26250774758672435
0.26605924324553831
0.26804453933294908
0.27041912080236141
0.27258480077669023
0.27249918995063799
0.27050691366775043
0.26824102591227528
0.26619192683059462
0.26279991932183555
0.26051335001580489
0.26017631930114049
0.25947595312801353
0.25130514818914995
0.24725631411198998
0.2473703741298553
0.24697138878238745
0.24767506488853222
0.24816247823961313
0.24740234871356664
0.24699202343000187
0.22636766192829963
0.22620175969670733
0.22144710110392185
0.22213339349828964
0.22221133817855659
0.2200285912672586
0.22094323845997188
0.22112214704515398
0.22155607954907139
0.22219319749182379
0.22323000524869765
0.22211298679986205
0.22183056307799176
0.22197032536682607
0.22157797019642322
0.22131351501946536
0.22053762729977322
0.22081523794992661
0.22015486268563728
0.21993801925871695
0.21204347445412877
0.21222807182943171
0.21266921690988735
0.21317074012938775
0.21343751355825558
0.21069161949239576
0.21064174176641931
0.21033464869566668
0.21248820648461059
0.21229490848877777
0.21285260216841118
0.21273377188222015
0.21203456311822053
0.21322558325981555
0.21361463567300415
0.21462360966895949
0.21537209254395345
0.21678873880920949
0.21543851842060485
0.21458748102090444
0.21455302096521511
0.21405402387704686
0.21406745168273447
0.21334931321471357
0.21368080155621064
0.21298872122285545
0.21288385335789115
0.21061896847069414
0.21075445626222966
0.21114525163945191
0.21165542781368449
0.21198501472611028
0.21107530089220836
0.21086787475487687
0.21044827349801712
0.20999620349005957
0.19741221811332912
0.19810020018321822
0.19833249387355528
0.19769251681817801
0.19859580520979461
0.19878063441054983
0.19938670366048769
0.19992767515448745
0.20082228075673714
0.19821867513876557
0.19781687402102727
0.19773667627384064
0.19731748206399874
0.1972231694490589
0.19646859667472877
0.19682823498608928
0.19631883231047717
0.20047768735298513
0.20056339647163346
0.20075175789753721
0.20096033181595793
0.20140041829388561
0.2016833224009161
0.20076028295740353
0.20066667420685724
0.20053057836005705
0.20283608165323475
0.20264610331620914
0.20360146306300889
0.20370430473729112
0.20338989942491492
0.2043655943908444
0.20463285795499792
0.20585887540635023
0.2078437313456091
0.20915771733641558
0.20797512504885068
0.20679200560280003
0.20553698296421921
0.20487421216627616
0.20481656487451655
0.20394758218993811
0.20402056536804505
0.20354963613169366
0.20344683225008114
0.20113429312447931
0.20128160135042117
0.20153265945126791
0.20212840674864488
0.20258571783613877
0.20171232588028543
0.20160076224290455
0.2012138053517
0.20104675860647797
0.19645409201702183
0.19713925911374885
0.19729675331810373
0.19662480049351033
0.19750856464205802
0.19774240309265362
0.19823789593589491
0.19877688903534452
0.19978858756029064
0.1986338649325087
0.19819090310708326
0.19809329010831533
0.19760493152491027
0.19747964098569565
0.19669422224105051
0.19700755666814332
0.19608885522783373
0.19596147815870146
0.17944433460681605
0.17959224989589237
0.18003549745003095
0.1806299329375245
0.18095622973576031
0.18007040135645133
0.17994243562670473
0.17956499776748033
0.18168632666777665
0.18149030617488737
0.18214849978189501
0.18227271235706871
0.18173544212877399
0.18267575950199549
0.18292623329392396
0.18385769148402428
0.18456733906392458
0.18599409721424728
0.18469692969121379
0.18368621069166757
0.18353140953290248
0.18297356613995763
0.18282925395378069
0.18203942880042592
0.18231790913297019
0.18179450351623805
0.18166252757330595
0.17942247915615347
0.17957604956138806
0.1800188819775855
0.1806296271949574
0.18097056518395033
0.18008680051003131
0.17994662263751252
0.17957787326300828
0.18714826528508788
0.1869878538914444
0.1877100778291769
0.18793812153444167
0.18720594535886045
0.18814057212551635
0.18841808156903952
0.18901080428279729
0.18955347020884283
0.19043608689661726
0.18923628401619794
0.18878494733444812
0.18856423058794242
0.18823467380808406
0.18817464874834242
0.18750419255022377
0.18827667712507146
0.18775253318995164
0.19194955702506319
0.19205682267677207
0.19227226510542822
0.19272960248876916
0.19323828881446092
0.19347727149214836
0.19258356610630747
0.19263829974413973
0.19273747596783677
0.194964412722682
0.19480553798811076
0.19550226586518518
0.19560736090759592
0.19546672416068767
0.19648473613924053
0.1996910384413883
0.20116785446328581
0.20293408761356252
0.20447927224390189
0.20381130001592654
0.20242458333475688
0.2007920447518369
0.19980354161539521
0.19672367953234848
0.19583021348233373
0.19568857719491103
0.19517177468859967
0.19502965300843061
0.19267044486898718
0.19277976986580503
0.1926041938673185
0.19312955794802308
0.19355515988228633
0.19283061439293994
0.19271738148943501
0.1922883866757007
0.19212418203800363
0.18746997102136195
0.18815626341572941
0.18829238920262731
0.18704624238608591
0.18796350411518445
0.18815646511903164
0.18876486948071786
0.18941980977710221
0.19045346954765979
0.18932848734473923
0.18894003974642382
0.18894813867794538
0.18855578350754276
0.18840415279216607
0.18762116414972263
0.18790886564759349
0.18731196975847736
0.18715889847154119
0.17943391625856989
0.17958183154764615
0.18002145595561472
0.18062016592890098
0.18095282592684117
0.1800701296026162
0.17994223324929487
0.17956660464184251
0.1816827667488547
0.18149352848726086
0.18215171775027245
0.18226240378200761
0.18171416135296248
0.18265599596580831
0.18291288612371501
0.18386284109454748
0.18459269398832406
0.18601216322245975
0.18471485523127254
0.18370588911397551
0.18354424708023942
0.18298699090794543
0.182844080243283
0.18202959002362076
0.18230875314517786
0.18178721748167129
0.18165640372949884
0.17942031620193202
0.17957520069807678
0.18002091712227619
0.18063141591823142
0.18097339998492615
0.18009670500657457
0.17995547410974261
0.17958421526639878
0.17950452452149063
0.17925997645846029
0.17994779930729426
0.18012831244178604
0.17948810243255928
0.18039139082417591
0.18062963710283328
0.18124784653266626
0.18182400513637495
0.18276852184546905
0.18159793915885847
0.18114979200583892
0.18105857273538367
0.18063937852554174
0.18051644012242438
0.17975091775231442
0.18008090220193718
0.17951656887578996
0.18365504048515011
0.18374074960379852
0.18392911102970225
0.18431876394159186
0.1848336686401835
0.18512122523562138
0.18422432025484825
0.18414692460201618
0.18404086055056029
0.18622054632728882
0.1860486643379903
0.18674230312403489
0.1868424487691194
0.18651708407456577
0.18747547562121614
0.18770359204930617
0.18892296048341325
0.19090785284649539
0.19226689663403207
0.19110481548670852
0.18992169604065781
0.18851519349436446
0.18785242269642141
0.18769265836497057
0.18682611925293974
0.18687670713133353
0.186366459914133
0.18622182791278491
0.18390762353542997
0.18403514469641358
0.18419664143485925
0.18478963607138582
0.18524604497864616
0.18445290668600928
0.18433840112459163
0.18394845344583696
0.18381150398133284
0.17924361016902554
0.17992877726575257
0.18011944468889404
0.17948001518743975
0.18037905637419085
0.18062821214885644
0.18124062846489741
0.18183027015119685
0.18278437062686592
0.18162975724482436
0.18117701599543584
0.18107695790643047
0.1806425032585276
0.18052094014501402
0.17976426833606818
0.18010108215387502
0.17954407530063346
0.19179773773396794
0.19197386969166227
0.19213029525498226
0.19263518135798219
0.19323129657859109
0.19354899960405766
0.19268492988280589
0.19260346260023165
0.19224249172201785
0.19441415074714319
0.19422437297293396
0.19494961438860636
0.19507353762654042
0.19448328829456232
0.1953957526154452
0.19561307216339965
0.19649979137818102
0.19714546407995892
0.19849595017026542
0.19720064015324373
0.19618992115369752
0.19602881390910976
0.1954348097159008
0.19506865971150225
0.1942569882313013
0.19463359920159598
0.19422444651709572
0.19409247057416365
0.19179757290295923
0.19195091419791865
0.19253527329751763
0.19399191829824164
0.19435087356013361
0.19351055916049981
0.19340719564454562
0.19303847164628238
0.20068804979030375
0.20052712193137431
0.20128823536927234
0.20154297954658226
0.20086162979034353
0.20185963667112
0.20214707085633157
0.20266872851426745
0.20319980174930316
0.20400759235920721
0.20280580085513414
0.20234313147287636
0.20205796857125702
0.20185864280969562
0.20189557683884374
0.20137871465598237
0.20244351235153224
0.20195048046505404
0.20619932392934093
0.20631697150840231
0.2065709782620298
0.20703479747548392
0.20750273758975896
0.2077335922446206
0.20687045807187643
0.20710501623979502
0.20735313928954316
0.20963104269576247
0.20950996497366475
0.21786377838387366
0.21806225730606352
0.21798558328796613
0.21952213577697352
0.22287408041864598
0.22423764569630253
0.22626323947517743
0.22806822691361747
0.22798215287157045
0.2263409819484771
0.22443373903840225
0.2229893125329386
0.21974586818549177
0.21832956261360786
0.21811365561769808
0.21751620944099712
0.2096933737367199
0.20729901314316898
0.20739571238663224
0.20699333087246993
0.20742197400245913
0.20782353523344435
0.20714388750756671
0.20702875581969221
0.20657236964638118
0.20640925516086639
0.20169512887309499
0.20238142126746247
0.2024821150528732
0.20067772173488807
0.20159311956558096
0.20178201821255903
0.20231111488393663
0.20298015287119783
0.20400844202430454
0.20289142357546877
0.20254509082258904
0.20264625267316641
0.20225389750276374
0.20204524347730407
0.20125949790803238
0.201528765983091
0.20089439322210798
0.20070941761645938
0.19286295195874625
0.19304221506064903
0.19348336014110468
0.19403035683038825
0.19431026538651222
0.19238697714365888
0.1922982053320848
0.19194988559441151
0.1941088520460357
0.19391585558996291
0.19447354926959631
0.19453557919604372
0.19392243885037549
0.19497117444829937
0.19536022686148793
0.1963264311209704
0.19707491399596433
0.19851387636721218
0.19718423138323063
0.19626546519791987
0.19618078541621056
0.19566406123096972
0.19556590766451667
0.19482844250794165
0.19515993084943872
0.19458266136257363
0.19445461225161775
0.19218289073690079
0.19231837852843625
0.19272737684704958
0.19325111702301931
0.19359380652588309
0.1927038238443248
0.19253194092590292
0.19213241403396925
0.19180829735250329
0.17926413345594963
0.17995195630478361
0.18013246943927538
0.17949104303445926
0.18039433142607583
0.18063326303216248
0.18125112878413505
0.18182713031963132
0.18277396856254094
0.18160608279204826
0.18115793563902871
0.18106776682048323
0.18064857261064132
0.18052459931518972
0.17975892984763472
0.18008771288466544
0.17952580327141207
0.18366155977037438
0.18374726888902274
0.18393563031492646
0.18432527735655121
0.18482595897961682
0.18511170180476938
0.1842179854121333
0.18414065060088924
0.18403458654943333
0.1862153173091998
0.18604350031617614
0.18673713910222073
0.18683728474730527
0.18651520607832883
0.1874773611535733
0.18771153416746247
0.18893707463535414
0.19092014079884237
0.19227604128230802
0.19110588405166756
0.18992276460561691
0.18851863081911976
0.18785586002117671
0.18769608728103548
0.18683007872982435
0.18688127313032984
0.18636854319230264
0.18622442491226224
0.18391188578666043
0.18403940694764404
0.18418605998475399
0.18477905462128055
0.18523636570877447
0.18444332797449414
0.18432841088525245
0.18393846320649784
0.18380354215423839
0.17923712964148764
0.17992229673821467
0.1801147399598835
0.17947446603106329
0.18037503146451542
0.18062259775898765
0.18123720762975204
0.18182743920056704
0.18278153967623614
0.18162681704845424
0.18117407579906569
0.18107646280029777
0.18063895352296913
0.18051603189415358
0.17976012021493371
0.1800954830226178
0.17953926559857911
0.19426715906922376
0.19431046306331548
0.1944583783523918
0.19525475688620852
0.19584919237370202
0.19617913245463744
0.19529330407532849
0.19518241645134998
0.19480497859212553
0.19693542040368822
0.196739399910799
0.19739759351780659
0.19758874393475112
0.19705147370645637
0.19799280291123453
0.19824327670316311
0.19917473489326343
0.19982170372258296
0.2012484618729056
0.19995324303782439
0.19894252403827817
0.19878772287951313
0.19822867550670073
0.19822866109614712
0.19743883594279232
0.19771731627533659
0.19718101725933326
0.19711142946485122
0.19487138104769877
0.1950249514529333
0.1954652109311818
0.19606357543517455
0.19640451342416751
0.1955115988695012
0.19542714498894076
0.19505839561443655
0.20265020681826354
0.20248979542462009
0.20321201936235256
0.20344774938261648
0.20271557320703529
0.20374564560910188
0.20402315505262503
0.2046327759344016
0.20517544186044714
0.20605805854822154
0.20478526854401305
0.20433393186226323
0.20411321511575753
0.20378977930852854
0.20372975424878684
0.20304572193297712
0.20381820650782481
0.20325145171086431
0.20744847554597587
0.20752655943954779
0.20774200186820391
0.20819933925154488
0.20866258601798443
0.2089006451591901
0.20799184566667658
0.2080465793045089
0.20808318997191544
0.21031012672676069
0.21014404529846828
0.2108407731755427
0.21094586821795347
0.21062987121272878
0.21165918134369383
0.21486548364584154
0.21633489603695488
0.21808975854335891
0.21970359522620178
0.21903562299822646
0.21764890631705683
0.21603010655239974
0.21504160341595802
0.21196174133291126
0.21105151445936293
0.21090987817194007
0.21039372499897771
0.21025160331880866
0.20787109047801286
0.20798041547483068
0.20780483947634421
0.20829377625289869
0.20871937818716188
0.20762112174262751
0.20756998588540426
0.20714099107166994
0.2069766046854897
0.20232239366884797
0.20300868606321548
0.20314481185011335
0.20185987029455205
0.20283385564720893
0.20302681665105612
0.20365347380806026
0.20430841410444467
0.20534659832949753
0.20422161612657699
0.20383316852826158
0.20406377294155081
0.20367141777114822
0.20355760562137198
0.2027746169789286
0.20306231847679942
0.20236718376950236
0.20221411248256616
0.19450126492247047
0.19464918021154673
0.19508771473587799
0.19568586685604725
0.19601852685398746
0.19512080113658414
0.19499290478326281
0.19459312729656267
0.19670928940357477
0.19648469337173807
0.19714288263474969
0.1972614936601241
0.19671325123107902
0.19765508584392485
0.19788016656178048
0.2001299399890068
0.20085979288278338
0.20229471586748515
0.20099740787629797
0.19998844175900096
0.19984025070420933
0.19928299453191536
0.19916138741455305
0.19834689719489079
0.19869061418873404
0.1981690785252275
0.19804003192129094
0.19580394439372409
0.1959588288898689
0.19640454531406826
0.19697300978374754
0.19731655067960985
0.19643985570125827
0.19629862480442634
0.19590943343259662
0.21262118007107167
0.21239195555804283
0.21334109533183859
0.21352430449552812
0.21288157287714504
0.21389639066109634
0.21418417094266418
0.21479828615166166
0.21537041237771262
0.216268546811377
0.21504475159145106
0.21459660443843148
0.21471160264617145
0.21429240843632952
0.2142421254955692
0.21347469915137698
0.21382445832998204
0.21329458984613103
0.21754306681499336
0.21762877593364172
0.21782282523264479
0.21833552767967462
0.21886293702260018
0.21915049361803807
0.21807223313588103
0.21799936700279465
0.21788691461287082
0.22003506835183723
0.2198113533532193
0.22050499213926386
0.22057082909350523
0.2201668688077085
0.2210789618427039
0.221200087241539
0.22229804971727721
0.22419389984814628
0.22565296138136937
0.22449088023404587
0.22331792751350965
0.22191142496721653
0.22122149633247767
0.22106221250770502
0.22015985077086542
0.22018348244418814
0.21913233347046354
0.21900485433018058
0.21669064995282561
0.21681817111380924
0.21700761699661633
0.21761411870167824
0.21841006646744274
0.217781582231314
0.21771027549187597
0.2173203278131213
0.21711068162316322
0.21249463163329224
0.21317899221612763
0.21336924682796249
0.21270296468415201
0.21358413570025972
0.21377850890545236
0.21557246862997678
0.21710043698836992
0.21806597323945789
0.21690257123768911
0.21645978371271954
0.21648767191701332
0.21610098713460221
0.21598946904940505
0.21523279724045921
0.21553965771040581
0.21493816688327536
0.22741111182895929
0.22758724378665399
0.22774366934997353
0.22834063990615469
0.22893224367708337
0.22924127652905882
0.22839158867928763
0.22840777053918837
0.22805146994706368
0.23032699594647368
0.23013721817226424
0.23088034200539342
0.23100426524332723
0.23020016921574449
0.23111967313814843
0.23133462488116638
0.23219363034679497
0.23272645239838677
0.2340872740637456
0.23280799542201211
0.23179727642246581
0.23161791532352355
0.23098837991010945
0.23049889665622611
0.22968665483852144
0.23041727009711224
0.23001248319797368
0.22988050725504128
0.22752847161012749
0.22768181290508649
0.22888078534784648
0.23084920541565099
0.23123007715394295
0.2304385606223964
0.23037867893483371
0.23000995493657042
0.23771343726840985
0.23755250940948019
0.23833232902278856
0.23865387930285509
0.23802526044746986
0.29270308449938764
0.2932677009808799
0.29416562579761452
0.29497500670091537
0.29618657775645069
0.29476873902818351
0.29407272117179073
0.293320203427056
0.29290998874555446
0.29307621705507503
0.29178458108402106
0.29353493220798427
0.29292855291545139
0.30151292162408944
0.30192919465035678
0.30233947385459525
0.3232834851301909
0.32437145230083708
0.32489441344323999
0.32371107961895657
0.32352098845319066
0.32386650642667941
0.33029890941339701
0.33016942571724089
0.33940423879790921
0.33968749883249572
0.34006737655909114
0.34346807560167625
0.34728229717175302
0.35011697654375817
0.35307316558267682
0.35567495984891911
0.35559548909917577
0.35316989631575779
0.35028995635089316
0.34746991760519352
0.34387786997321579
0.34044662739786941
0.33972018810390381
0.33895260787102943
0.33041142872266394
0.32381222415872429
0.32391875026884354
0.32320051947817297
0.32421000888814183
0.32502932737120782
0.32417075168123072
0.32337522497905058
0.30228655586260794
0.30187068396012612
0.29233241448785707
0.29353799768710676
0.29361974268896235
0.29052403690493228
0.2923622399864711
0.29267365082026647
0.29357248846161776
0.29460597628861929
0.29615889979357551
0.29488317306898959
0.2944299569385278
0.29424950098533259
0.29343619311964114
0.29297989663258084
0.2383573709064333
0.23863498155658669
0.2379708390678682
0.2377539956409476
0.22982872542242921
0.23001332279773171
0.23045446787818738
0.23092524906371048
0.23119202249257825
0.22805475934052616
0.22806728064510493
0.22776018757435215
0.22991374536329634
0.22970694728395527
0.23026464096358895
0.2301458106773977
0.2292573892924758
0.2305090218286954
0.23089807424188383
0.23192256807131545
0.2326710509463091
0.23406772533366707
0.23271750494506258
0.23186646754536197
0.23191837104509092
0.23141937395692244
0.23147088101682786
0.23075274254880668
0.23108423089030372
0.23029729321345754
0.23021187573050028
0.22795998425364017
0.22809547204517533
0.22849203033037754
0.22901348025473864
0.22934306716716432
0.22841701910362211
0.22820959296629045
0.22774692708609043
0.22729485707813316
0.21467534351842449
0.21536332558831361
0.21560282775621847
0.2149628507008412
0.21586613909245775
0.21601073190329639
0.2166168011532342
0.21714002247526615
0.21803462807751586
0.21468768180811013
0.2142858806903718
0.21422272404834503
0.21380352983850312
0.21371675720027361
0.21296218442594347
0.21337753444935889
0.21286813177374686
0.21702399488242297
0.21710970400107132
0.21729806542697505
0.21750663934539577
0.21770232013056884
0.21798522423759933
0.21706065613449657
0.21696704738395031
0.2168200869918564
0.21927446016554369
0.21908448182851809
0.22003984157531778
0.22014268324960007
0.21981676704631994
0.22084104856277265
0.22110831212692608
0.22233432957827867
0.22427105496856603
0.22558504095937262
0.22437464407096569
0.22319152462491493
0.22202802737229435
0.22136525657435108
0.22134330169087774
0.2204743190062993
0.22057125772099082
0.22010032848463945
0.22009369018604819
0.21778115106044635
0.21792845928638827
0.21820563453392966
0.21880138183130668
0.21925869291880057
0.2182725743809234
0.21816101074354252
0.21780537986043461
0.21763833311521263
0.21304852888588338
0.21373369598261041
0.21389119018696523
0.21319463879292455
0.21407840294147221
0.21429961632196254
0.21479510916520383
0.21530722304887523
0.216328094586305
0.21517337195852304
0.2147304101330976
0.2146327971343297
0.21409640717401981
0.21397111663480517
0.21318403474986689
0.21349736917695974
0.21240575783598573
0.21227838076685349
0.19577255638114655
0.19592047167022281
0.19636393438794941
0.19695836987544291
0.19734145401800049
0.19645562563869151
0.19632961848926769
0.19595218063004324
0.19807350953033953
0.19782616690194565
0.19848436050895327
0.19860857308412697
0.19805536163686646
0.19899567901008794
0.19922353704115431
0.20015499523125463
0.20079405816161452
0.2022208163119372
0.19963467559395892
0.19862395659441268
0.19853178521305473
0.19797394182010988
0.19783473169326488
0.19704490653991005
0.19732338687245432
0.1967631606207261
0.19669096858181898
0.19445092016466656
0.19460449056990112
0.19506231851748349
0.19567306373485538
0.19601854748136086
0.19513478280744184
0.19506556025605987
0.19469681088155566
0.20229334202919497
0.20213293063555154
0.20285515457328404
0.20308319827854887
0.20210346538629581
0.2030409554598884
0.20333416747282254
0.20392689018658031
0.2044663812749557
0.2053489979627301
0.20412840057113441
0.20367706388938461
0.20345634714287891
0.20310479855315272
0.20304477349341096
0.20233986057390982
0.20312552048942217
0.20260137655430238
0.20679840038941397
0.20688112368436343
0.20709656611301958
0.2079075804703539
0.20841626679604569
0.20865889275643279
0.20776518737059188
0.20783610997557908
0.20793528619927609
0.21015407179105394
0.20997311447915024
0.21066984235622463
0.21084173693578454
0.21070110018887633
0.21171975673967333
0.21492605904182108
0.21640287506371855
0.21811246700769918
0.21965765163803858
0.21898837606366053
0.2176016593824909
0.2159691207995709
0.21497852235277598
0.2120478871905418
0.21115442114052713
0.21101278485310432
0.21048362562483813
0.21044480478719729
0.20808559664775386
0.20819492164457171
0.20801532654694022
0.2085355407202456
0.20896114265450882
0.20823106605217059
0.2081798516963545
0.20775085688262018
0.20761407785827007
0.20295986684162837
0.20364615923599588
0.20380902429986436
0.20256287748332294
0.20357644128606156
0.20376940228990872
0.20438152646355492
0.20503646675993936
0.20607012653049686
0.20487200643510106
0.20448355883678568
0.20449165776830722
0.20410383428960838
0.20395220357423169
0.20317265872494966
0.20346036022282046
0.20282279233273429
0.20266972104579811
0.19492600220761686
0.19507391749669314
0.19551354190466169
0.19606881188498665
0.19639768347411254
0.1955063760265893
0.19537847967326799
0.19498286678783272
0.19709902889484487
0.19690577750776281
0.19756396677077442
0.19767465280250951
0.19695105011514802
0.19790727603019803
0.1981641661881047
0.19910441294892525
0.19983426584270189
0.2013207059808754
0.20002339798968821
0.19901443187239118
0.19886600527644299
0.198308749104149
0.19816583843948657
0.19730038792101787
0.19757955104257499
0.19705481414879944
0.19692400039662702
0.194667006539291
0.19482189103543579
0.19526760745963515
0.19584833817371031
0.19619032224040503
0.19493634517487499
0.19485733740003547
0.19448607855669156
0.19440023286704455
0.17925997645846026
0.17994779930729429
0.18012831244178604
0.1794881024325593
0.18039139082417591
0.18062963710283328
0.18124784653266626
0.18182400513637492
0.18276852184546907
0.18159793915885847
0.18114979200583892
0.18105857273538367
0.18063937852554174
0.18051644012242438
0.17975091775231442
0.1800809022019372
0.17951656887578996
0.18365504048515011
0.18374074960379852
0.18392911102970225
0.18431876394159188
0.1848336686401835
0.18512122523562138
0.18422432025484825
0.18414692460201618
0.18404086055056029
0.18622054632728882
0.18604866433799033
0.18674230312403489
0.18684244876911943
0.1865170840745658
0.18747547562121616
0.18770359204930614
0.18892296048341328
0.19090785284649545
0.19226689663403204
0.19110481548670852
0.18992169604065781
0.18851519349436446
0.18785242269642147
0.18769265836497054
0.18682611925293974
0.18687670713133353
0.18636645991413298
0.18622182791278494
0.18390762353542997
0.18403514469641361
0.18419664143485925
0.18478963607138582
0.18524604497864622
0.18445290668600925
0.1843384011245916
0.18394845344583696
0.18381150398133281
0.17924361016902554
0.17992877726575257
0.18011944468889404
0.17948001518743975
0.18037905637419085
0.18062821214885647
0.18124062846489739
0.18183027015119682
0.18278437062686598
0.18162975724482436
0.18117701599543584
0.18107695790643047
0.1806425032585276
0.18052094014501402
0.17976426833606818
0.18010108215387502
0.17954407530063349
0.19179773773396794
0.1919738696916623
0.19213029525498226
0.19263518135798213
0.19323129657859114
0.19354899960405766
0.19268492988280589
0.19260346260023167
0.19224249172201788
0.19441415074714316
0.19422437297293399
0.19494961438860636
0.19507353762654045
0.19448328829456232
0.1953957526154452
0.19561307216339968
0.19649979137818102
0.19714546407995892
0.19849595017026539
0.19720064015324368
0.19618992115369746
0.19602881390910976
0.1954348097159008
0.19506865971150228
0.1942569882313013
0.19463359920159598
0.19422444651709572
0.19409247057416362
0.19179757290295923
0.19195091419791863
0.19253527329751763
0.19399191829824169
0.19435087356013361
0.19351055916049981
0.19340719564454562
0.19303847164628238
0.20068804979030375
0.20052712193137434
0.20128823536927232
0.20154297954658221
0.20086162979034364
0.20185963667112003
0.20214707085633157
0.20266872851426748
0.20319980174930316
0.20400759235920721
0.20280580085513411
0.20234313147287636
0.20205796857125702
0.20185864280969559
0.20189557683884374
0.20137871465598237
0.20244351235153224
0.20195048046505404
0.2061993239293409
0.20631697150840231
0.20657097826202989
0.20703479747548392
0.20750273758975896
0.2077335922446206
0.20687045807187643
0.20710501623979505
0.20735313928954316
0.20963104269576247
0.20950996497366478
0.21786377838387372
0.21806225730606352
0.21798558328796613
0.21952213577697352
0.22287408041864598
0.22423764569630247
0.22626323947517737
0.22806822691361747
0.22798215287157045
0.2263409819484771
0.22443373903840225
0.2229893125329386
0.21974586818549177
0.21832956261360792
0.21811365561769808
0.21751620944099706
0.20969337373671984
0.20729901314316898
0.20739571238663224
0.20699333087246991
0.20742197400245913
0.20782353523344427
0.20714388750756665
0.20702875581969221
0.20657236964638118
0.20640925516086639
0.20169512887309493
0.20238142126746245
0.20248211505287317
0.2006777217348881
0.20159311956558096
0.20178201821255903
0.20231111488393663
0.20298015287119783
0.20400844202430454
0.20289142357546877
0.20254509082258909
0.20264625267316638
0.20225389750276379
0.20204524347730407
0.20125949790803238
0.201528765983091
0.20089439322210798
0.20070941761645938
0.19286295195874634
0.19304221506064903
0.19348336014110468
0.19403035683038825
0.19431026538651222
0.19238697714365888
0.1922982053320848
0.19194988559441151
0.19410885204603573
0.19391585558996294
0.19447354926959629
0.19453557919604367
0.19392243885037549
0.19497117444829937
0.19536022686148796
0.1963264311209704
0.19707491399596436
0.19851387636721216
0.19718423138323068
0.19626546519791987
0.19618078541621056
0.19566406123096972
0.19556590766451665
0.19482844250794165
0.19515993084943872
0.19458266136257363
0.19445461225161778
0.19218289073690079
0.19231837852843628
0.1927273768470496
0.19325111702301931
0.19359380652588312
0.19270382384432477
0.19253194092590292
0.19213241403396922
0.19180829735250327
0.1792641334559496
0.17995195630478364
0.18013246943927538
0.17949104303445926
0.18039433142607586
0.18063326303216251
0.18125112878413502
0.18182713031963132
0.18277396856254094
0.18160608279204826
0.18115793563902871
0.18106776682048323
0.18064857261064129
0.18052459931518972
0.17975892984763475
0.18008771288466546
0.17952580327141213
0.18366155977037438
0.18374726888902274
0.18393563031492646
0.18432527735655116
0.18482595897961682
0.18511170180476938
0.18421798541213333
0.18414065060088922
0.18403458654943336
0.1862153173091998
0.18604350031617614
0.18673713910222073
0.18683728474730521
0.18651520607832886
0.18747736115357327
0.18771153416746245
0.18893707463535414
0.19092014079884237
0.19227604128230802
0.19110588405166762
0.18992276460561691
0.18851863081911976
0.18785586002117671
0.18769608728103548
0.18683007872982435
0.18688127313032984
0.18636854319230262
0.18622442491226227
0.18391188578666043
0.18403940694764404
0.18418605998475399
0.18477905462128055
0.1852363657087745
0.18444332797449414
0.18432841088525245
0.18393846320649779
0.18380354215423839
0.17923712964148764
0.17992229673821464
0.18011473995988347
0.17947446603106329
0.18037503146451542
0.18062259775898765
0.18123720762975201
0.18182743920056704
0.18278153967623612
0.18162681704845424
0.18117407579906575
0.18107646280029782
0.18063895352296916
0.18051603189415352
0.17976012021493368
0.1800954830226178
0.17953926559857913
0.17942173811272635
0.17944433460681608
0.17959224989589237
0.180035497450031
0.1806299329375245
0.18095622973576031
0.18007040135645133
0.17994243562670478
0.17956499776748033
0.18168632666777665
0.18149030617488737
0.18214849978189501
0.18227271235706871
0.18173544212877399
0.18267575950199549
0.18292623329392396
0.18385769148402428
0.18456733906392458
0.18599409721424728
0.18469692969121376
0.18368621069166757
0.18353140953290248
0.18297356613995763
0.18282925395378069
0.1820394288004259
0.18231790913297019
0.18179450351623805
0.18166252757330595
0.17942247915615347
0.17957604956138803
0.1800188819775855
0.1806296271949574
0.18097056518395033
0.18008680051003131
0.17994662263751249
0.17957787326300831
0.18714826528508785
0.1869878538914444
0.1877100778291769
0.18793812153444173
0.18720594535886051
0.18814057212551635
0.18841808156903952
0.18901080428279732
0.18955347020884281
0.1904360868966172
0.18923628401619794
0.18878494733444812
0.18856423058794242
0.18823467380808409
0.18817464874834242
0.18750419255022377
0.18827667712507146
0.18775253318995164
0.19194955702506322
0.19205682267677207
0.19227226510542825
0.19272960248876919
0.1932382888144609
0.19347727149214836
0.19258356610630745
0.19263829974413973
0.19273747596783677
0.194964412722682
0.19480553798811073
0.19550226586518518
0.1956073609075959
0.19546672416068767
0.19648473613924056
0.19969103844138833
0.20116785446328581
0.20293408761356252
0.20447927224390189
0.20381130001592651
0.20242458333475688
0.20079204475183693
0.19980354161539521
0.19672367953234848
0.19583021348233381
0.19568857719491103
0.1951717746885997
0.19502965300843061
0.19267044486898718
0.19277976986580503
0.19260419386731856
0.19312955794802308
0.19355515988228633
0.19283061439293994
0.19271738148943501
0.1922883866757007
0.19212418203800363
0.18746997102136195
0.18815626341572944
0.18829238920262731
0.18704624238608586
0.18796350411518445
0.18815646511903164
0.18876486948071786
0.18941980977710221
0.19045346954765979
0.18932848734473923
0.18894003974642384
0.18894813867794538
0.18855578350754276
0.1884041527921661
0.18762116414972263
0.18790886564759349
0.18731196975847736
0.18715889847154119
0.17943391625856989
0.17958183154764615
0.18002145595561472
0.18062016592890098
0.18095282592684117
0.1800701296026162
0.17994223324929493
0.17956660464184254
0.18168276674885467
0.18149352848726086
0.18215171775027247
0.18226240378200761
0.18171416135296248
0.18265599596580828
0.18291288612371495
0.18386284109454748
0.18459269398832406
0.18601216322245975
0.18471485523127257
0.18370588911397556
0.18354424708023942
0.18298699090794543
0.182844080243283
0.18202959002362076
0.18230875314517786
0.18178721748167134
0.18165640372949884
0.17942031620193205
0.17957520069807681
0.18002091712227619
0.18063141591823142
0.18097339998492615
0.18009670500657457
0.17995547410974261
0.17958421526639878
0.19613803042191352
0.19590880590888463
0.19685794568268042
0.19704115484636994
0.19640960513760394
0.19735449035302027
0.19764227063458809
0.19826248239720801
0.19883864100091667
0.19973677543458104
0.19855513355779458
0.19810698640477506
0.19816039630791529
0.19774120209807333
0.19767422440526983
0.19690679806107766
0.19725024604226482
0.19672037755841379
0.20089079097601881
0.20097650009466719
0.20117054939367029
0.20165908641170469
0.20218649575463024
0.2024740523500681
0.20149997283015514
0.20142710669706879
0.20130514133211674
0.20345329507108315
0.20324099113786961
0.2039346299239142
0.2040004668781556
0.20363395760472783
0.20454605063972328
0.20474154408471179
0.20583950656044972
0.20777036693145329
0.20918065421737378
0.20801857307005026
0.20684562034951412
0.20543911780322074
0.20476507778582753
0.20460579396105485
0.20370911163060654
0.20373274330392924
0.2028613721706885
0.20272078174327995
0.20040657736592493
0.20053409852690859
0.20071967476780367
0.20132617647286555
0.20186943725762568
0.20124095302149689
0.20116374657211103
0.20077379889335636
0.20056415270339834
0.19598681284713981
0.1966711734299752
0.19686142804181012
0.1961974701072714
0.19707864112337914
0.19729270225268691
0.19837538612460939
0.19990335448300256
0.2008688907340905
0.19971349686204906
0.19927070933707949
0.19922464634666334
0.19883796156425221
0.1987234590039228
0.1979667871949769
0.19827364766492353
0.19770106116331837
0.21010196423046301
0.21027809618815738
0.21043452175147728
0.21100621369223951
0.21159781746316786
0.21192380950964906
0.21107412165987782
0.21101904554565246
0.21066274495352791
0.21292170241564806
0.21273192464143884
0.2134750484745678
0.21359897171250186
0.21289461043625643
0.21381411435866024
0.21401944435553968
0.21487844982116794
0.21543724261115771
0.21679791406676871
0.2155023166812825
0.21449159768173628
0.21431223658279386
0.2137072977408499
0.21321781448696625
0.21235884343541162
0.21300530726247235
0.21260052036333352
0.21246854442040142
0.21013730012073417
0.21029064141569359
0.21112976154121779
0.21309818160902205
0.21347255545216454
0.21268103892061793
0.21259038103042607
0.21222165703216286
0.21991968026454087
0.21975875240561146
0.22053857201891947
0.22080274452226981
0.2201741256668846
0.22118460488698805
0.22147203907219962
0.22191989301414608
0.22243700975140726
0.22322569317011004
0.22202618866484175
0.221563519282584
0.22130219933699741
0.22119972526781731
0.22136507546003273
0.22109911839644308
0.22216872453440351
0.22170061512863512
0.2259862385673343
0.22610388614639604
0.22640035245479345
0.2469697360097563
0.24774980947352865
0.24806555820107246
0.24712570043154591
0.24722578121707608
0.24732235975469161
0.25127375028598586
0.25112263101475119
0.25980054431062377
0.26011476759678981
0.26016306923283544
0.26250774758672435
0.26605924324553831
0.26804453933294908
0.27041912080236147
0.27258480077669023
0.27249918995063799
0.27050691366775043
0.26824102591227528
0.26619192683059462
0.26279991932183555
0.26051335001580489
0.26017631930114044
0.25947595312801358
0.25130514818914995
0.24725631411198998
0.2473703741298553
0.24697138878238745
0.24767506488853222
0.24816247823961313
0.24740234871356659
0.24699202343000187
0.22636766192829963
0.22620175969670728
0.22144710110392188
0.22213339349828964
0.22221133817855659
0.2200285912672586
0.22094323845997182
0.22112214704515398
0.22155607954907139
0.22219319749182379
0.22323000524869765
0.22211298679986205
0.22183056307799182
0.22197032536682607
0.22157797019642328
0.22131351501946536
0.22053762729977322
0.22081523794992666
0.2201548626856373
0.219938019258717
0.21204347445412883
0.21222807182943171
0.21266921690988735
0.21317074012938775
0.21343751355825552
0.21069161949239576
0.21064174176641931
0.21033464869566668
0.21248820648461059
0.21229490848877777
0.21285260216841115
0.21273377188222015
0.21203456311822053
0.21322558325981555
0.21361463567300415
0.21462360966895949
0.21537209254395345
0.21678873880920946
0.21543851842060485
0.21458748102090444
0.21455302096521511
0.21405402387704686
0.21406745168273447
0.21334931321471354
0.21368080155621066
0.2129887212228555
0.21288385335789117
0.21061896847069414
0.21075445626222966
0.21114525163945191
0.21165542781368449
0.21198501472611031
0.21107530089220836
0.21086787475487689
0.21044827349801712
0.20999620349005957
0.19741221811332915
0.19810020018321822
0.19833249387355528
0.19769251681817801
0.19859580520979458
0.19878063441054986
0.19938670366048769
0.19992767515448745
0.20082228075673714
0.19821867513876557
0.19781687402102727
0.19773667627384064
0.19731748206399874
0.19722316944905893
0.1964685966747288
0.19682823498608928
0.19631883231047717
0.20047768735298513
0.20056339647163349
0.20075175789753727
0.2009603318159579
0.20140041829388561
0.2016833224009161
0.20076028295740353
0.20066667420685724
0.20053057836005705
0.20283608165323475
0.20264610331620916
0.20360146306300889
0.20370430473729112
0.20338989942491492
0.20436559439084445
0.20463285795499792
0.20585887540635023
0.20784373134560905
0.20915771733641553
0.20797512504885068
0.20679200560280003
0.20553698296421921
0.20487421216627616
0.20481656487451655
0.20394758218993811
0.20402056536804508
0.20354963613169366
0.20344683225008117
0.20113429312447931
0.20128160135042117
0.20153265945126786
0.20212840674864485
0.20258571783613877
0.20171232588028543
0.20160076224290455
0.2012138053517
0.201046758606478
0.19645409201702183
0.19713925911374883
0.19729675331810373
0.19662480049351033
0.19750856464205802
0.19774240309265359
0.19823789593589491
0.19877688903534452
0.19978858756029061
0.19863386493250873
0.19819090310708326
0.19809329010831539
0.19760493152491027
0.19747964098569568
0.19669422224105051
0.19700755666814332
0.1960888552278337
0.19596147815870152
0.17944433460681605
0.17959224989589237
0.180035497450031
0.1806299329375245
0.18095622973576031
0.18007040135645133
0.17994243562670473
0.17956499776748033
0.18168632666777665
0.18149030617488737
0.18214849978189501
0.18227271235706871
0.18173544212877399
0.18267575950199549
0.18292623329392396
0.18385769148402428
0.18456733906392458
0.18599409721424728
0.18469692969121376
0.18368621069166757
0.18353140953290248
0.18297356613995772
0.18282925395378072
0.18203942880042592
0.18231790913297019
0.18179450351623805
0.18166252757330595
0.17942247915615347
0.17957604956138806
0.1800188819775855
0.1806296271949574
0.18097056518395033
0.18008680051003131
0.17994662263751254
0.17957787326300828
0.18714826528508785
0.18698785389144437
0.1877100778291769
0.18793812153444167
0.18720594535886051
0.18814057212551635
0.18841808156903952
0.18901080428279729
0.18955347020884281
0.1904360868966172
0.18923628401619794
0.18878494733444812
0.18856423058794244
0.18823467380808409
0.18817464874834242
0.18750419255022374
0.18827667712507146
0.18775253318995166
0.19194955702506322
0.19205682267677207
0.19227226510542822
0.19272960248876916
0.19323828881446092
0.19347727149214836
0.19258356610630742
0.19263829974413973
0.19273747596783677
0.194964412722682
0.19480553798811073
0.19550226586518518
0.19560736090759592
0.19546672416068767
0.19648473613924058
0.1996910384413883
0.20116785446328581
0.20293408761356249
0.20447927224390189
0.20381130001592654
0.20242458333475688
0.2007920447518369
0.19980354161539521
0.19672367953234848
0.19583021348233381
0.19568857719491103
0.19517177468859967
0.19502965300843064
0.19267044486898718
0.19277976986580503
0.1926041938673185
0.19312955794802311
0.19355515988228633
0.19283061439293991
0.19271738148943504
0.19228838667570067
0.19212418203800363
0.18746997102136195
0.18815626341572947
0.18829238920262731
0.18704624238608586
0.18796350411518445
0.18815646511903164
0.18876486948071786
0.18941980977710221
0.19045346954765979
0.18932848734473923
0.18894003974642382
0.18894813867794538
0.18855578350754273
0.18840415279216607
0.18762116414972263
0.18790886564759349
0.18731196975847736
0.18715889847154119
0.17943391625856989
0.1795818315476462
0.18002145595561472
0.18062016592890098
0.18095282592684117
0.1800701296026162
0.17994223324929493
0.17956660464184254
0.18168276674885467
0.18149352848726086
0.18215171775027245
0.18226240378200759
0.18171416135296245
0.18265599596580831
0.18291288612371498
0.18386284109454748
0.18459269398832406
0.18601216322245975
0.18471485523127254
0.18370588911397551
0.18354424708023939
0.18298699090794543
0.182844080243283
0.18202959002362076
0.18230875314517786
0.18178721748167129
0.18165640372949884
0.17942031620193205
0.17957520069807681
0.18002091712227619
0.18063141591823142
0.18097339998492615
0.18009670500657457
0.17995547410974261
0.17958421526639878
0.17950452452149065
0.17925997645846026
0.17994779930729426
0.18012831244178604
0.17948810243255928
0.18039139082417591
0.18062963710283328
0.18124784653266626
0.18182400513637495
0.18276852184546905
0.18159793915885847
0.18114979200583892
0.18105857273538367
0.18063937852554174
0.18051644012242435
0.17975091775231442
0.1800809022019372
0.17951656887578993
0.18365504048515011
0.18374074960379849
0.18392911102970225
0.18431876394159186
0.1848336686401835
0.18512122523562138
0.18422432025484825
0.18414692460201615
0.18404086055056029
0.18622054632728885
0.18604866433799033
0.18674230312403489
0.18684244876911943
0.18651708407456577
0.18747547562121614
0.1877035920493062
0.18892296048341325
0.19090785284649542
0.19226689663403207
0.19110481548670852
0.18992169604065781
0.18851519349436446
0.18785242269642141
0.18769265836497057
0.18682611925293971
0.18687670713133353
0.186366459914133
0.18622182791278491
0.18390762353542997
0.18403514469641358
0.18419664143485925
0.18478963607138582
0.18524604497864616
0.18445290668600928
0.18433840112459163
0.18394845344583696
0.18381150398133281
0.17924361016902554
0.17992877726575257
0.18011944468889404
0.17948001518743975
0.18037905637419088
0.18062821214885644
0.18124062846489747
0.18183027015119685
0.18278437062686595
0.18162975724482436
0.18117701599543584
0.18107695790643047
0.1806425032585276
0.18052094014501402
0.17976426833606818
0.18010108215387502
0.17954407530063352
0.19179773773396794
0.1919738696916623
0.19213029525498226
0.19263518135798213
0.19323129657859109
0.19354899960405769
0.19268492988280589
0.19260346260023165
0.19224249172201785
0.19441415074714322
0.19422437297293402
0.19494961438860636
0.19507353762654042
0.19448328829456227
0.19539575261544526
0.19561307216339965
0.19649979137818102
0.19714546407995895
0.19849595017026539
0.19720064015324368
0.19618992115369746
0.19602881390910976
0.1954348097159008
0.19506865971150222
0.1942569882313013
0.19463359920159598
0.19422444651709572
0.19409247057416359
0.19179757290295926
0.19195091419791865
0.19253527329751763
0.19399191829824169
0.19435087356013361
0.19351055916049981
0.19340719564454562
0.19303847164628238
0.20068804979030375
0.20052712193137431
0.20128823536927232
0.20154297954658221
0.20086162979034355
0.20185963667112
0.20214707085633157
0.20266872851426745
0.20319980174930316
0.20400759235920718
0.20280580085513414
0.20234313147287636
0.20205796857125702
0.20185864280969565
0.20189557683884374
0.20137871465598237
0.20244351235153224
0.20195048046505407
0.2061993239293409
0.20631697150840231
0.20657097826202986
0.20703479747548389
0.20750273758975896
0.2077335922446206
0.20687045807187643
0.20710501623979505
0.20735313928954316
0.20963104269576247
0.20950996497366478
0.21786377838387366
0.21806225730606352
0.21798558328796613
0.21952213577697352
0.22287408041864598
0.22423764569630247
0.22626323947517737
0.22806822691361747
0.22798215287157039
0.2263409819484771
0.22443373903840225
0.2229893125329386
0.21974586818549177
0.21832956261360792
0.21811365561769805
0.21751620944099712
0.20969337373671984
0.20729901314316898
0.20739571238663224
0.20699333087246993
0.20742197400245913
0.20782353523344432
0.20714388750756668
0.20702875581969224
0.20657236964638118
0.20640925516086639
0.20169512887309499
0.2023814212674625
0.20248211505287317
0.2006777217348881
0.20159311956558096
0.20178201821255903
0.2023111148839366
0.20298015287119783
0.20400844202430454
0.20289142357546877
0.20254509082258904
0.20264625267316638
0.20225389750276379
0.20204524347730407
0.20125949790803238
0.20152876598309102
0.20089439322210798
0.20070941761645938
0.19286295195874628
0.193042215060649
0.19348336014110468
0.19403035683038825
0.19431026538651222
0.19238697714365888
0.1922982053320848
0.19194988559441151
0.19410885204603573
0.19391585558996294
0.19447354926959629
0.19453557919604367
0.19392243885037549
0.19497117444829937
0.19536022686148793
0.19632643112097037
0.19707491399596436
0.19851387636721216
0.19718423138323063
0.19626546519791987
0.19618078541621053
0.19566406123096966
0.19556590766451667
0.19482844250794165
0.19515993084943872
0.19458266136257363
0.19445461225161775
0.19218289073690079
0.19231837852843625
0.1927273768470496
0.19325111702301931
0.19359380652588312
0.19270382384432477
0.19253194092590292
0.19213241403396925
0.19180829735250329
0.17926413345594963
0.17995195630478361
0.18013246943927538
0.17949104303445926
0.18039433142607583
0.18063326303216251
0.18125112878413505
0.18182713031963132
0.18277396856254094
0.18160608279204826
0.18115793563902871
0.18106776682048323
0.18064857261064132
0.18052459931518972
0.17975892984763472
0.18008771288466544
0.17952580327141207
0.18366155977037438
0.18374726888902274
0.18393563031492649
0.18432527735655116
0.18482595897961682
0.18511170180476938
0.1842179854121333
0.18414065060088924
0.18403458654943333
0.1862153173091998
0.18604350031617614
0.18673713910222073
0.18683728474730527
0.18651520607832883
0.1874773611535733
0.18771153416746247
0.18893707463535414
0.19092014079884237
0.19227604128230799
0.19110588405166756
0.18992276460561691
0.18851863081911976
0.18785586002117671
0.18769608728103551
0.18683007872982435
0.18688127313032987
0.18636854319230267
0.18622442491226224
0.18391188578666043
0.18403940694764404
0.18418605998475396
0.18477905462128055
0.18523636570877447
0.18444332797449409
0.18432841088525243
0.18393846320649779
0.18380354215423841
0.17923712964148764
0.17992229673821467
0.18011473995988347
0.17947446603106329
0.18037503146451542
0.18062259775898762
0.18123720762975198
0.18182743920056704
0.18278153967623614
0.18162681704845424
0.18117407579906575
0.18107646280029782
0.18063895352296919
0.18051603189415358
0.17976012021493371
0.1800954830226178
0.17953926559857911
0.19426715906922379
0.19431046306331551
0.1944583783523918
0.19525475688620852
0.19584919237370202
0.19617913245463744
0.19529330407532852
0.19518241645134998
0.19480497859212553
0.19693542040368819
0.19673939991079897
0.19739759351780659
0.19758874393475112
0.19705147370645643
0.19799280291123456
0.19824327670316305
0.19917473489326337
0.19982170372258296
0.2012484618729056
0.19995324303782439
0.19894252403827817
0.1987877228795131
0.19822867550670073
0.19822866109614712
0.19743883594279232
0.19771731627533659
0.19718101725933326
0.19711142946485122
0.19487138104769877
0.19502495145293333
0.1954652109311818
0.19606357543517455
0.19640451342416751
0.1955115988695012
0.19542714498894079
0.19505839561443655
0.20265020681826354
0.20248979542462009
0.20321201936235256
0.20344774938261648
0.20271557320703526
0.20374564560910188
0.20402315505262508
0.20463277593440163
0.2051754418604472
0.20605805854822154
0.20478526854401305
0.20433393186226317
0.20411321511575753
0.20378977930852854
0.20372975424878684
0.20304572193297712
0.20381820650782481
0.20325145171086428
0.2074484755459759
0.20752655943954779
0.20774200186820391
0.20819933925154488
0.20866258601798443
0.2089006451591901
0.20799184566667658
0.2080465793045089
0.20808318997191544
0.21031012672676067
0.21014404529846828
0.2108407731755427
0.21094586821795344
0.21062987121272883
0.2116591813436938
0.21486548364584154
0.21633489603695488
0.21808975854335891
0.21970359522620178
0.21903562299822646
0.2176489063170568
0.21603010655239971
0.21504160341595802
0.21196174133291126
0.21105151445936288
0.2109098781719401
0.21039372499897771
0.21025160331880866
0.20787109047801286
0.20798041547483068
0.20780483947634421
0.20829377625289869
0.20871937818716191
0.20762112174262751
0.20756998588540432
0.20714099107167
0.20697660468548965
0.20232239366884802
0.20300868606321548
0.20314481185011332
0.20185987029455205
0.20283385564720893
0.2030268166510561
0.20365347380806026
0.20430841410444467
0.20534659832949748
0.20422161612657697
0.20383316852826158
0.20406377294155087
0.20367141777114822
0.20355760562137204
0.2027746169789286
0.20306231847679942
0.20236718376950236
0.20221411248256613
0.19450126492247047
0.19464918021154679
0.19508771473587799
0.19568586685604725
0.19601852685398746
0.19512080113658412
0.19499290478326284
0.19459312729656261
0.19670928940357477
0.1964846933717381
0.19714288263474972
0.1972614936601241
0.19671325123107902
0.19765508584392485
0.19788016656178042
0.2001299399890068
0.20085979288278338
0.20229471586748515
0.20099740787629794
0.19998844175900096
0.19984025070420933
0.19928299453191536
0.19916138741455305
0.19834689719489085
0.19869061418873402
0.1981690785252275
0.19804003192129094
0.19580394439372412
0.1959588288898689
0.19640454531406826
0.19697300978374754
0.19731655067960988
0.1964398557012583
0.19629862480442634
0.19590943343259665
0.21262118007107172
0.21239195555804286
0.21334109533183862
0.21352430449552814
0.2128815728771451
0.21389639066109634
0.21418417094266418
0.21479828615166166
0.21537041237771259
0.216268546811377
0.21504475159145106
0.21459660443843148
0.21471160264617145
0.21429240843632952
0.2142421254955692
0.21347469915137698
0.21382445832998204
0.5936926555334513
0.60697713282996379
0.60715606714142256
0.60778711511286254
0.60853300092223572
0.6107732318384046
0.61108667942275019
0.60840458001572473
0.60838157737802323
0.6082383172620609
0.61407879714301661
0.61352516274694069
0.61581520446073268
0.61549840379302478
0.61486031416092823
0.61719828608667582
0.617867490652806
0.61916213240294082
0.62350026837808914
0.62539172429340162
0.6223620310915513
0.62134570328887073
0.61959181178220746
0.6178115461798509
0.61690555251861123
0.61484047242535522
0.61445424079831523
0.61180214934241184
0.61149026359219316
0.60468889880470267
0.6051055198033467
0.60481456503678199
0.60717775195105739
0.60832525189850328
0.6072678876839589
0.60721319624221903
0.60627809874801586
0.60513634194987587
0.59095768627583767
0.59323100099421611
0.59341660498220716
0.59175763373812407
0.59409026245846897
0.59475169257445393
0.59666142512734788
0.60388291719750864
0.60581616398894256
0.60213900351126692
0.60200672039873926
0.6019924459191881
0.6012211854141718
0.60049174000638639
0.59883032507977096
0.59933997219048918
0.59792453377092247
0.6436575455863186
0.64422911182538278
0.64472972426876818
0.64587181511023095
0.64811523887061673
0.64846948993610909
0.64654421764923053
0.64660023602781158
0.64578507358951986
0.79662146661282629
0.79604378628024808
0.79946819530490154
0.79936501385684677
0.79716240375892011
0.80064912641760699
0.80178600577034853
0.80338544424503378
0.80632753127430479
0.80902968247572138
0.80449186862457545
0.80357475111654941
0.80262163980419277
0.80026679292793479
0.79717605841031558
0.79422557252069104
0.79643082535192478
0.79564848838576119
0.79500328537830489
0.78471102781253099
0.78530672209806784
0.78688137519300849
0.79745232523413756
0.79822247300544968
0.79596895137041024
0.7955065438551433
0.79425547810371244
0.832192576970475
0.83180676379899854
0.83545711488596386
0.83600223828533404
0.83423535282133299
0.89187330858273339
0.89368174295107994
0.89443416755756988
0.89742609807249796
0.89981728562823082
0.89490018382755465
0.89435964993071859
0.89212766373955077
0.89213150734265201
0.8913298671967157
0.8899503644708685
0.89597435913207968
0.89463890754973285
0.91899415970367548
0.9199712367922549
0.92143762754018321
0.9429441297108585
0.94606267488266305
0.94638990802259948
0.9435453786673863
0.94447681039228681
0.94678929990019589
0.96076333052321461
0.96056442855544144
0.97222418480596073
0.97245434656352858
0.97425088572043728
0.98088820544079625
0.98639077511446605
0.99167251730213024
0.99669015683745832
1
