63728127 95592191 1 0 8 0 -0.584963 237 232
63728127 127456255 10 10 9 8 -1.000000 237 210
96883183 145324775 1 0 3 0 -0.584963 217 216
96883183 193766367 5 5 4 3 -1.000000 217 215
165276159 195882855 10 13 3 2 -0.245112 202 205
96883183 217987163 2 0 2 0 -1.169925 217 213
96883183 245235559 4 0 3 0 -1.339850 217 211
165276159 247914239 1 0 8 0 -0.584963 202 201
181930687 272896031 1 0 5 0 -0.584963 229 228
193766367 290649551 1 0 4 0 -0.584963 215 214
195882855 293824283 1 0 2 0 -0.584963 205 204
217740015 326610023 1 0 3 0 -0.584963 249 222
195882855 330552319 3 0 3 0 -0.754888 205 202
195882855 348236187 4 6 2 1 -0.830075 205 207
181930687 363861375 7 7 6 5 -1.000000 229 229
96883183 367853339 5 0 2 0 -1.924813 217 210
348236187 391765711 2 0 2 0 -0.169925 207 205
181930687 409344047 2 0 4 0 -1.169925 229 227
96883183 413835007 7 0 4 0 -2.094738 217 208
181930687 466794943 16 0 8 0 -1.359400 229 213
96883183 490471119 8 4 5 3 -2.339850 217 210
96883183 620752511 8 0 4 0 -2.679700 217 206
181930687 700192415 17 0 5 0 -1.944363 229 205
661398811 744073663 2 0 2 0 -0.169925 219 217
96883183 827670015 16 9 4 3 -3.094738 217 207
96883183 931128767 9 0 4 0 -3.264663 217 205
644034303 966051455 1 0 7 0 -0.584963 206 205
656055295 984082943 1 0 9 0 -0.584963 225 223
661398811 1116110495 3 0 2 0 -0.754888 219 216
661398811 1131337887 21 6 2 1 -0.774438 219 204
181930687 1181574703 39 19 4 3 -2.699250 229 201
644034303 1288068607 9 9 8 7 -1.000000 206 206
872954535 1309431803 1 0 2 0 -0.584963 208 205
656055295 1312110591 11 11 10 9 -1.000000 225 224
661398811 1340844903 13 1 2 1 -1.019550 219 207
1232261787 1386294511 2 0 2 0 -0.169925 224 222
1200991791 1442817471 10 1 4 1 -0.264663 251 242
644034303 1449077183 2 0 6 0 -1.169925 206 204
656055295 1476124415 2 0 8 0 -1.169925 225 222
661398811 1488147327 9 7 2 1 -1.169925 219 217
1013856495 1520784743 1 0 3 0 -0.584963 217 215
1467707995 1651171495 2 0 2 0 -0.169925 211 209
1104180463 1656270695 1 0 3 0 -0.584963 233 229
1200991791 1801487687 1 0 3 0 -0.584963 251 250
1013856495 1802411547 5 7 2 1 -0.830075 217 218
1694223271 1809212059 7 0 2 0 -0.094738 208 201
1583507967 1876750183 10 13 3 2 -0.245112 218 205
1483334895 1877345727 11 7 4 3 -0.339850 223 219
1288068607 1932102911 1 0 8 0 -0.584963 206 205
1312110591 1968165887 1 0 10 0 -0.584963 224 220
1324921887 1987382831 1 0 4 0 -0.584963 231 227
1802411547 2027712991 2 0 2 0 -0.169925 218 216
1232261787 2079441767 3 0 2 0 -0.754888 224 221
1410123943 2115185915 1 0 2 0 -0.584963 228 227
1802411547 2136191463 3 6 2 1 -0.245112 218 221
1200991791 2164226207 10 0 4 0 -0.849625 251 241
644034303 2173615775 3 0 5 0 -1.754888 206 203
1104180463 2208360927 5 5 4 3 -1.000000 233 215
656055295 2214186623 3 0 7 0 -1.754888 225 218
1483334895 2225002343 1 0 3 0 -0.584963 223 210
1488646911 2232970367 1 0 7 0 -0.584963 204 203
1531921023 2266952895 8 19 6 5 -0.565412 216 227
1013856495 2281177115 2 0 2 0 -1.169925 217 214
1531921023 2297881535 1 0 6 0 -0.584963 216 215
1410123943 2379584155 3 0 2 0 -0.754888 228 225
1467707995 2476757243 3 0 5 0 -0.754888 211 208
1104180463 2484406043 2 0 2 0 -1.169925 233 213
1702587391 2553881087 1 0 9 0 -0.584963 229 228
1013856495 2566324255 4 0 4 0 -1.339850 217 210
1410123943 2677032175 5 0 3 0 -0.924813 228 222
1827397567 2741096351 1 0 5 0 -0.584963 273 270
1232261787 2772589023 7 5 2 1 -1.169925 224 222
1467707995 2786351899 5 0 6 0 -0.924813 211 205
1104180463 2794956799 4 0 4 0 -1.339850 233 210
1877345727 2816018591 1 0 5 0 -0.584963 219 206
1898974207 2848461311 1 0 9 0 -0.584963 227 226
1200991791 2885634943 16 7 4 3 -1.264663 251 242
1288068607 2898154367 2 0 7 0 -1.169925 206 204
1312110591 2952248831 2 0 9 0 -1.169925 224 219
1483334895 2966669791 5 5 4 3 -1.000000 223 211
1488646911 2977293823 9 9 8 7 -1.000000 204 204
1802411547 3041569487 3 0 2 0 -0.754888 218 210
2266952895 3063842047 11 0 6 0 -0.434588 227 215
2078496303 3117744455 1 0 3 0 -0.584963 205 204
1232261787 3119162651 4 0 7 0 -1.339850 224 220
1467707995 3134645887 7 0 2 0 -1.094738 211 203
2788008987 3136510111 2 0 2 0 -0.169925 282 280
2940220527 3139776511 8 1 4 1 -0.094738 223 216
1200991791 3246339311 11 0 6 0 -1.434588 251 240
644034303 3260423663 4 0 4 0 -2.339850 206 202
2208360927 3312541391 1 0 4 0 -0.584963 215 210
656055295 3321279935 4 0 6 0 -2.339850 225 217
1483334895 3337503515 2 0 2 0 -1.169925 223 209
1488646911 3349455551 2 0 6 0 -1.169925 204 202
1702587391 3405174783 11 11 10 9 -1.000000 229 229
1531921023 3446822303 2 0 5 0 -1.169925 216 213
1232261787 3509057983 6 0 2 0 -1.509775 224 217
1827397567 3654795135 7 7 6 5 -1.000000 273 270
2078496303 3695104539 5 7 2 1 -0.830075 205 207
1876750183 3753500367 4 4 3 2 -1.000000 205 201
1483334895 3754691455 4 0 4 0 -1.339850 223 205
1898974207 3797948415 11 11 10 9 -1.000000 227 227
1827397567 3902850079 8 1 5 1 -1.094738 273 263
1410123943 4015548263 6 0 6 0 -1.509775 228 220
1200991791 4108648191 24 9 4 3 -1.774438 251 217
1827397567 4111644527 2 0 4 0 -1.169925 273 268
2772589023 4158883535 1 0 4 0 -0.584963 222 220
1104180463 4192435199 5 0 4 0 -1.924813 233 206
1877345727 4224027887 2 0 4 0 -1.169925 219 203
1898974207 4272691967 2 0 8 0 -1.169925 227 225
2885634943 4328452415 1 0 6 0 -0.584963 242 222
2940220527 4410330791 1 0 3 0 -0.584963 223 222
1312110591 4428373247 3 0 8 0 -1.754888 224 217
2966669791 4450004687 1 0 4 0 -0.584963 211 208
3028474015 4542711023 1 0 4 0 -0.584963 205 204
2266952895 4595763071 12 0 6 0 -1.019550 227 213
2788008987 4704765167 3 0 2 0 -0.754888 282 276
2940220527 4709664767 8 0 4 0 -0.679700 223 215
4270051567 4739150527 5 15 4 3 -0.150375 205 215
1200991791 4869508967 12 0 3 0 -2.019550 251 220
3281159727 4921739591 1 0 3 0 -0.584963 210 208
656055295 4981919903 5 0 5 0 -2.924813 225 215
1531921023 5170233455 3 0 4 0 -1.754888 216 211
1232261787 5263586975 7 0 2 0 -2.094738 224 216
1410123943 5354064351 10 5 3 2 -1.924813 228 221
3654795135 5482192703 1 0 6 0 -0.584963 270 269
3703342015 5555013023 1 0 5 0 -0.584963 223 210
3716258815 5574388223 1 0 9 0 -0.584963 203 202
1104180463 5589913599 16 12 4 3 -2.339850 233 207
3797948415 5696922623 1 0 10 0 -0.584963 227 226
5095519323 5732459239 2 0 2 0 -0.169925 226 224
1827397567 5854275119 8 0 4 0 -1.679700 273 262
5058135807 5994827623 9 12 3 2 -0.245112 201 204
1410123943 6023322395 7 0 2 0 -2.094738 228 219
3028474015 6056948031 6 6 5 4 -1.000000 205 205
4855343175 6145043707 4 0 2 0 -0.339850 208 204
4108648191 6162972287 1 0 7 0 -0.584963 217 215
3281159727 6216083103 3 51 4 3 -0.921800 210 257
3281159727 6229076671 5 0 4 0 -0.924813 210 204
4167011775 6250517663 1 0 5 0 -0.584963 268 253
4453263871 6255339099 1 7 2 1 -0.490225 203 208
2788008987 6273020223 8 6 2 1 -1.169925 282 277
2940220527 6279553023 20 13 4 3 -1.094738 223 216
1104180463 6288652799 6 0 4 0 -2.509775 233 205
1898974207 6409037951 3 0 7 0 -1.754888 227 224
4317213543 6475820315 1 0 2 0 -0.584963 213 212
2885634943 6492678623 2 0 5 0 -1.169925 242 220
5554794111 6583459687 8 11 3 2 -0.245112 202 205
4423168159 6634752239 1 0 4 0 -0.584963 205 204
1312110591 6642559871 4 0 7 0 -2.339850 224 216
656055295 6733186075 17 1 2 1 -3.359400 225 204
4490002279 6735003419 1 0 2 0 -0.584963 209 208
6399014119 6741348207 1 6 3 1 -0.075187 223 228
4508052639 6762078959 1 0 4 0 -0.584963 204 203
1410123943 6776237695 9 0 3 0 -2.264663 228 217
5648150943 6785434267 10 1 2 1 -0.264663 210 201
3028474015 6814066535 2 0 3 0 -1.169925 205 203
2266952895 6893644607 13 0 7 0 -1.604513 227 212
4855343175 6913174171 6 0 2 0 -0.509775 208 202
1232261787 7018115967 13 7 2 1 -2.509775 224 217
2940220527 7064497151 9 0 4 0 -1.264663 223 214
4317213543 7285297855 3 0 3 0 -0.754888 213 210
1200991791 7304263451 13 0 2 0 -2.604513 251 218
5822257479 7368794623 4 0 3 0 -0.339850 209 205
3703342015 7406684031 7 7 6 5 -1.000000 223 211
656055295 7472879855 6 0 4 0 -3.509775 225 214
656055295 7574834335 18 0 5 0 -3.529325 225 202
4490002279 7576878847 3 0 3 0 -0.754888 209 206
4317213543 7675046299 4 6 2 1 -0.830075 213 215
6787878127 7740547815 15 1 3 1 -0.189475 217 203
1531921023 7755350183 4 0 3 0 -2.339850 216 210
1827397567 7805700159 13 6 7 5 -2.094738 273 263
1232261787 7895380463 8 0 2 0 -2.679700 224 215
7032588283 7911661819 2 0 8 0 -0.169925 234 232
5279083759 7918625639 1 0 3 0 -0.584963 214 213
6741348207 7989746023 5 8 3 2 -0.245112 228 231
5328487839 7992731759 1 0 4 0 -0.584963 234 233
5354064351 8031096527 1 0 4 0 -0.584963 221 220
5095519323 8052178683 3 7 5 3 -0.660150 226 230
5396162559 8094243839 1 0 10 0 -0.584963 210 208
5328487839 8101778715 22 9 2 1 -0.604513 234 221
5425672039 8138508059 1 0 2 0 -0.584963 212 211
7284070171 8194578943 2 0 2 0 -0.169925 223 221
1200991791 8217296383 15 0 4 0 -2.774438 251 216
7402225435 8327503615 2 0 2 0 -0.169925 220 218
5554794111 8332191167 1 0 6 0 -0.584963 202 201
5589913599 8384870399 1 0 11 0 -0.584963 207 203
4252520863 8505041727 6 6 5 4 -1.000000 201 201
5693861887 8540792831 1 0 11 0 -0.584963 203 201
3797948415 8545383935 2 0 9 0 -1.169925 227 213
5095519323 8598688859 3 0 13 0 -0.754888 226 223
7675046299 8634427087 2 0 2 0 -0.169925 215 213
4317213543 8752228863 22 10 3 2 -1.019550 213 201
1827397567 8781412679 9 0 3 0 -2.264663 273 258
4423168159 8846336319 6 6 5 4 -1.000000 205 203
7032588283 8900619547 4 0 5 0 -0.339850 234 230
4490002279 8980004559 4 4 3 2 -1.000000 209 209
5994827623 8992241435 1 0 2 0 -0.584963 204 203
6012160239 9018240359 1 0 3 0 -0.584963 242 241
6022759071 9034138607 1 0 4 0 -0.584963 237 236
6056948031 9085422047 1 0 5 0 -0.584963 205 204
6058060479 9087090719 1 0 5 0 -0.584963 246 245
8101778715 9114501055 2 0 2 0 -0.169925 221 219
6083704575 9125556863 1 0 7 0 -0.584963 208 207
5425672039 9155821567 3 0 3 0 -0.754888 212 209
8152774747 9171871591 2 0 2 0 -0.169925 229 227
4108648191 9244458431 2 0 6 0 -1.169925 217 214
3281159727 9343615007 6 0 4 0 -1.509775 210 203
6279553023 9419329535 1 0 12 0 -0.584963 216 213
6345654015 9518481023 1 0 7 0 -0.584963 207 206
5396162559 9593177883 12 14 2 1 -0.830075 210 211
1898974207 9613556927 4 0 6 0 -2.339850 227 210
5095519323 9673524967 5 0 2 0 -0.924813 226 221
2885634943 9739017935 3 0 4 0 -1.754888 242 219
6583459687 9875189531 1 0 2 0 -0.584963 205 204
6632333055 9948499583 1 0 7 0 -0.584963 203 202
4423168159 9952128359 2 0 3 0 -1.169925 205 201
7032588283 10013196991 6 0 2 0 -0.509775 234 228
5994827623 10116271615 3 0 3 0 -0.754888 204 201
9002256379 10127538427 2 0 8 0 -0.169925 232 230
1410123943 10164356543 10 0 3 0 -2.849625 228 216
6787878127 10181817191 1 0 3 0 -0.584963 217 205
3028474015 10221099803 3 0 2 0 -1.754888 205 202
6824868351 10237302527 1 0 8 0 -0.584963 230 229
1104180463 10328354151 76 91 3 2 -3.225562 233 222
6995485119 10493227679 1 0 5 0 -0.584963 225 224
5279083759 10558167519 5 5 4 3 -1.000000 214 214
7044668415 10567002623 1 0 9 0 -0.584963 205 203
2940220527 10596745727 10 0 4 0 -1.849625 223 211
5328487839 10656975679 6 6 5 4 -1.000000 234 234
7188480703 10782721055 1 0 5 0 -0.584963 206 205
6824868351 10784977147 10 14 2 1 -0.660150 230 234
9593177883 10792325119 2 0 2 0 -0.169925 211 209
5425672039 10851344079 4 4 3 2 -1.000000 212 205
4317213543 10927946783 4 0 3 0 -1.339850 213 209
7330581999 10995872999 1 0 3 0 -0.584963 218 217
5822257479 11053191935 5 0 3 0 -0.924813 209 204
6583459687 11109588223 3 0 3 0 -0.754888 205 202
1827397567 11113975423 13 0 6 0 -2.604513 273 253
10328354151 11179827199 20 1 3 1 -0.114288 222 203
6058060479 11346051999 7 14 5 4 -0.905262 246 253
4490002279 11365318271 4 0 3 0 -1.339850 209 205
5693861887 11387723775 13 13 12 11 -1.000000 203 202
9002256379 11393480731 4 0 5 0 -0.339850 232 228
10820939775 11399837787 13 18 2 1 -0.075187 203 208
6022759071 11433831675 8 3 2 1 -0.924813 237 232
7729160191 11593740287 1 0 12 0 -0.584963 207 205
7842612255 11763918383 1 0 4 0 -0.584963 208 207
7850335591 11775503387 1 0 2 0 -0.584963 206 205
5279083759 11877938459 2 0 2 0 -1.169925 214 212
7967431807 11951147711 1 0 6 0 -0.584963 203 202
5328487839 11989097639 2 0 3 0 -1.169925 234 232
5994827623 11989655247 4 4 3 2 -1.000000 204 204
6012160239 12024320479 5 5 4 3 -1.000000 242 242
6022759071 12045518143 6 6 5 4 -1.000000 237 237
11346051999 12116120959 7 0 5 0 -0.094738 253 246
10784977147 12133099291 2 0 5 0 -0.169925 234 232
5396162559 12141365759 2 0 9 0 -1.169925 210 207
9002256379 12166768731 12 1 5 1 -0.434588 232 221
6083704575 12167409151 9 9 8 7 -1.000000 208 208
8120521215 12180781823 1 0 8 0 -0.584963 215 214
8138163135 12207244703 1 0 5 0 -0.584963 208 206
10328354151 12241012327 4 7 8 4 -0.245112 222 225
7284070171 12291868415 3 0 2 0 -0.754888 223 218
5328487839 12318470143 27 1 5 1 -1.209025 234 208
10978579099 12350901487 2 0 2 0 -0.169925 220 218
5589913599 12577305599 2 0 10 0 -1.169925 207 201
8386248751 12579373127 1 0 3 0 -0.584963 218 215
6345654015 12691308031 9 9 8 7 -1.000000 207 207
9002256379 12817665823 6 0 2 0 -0.509775 232 226
3797948415 12818075903 3 0 8 0 -1.754888 227 210
11399837787 12824817511 2 0 2 0 -0.169925 208 206
11409315931 12835480423 2 0 2 0 -0.169925 206 204
11425521435 12853711615 2 0 2 0 -0.169925 233 231
11433831675 12863060635 2 0 5 0 -0.169925 232 230
6583459687 13166919375 4 4 3 2 -1.000000 205 205
7850335591 13247441311 3 0 3 0 -0.754888 206 203
6632333055 13264666111 9 9 8 7 -1.000000 203 203
8846336319 13269504479 1 0 5 0 -0.584963 203 202
5279083759 13362680767 4 0 4 0 -1.339850 214 210
11911714587 13400678911 2 0 2 0 -0.169925 210 208
6012160239 13527360539 2 0 2 0 -1.169925 242 240
6022759071 13551207911 2 0 3 0 -1.169925 237 235
1410123943 13552475391 17 8 3 2 -3.264663 228 217
6058060479 13630636079 2 0 4 0 -1.169925 246 244
9707448319 13635702439 1 7 3 1 -0.490225 206 212
10784977147 13649736703 4 0 2 0 -0.339850 234 230
8101778715 13671751583 3 0 2 0 -0.754888 221 217
9002256379 13687614823 13 0 2 0 -0.604513 232 219
1898974207 13688052735 11 1 12 1 -2.849625 227 203
6083704575 13688335295 2 0 6 0 -1.169925 208 205
5425672039 13733732351 4 0 3 0 -1.339850 212 201
8152774747 13757807387 3 0 6 0 -0.754888 229 226
9239932671 13859899007 1 0 7 0 -0.584963 216 213
7842612255 13942421787 6 8 2 1 -0.830075 208 210
9322079871 13983119807 1 0 6 0 -0.584963 223 222
6995485119 13990970239 7 7 6 5 -1.000000 225 225
7044668415 14089336831 11 11 10 9 -1.000000 205 204
13600465639 14135212123 1 18 2 1 -0.055637 207 224
11425521435 14265793567 3 11 2 1 -0.320300 233 241
6345654015 14277721535 2 0 6 0 -1.169925 207 205
7188480703 14376961407 7 7 6 5 -1.000000 206 205
13153370623 14401883775 1 23 7 1 -0.130825 206 228
1898974207 14420335391 5 0 5 0 -2.924813 227 208
9626513407 14439770111 1 0 11 0 -0.584963 220 210
9640529055 14460793583 1 0 4 0 -0.584963 208 201
6022759071 14470943215 9 0 4 0 -1.264663 237 228
12235060455 14500812391 4 7 7 4 -0.245112 345 345
9707448319 14561172479 1 0 10 0 -0.584963 206 205
4317213543 14570595711 10 7 3 2 -1.754888 213 210
9743830575 14615745863 1 0 3 0 -0.584963 210 209
6012160239 14642560767 30 9 4 3 -1.284213 242 221
7330581999 14661163999 5 5 4 3 -1.000000 218 213
5822257479 14737589247 14 10 3 2 -1.339850 209 205
11879947431 14833185391 4 12 3 2 -0.320300 220 228
12580018503 14909651559 4 7 5 3 -0.245112 205 205
6632333055 14922749375 2 0 6 0 -1.169925 203 201
12697550367 15048948583 6 9 3 2 -0.245112 205 208
656055295 15149668671 24 6 6 5 -4.529325 225 201
4490002279 15153757695 12 9 3 2 -1.754888 209 206
6012160239 15218280607 4 0 4 0 -1.339850 242 238
1410123943 15246534815 11 0 3 0 -3.434588 228 215
14509045503 15285249583 9 14 4 3 -0.075187 204 209
10199539711 15299309567 1 0 12 0 -0.584963 222 221
10207318975 15310978463 1 0 5 0 -0.584963 208 207
6824868351 15355953791 2 0 7 0 -1.169925 230 228
10240078383 15360117575 1 0 3 0 -0.584963 213 211
10271872239 15407808359 1 0 3 0 -0.584963 210 208
7729160191 15458320383 14 14 13 12 -1.000000 207 205
8152774747 15477533311 5 0 2 0 -0.924813 229 224
4317213543 15559517979 13 3 2 1 -1.849625 213 203
14876659047 15672529695 1 6 3 1 -0.075187 202 207
13942421787 15685224511 2 0 2 0 -0.169925 210 208
7850335591 15700671183 4 4 3 2 -1.000000 206 206
6995485119 15739841519 2 0 4 0 -1.169925 225 223
10496077671 15744116507 1 0 2 0 -0.584963 210 209
10558167519 15837251279 1 0 4 0 -0.584963 214 213
7044668415 15850503935 2 0 8 0 -1.169925 205 202
14135212123 15902113639 2 0 2 0 -0.169925 224 222
8386248751 15920769115 5 0 2 0 -0.924813 218 211
14172374811 15943921663 2 0 2 0 -0.169925 216 214
10656975679 15985463519 1 0 5 0 -0.584963 234 232
10661687143 15992530715 1 0 2 0 -0.584963 221 220
10662163071 15993244607 1 0 6 0 -0.584963 205 204
14312909563 16102023259 2 0 5 0 -0.169925 219 217
15300965535 16119535707 6 11 2 1 -0.075187 207 212
7188480703 16174081583 2 0 4 0 -1.169925 206 203
10820939775 16231409663 1 0 11 0 -0.584963 203 202
8120521215 16241042431 10 10 9 8 -1.000000 215 215
8138163135 16276326271 7 7 6 5 -1.000000 208 207
14505962235 16319207515 2 0 5 0 -0.169925 210 208
15507788443 16337423215 1 6 2 1 -0.075187 201 206
7284070171 16389157887 12 10 2 1 -1.169925 223 219
4317213543 16391920175 5 0 3 0 -1.924813 213 208
9239932671 16426546971 9 11 2 1 -0.830075 216 216
7330581999 16493809499 2 0 2 0 -1.169925 218 211
6583459687 16664382335 4 0 3 0 -1.339850 205 201
1827397567 16670963135 14 0 9 0 -3.189475 273 252
11119276783 16678915175 1 0 3 0 -0.584963 213 201
11251599519 16877399279 1 0 4 0 -0.584963 205 203
11300988463 16951482695 1 0 3 0 -0.584963 229 227
4490002279 17047977407 5 0 3 0 -1.924813 209 204
11386056319 17079084479 1 0 6 0 -0.584963 208 203
16217833471 17085454191 1 6 4 1 -0.075187 206 211
9743830575 17322365467 5 7 2 1 -0.830075 210 212
7729160191 17390610431 2 0 11 0 -1.169925 207 203
13904287047 17597613295 4 0 3 0 -0.339850 214 210
16798053615 17696714919 5 10 3 2 -0.075187 201 206
10496077671 17712131071 3 0 3 0 -0.754888 210 207
6012160239 17793716335 21 32 7 5 -1.565412 242 253
11879947431 17819921147 1 0 2 0 -0.584963 220 219
6022759071 17825084863 10 21 5 4 -1.565412 237 248
12724097983 17873081391 1 7 4 1 -0.490225 209 215
8386248751 17910865255 7 0 3 0 -1.094738 218 209
5328487839 17983646459 3 0 2 0 -1.754888 234 230
10661687143 17991597055 3 0 3 0 -0.754888 221 218
17108656891 18023934831 1 6 2 1 -0.075187 239 244
12024320479 18036480719 1 0 4 0 -0.584963 242 241
14312909563 18114776167 4 0 2 0 -0.339850 219 215
16119535707 18134477671 2 0 2 0 -0.169925 212 210
12098298367 18147447551 1 0 8 0 -0.584963 208 206
11346051999 18174181439 8 0 5 0 -0.679700 253 245
12148187295 18222280943 1 0 4 0 -0.584963 210 205
5328487839 18229002111 16 1 5 1 -1.774438 234 218
10271872239 18261106203 5 7 2 1 -0.830075 210 210
8138163135 18310867055 2 0 4 0 -1.169925 208 205
5425672039 18311643135 18 15 3 2 -1.754888 212 202
8152774747 18343743183 6 4 2 1 -1.169925 229 227
12235060455 18352590683 1 0 2 0 -0.584963 345 341
7284070171 18437802623 4 0 2 0 -1.339850 223 217
16410884187 18462244711 2 0 2 0 -0.169925 219 217
5328487839 18477705215 27 0 5 0 -1.793988 234 206
16426546971 18479865343 2 0 2 0 -0.169925 216 214
9743830575 18498053359 5 0 6 0 -0.924813 210 205
7330581999 18555535687 4 0 3 0 -1.339850 218 209
9322079871 18644159743 8 8 7 6 -1.000000 223 222
12448936807 18673405211 1 0 2 0 -0.584963 203 201
12487165567 18730748351 1 0 6 0 -0.584963 207 206
10662163071 18954956571 8 10 2 1 -0.830075 205 207
12670409887 19005614831 1 0 4 0 -0.584963 209 208
12854978559 19022932927 1 12 6 1 -0.565412 209 220
11879947431 19029378687 16 8 3 2 -0.679700 220 212
12691308031 19036962047 1 0 8 0 -0.584963 207 206
12697550367 19046325551 1 0 4 0 -0.584963 205 204
18108050463 19076793903 6 11 4 3 -0.075187 202 207
12771074215 19156611323 1 0 2 0 -0.584963 204 203
11399837787 19237226267 3 0 6 0 -0.754888 208 205
17108656891 19247239003 2 0 5 0 -0.169925 239 237
9626513407 19253026815 13 13 12 11 -1.000000 220 210
11425521435 19280567423 3 0 2 0 -0.754888 233 230
9640529055 19281058111 6 6 5 4 -1.000000 208 202
12854978559 19282467839 1 0 10 0 -0.584963 209 208
12875326399 19312989599 1 0 5 0 -0.584963 229 225
17168436891 19314491503 2 0 2 0 -0.169925 205 203
9707448319 19414896639 12 12 11 10 -1.000000 206 206
10240078383 19440148807 5 0 3 0 -0.924813 213 207
13025950831 19538926247 1 0 3 0 -0.584963 206 203
13264666111 19896999167 1 0 8 0 -0.584963 203 202
13265669055 19898503583 1 0 5 0 -0.584963 207 206
8846336319 19904256719 2 0 4 0 -1.169925 203 201
6995485119 19920736923 9 3 2 1 -1.509775 225 219
5279083759 20044021151 5 0 4 0 -1.924813 214 209
11879947431 20047411291 3 0 2 0 -0.754888 220 217
12235060455 20136615963 40 8 2 1 -0.718800 345 310
13469275551 20203913327 1 0 4 0 -0.584963 229 227
15988298991 20235190911 12 8 4 3 -0.339850 210 206
10128782079 20257564159 9 9 8 7 -1.000000 201 201
20042431131 20315875327 13 1 2 1 -0.019550 220 208
13552475391 20328713087 1 0 7 0 -0.584963 217 216
18109697275 20373409435 2 0 5 0 -0.169925 223 221
13592085183 20388127775 1 0 5 0 -0.584963 210 209
10199539711 20399079423 14 14 13 12 -1.000000 222 222
13600465639 20400698459 1 0 2 0 -0.584963 207 205
10207318975 20414637951 7 7 6 5 -1.000000 208 205
6058060479 20445954119 3 0 3 0 -1.754888 246 243
10784977147 20474605055 5 0 2 0 -0.924813 234 229
9002256379 20531422235 14 0 5 0 -1.189475 232 217
1410123943 20606063103 23 1 3 1 -3.869175 228 204
12235060455 20646664519 3 0 5 0 -0.754888 345 339
20456754879 20735851803 15 3 2 1 -0.019550 245 233
9239932671 20789848511 2 0 6 0 -1.169925 216 212
13910426863 20865640295 1 0 3 0 -0.584963 204 203
9322079871 20974679711 2 0 5 0 -1.169925 223 220
13990970239 20986455359 1 0 6 0 -0.584963 225 224
10496077671 20992155343 4 4 3 2 -1.000000 210 210
14089336831 21134005247 1 0 10 0 -0.584963 204 203
20136615963 21213883483 3 8 6 3 -0.075187 310 315
10661687143 21323374287 4 4 3 2 -1.000000 221 221
18954956571 21324326143 2 0 2 0 -0.169925 207 205
19007980827 21383978431 2 0 2 0 -0.169925 214 212
11300988463 21454220287 5 0 4 0 -0.924813 229 223
12771074215 21551187739 3 0 2 0 -0.754888 204 201
14376961407 21565442111 1 0 6 0 -0.584963 205 204
20259484783 21634518175 8 1 4 1 -0.094738 216 209
11399837787 21641879551 5 0 2 0 -0.924813 208 203
17108656891 21653143879 4 0 2 0 -0.339850 239 235
9626513407 21659655167 2 0 10 0 -1.169925 220 208
6022759071 21706414823 10 0 3 0 -1.849625 237 227
14500812391 21751218587 1 0 2 0 -0.584963 345 344
14509045503 21763568255 1 0 7 0 -0.584963 204 203
9707448319 21841758719 2 0 9 0 -1.169925 206 204
14570595711 21855893567 1 0 6 0 -0.584963 210 208
17108656891 21948563455 35 19 2 1 -0.359400 239 223
14642560767 21963841151 1 0 7 0 -0.584963 221 215
19546406139 21989706907 2 0 5 0 -0.169925 203 201
14661163999 21991745999 1 0 4 0 -0.584963 213 212
14672076415 22008114623 1 0 6 0 -0.584963 218 217
17419900231 22047061231 4 0 3 0 -0.339850 216 212
7284070171 22150346011 14 1 9 1 -1.604513 223 208
5554794111 22219176447 22 22 7 6 -2.000000 202 202
1827397567 22227950847 21 8 6 5 -3.604513 273 253
11119276783 22238553567 5 5 4 3 -1.000000 213 202
14833185391 22249778087 1 0 3 0 -0.584963 228 227
14870170783 22305256175 1 0 4 0 -0.584963 205 204
14873421823 22310132735 1 0 10 0 -0.584963 205 204
19832363259 22311408667 2 0 5 0 -0.169925 205 203
14884335615 22326503423 1 0 11 0 -0.584963 255 242
14929915519 22394873279 1 0 6 0 -0.584963 217 215
19920736923 22410829039 2 0 2 0 -0.169925 219 217
19920945819 22411064047 2 0 2 0 -0.169925 218 216
11251599519 22503199039 6 6 5 4 -1.000000 205 204
20042431131 22547735023 2 0 2 0 -0.169925 220 218
11879947431 22553337703 5 0 6 0 -0.924813 220 215
15048948583 22573422875 1 0 2 0 -0.584963 208 207
20107715227 22621179631 2 0 2 0 -0.169925 214 212
20136615963 22653692959 2 0 2 0 -0.169925 310 308
15153757695 22730636543 1 0 8 0 -0.584963 206 205
20218447131 22745753023 2 0 2 0 -0.169925 257 255
9626513407 22818402151 18 21 3 2 -1.245112 220 213
6012160239 22827420911 5 0 10 0 -1.924813 242 232
1410123943 22869802223 12 0 3 0 -4.019550 228 214
18109697275 22920085615 4 0 2 0 -0.339850 223 219
15285249583 22927874375 1 0 3 0 -0.584963 209 208
10199539711 22948964351 2 0 11 0 -1.169925 222 220
13600465639 22950785767 3 0 12 0 -0.754888 207 203
6824868351 23033930687 3 0 6 0 -1.754888 230 227
12148187295 23062574319 10 5 4 3 -0.924813 210 201
9002256379 23097850015 16 0 2 0 -1.359400 232 215
15458320383 23187480575 1 0 13 0 -0.584963 205 204
16522112167 23208014895 1 7 3 1 -0.490225 217 223
8152774747 23216299967 6 0 2 0 -1.509775 229 222
20735851803 23327833279 2 0 2 0 -0.169925 233 231
15562413159 23343619739 1 0 2 0 -0.584963 207 205
21407990427 23440029087 7 29 2 1 -0.130825 261 283
7330581999 23484349855 8 0 4 0 -1.679700 218 205
16799376063 23597477487 1 7 4 1 -0.490225 220 226
6995485119 23609762279 3 0 3 0 -1.754888 225 222
23440029087 23759827611 13 1 2 1 -0.019550 283 271
21172360987 23818906111 2 0 2 0 -0.169925 205 203
21213883483 23865618919 2 0 2 0 -0.169925 315 313
14172374811 23915882495 3 0 2 0 -0.754888 216 213
20218447131 23962604007 3 6 2 1 -0.245112 257 260
15988298991 23982448487 1 0 3 0 -0.584963 210 209
10662163071 23989866911 2 0 5 0 -1.169925 205 203
16012410879 24018616319 1 0 16 0 -0.584963 227 222
17793716335 24048640959 18 7 4 3 -0.434588 253 237
21407990427 24083989231 2 0 2 0 -0.169925 261 259
16065909375 24098864063 1 0 6 0 -0.584963 212 211
20107715227 24156503835 12 3 7 3 -0.264663 214 205
12098298367 24196596735 10 10 9 8 -1.000000 208 207
19139038023 24222844999 4 0 8 0 -0.339850 212 208
7188480703 24261122375 3 0 3 0 -1.754888 206 202
12148187295 24296374591 6 6 5 4 -1.000000 210 206
16217833471 24326750207 1 0 14 0 -0.584963 206 205
10820939775 24347114495 2 0 10 0 -1.169925 203 201
16267376031 24401064047 1 0 4 0 -0.584963 215 201
16276326271 24414489407 1 0 6 0 -0.584963 207 205
14500812391 24470120911 3 0 3 0 -0.754888 345 342
20456754879 24575824359 13 4 3 2 -0.264663 245 236
16389157887 24583736831 1 0 9 0 -0.584963 219 218
4317213543 24587880263 6 0 5 0 -2.509775 213 206
21855912603 24587901679 2 0 2 0 -0.169925 212 210
10240078383 24603938335 9 0 4 0 -1.264663 213 203
16423439463 24635159195 1 0 2 0 -0.584963 203 202
5328487839 24636940287 39 13 5 4 -2.209025 234 207
16443071487 24664607231 1 0 9 0 -0.584963 203 202
16517543967 24776315951 1 0 4 0 -0.584963 205 201
16522112167 24783168251 1 0 2 0 -0.584963 217 216
7284070171 24919139263 15 0 2 0 -1.774438 223 206
12487165567 24974331135 8 8 7 6 -1.000000 207 205
23736146247 25005981231 4 9 3 2 -0.075187 211 216
1827397567 25006444703 15 0 5 0 -3.774438 273 251
23440029087 25030929499 15 8 2 1 -0.094738 283 276
21181668351 25104199527 11 14 3 2 -0.245112 214 217
16799376063 25199064095 1 0 5 0 -0.584963 220 217
23962604007 25244554015 1 6 3 1 -0.075187 260 265
22443633915 25249088155 2 0 5 0 -0.169925 204 202
11251599519 25316098919 2 0 3 0 -1.169925 205 202
17793716335 25335193767 10 4 3 2 -0.509775 253 242
15048948583 25395100735 3 0 3 0 -0.754888 208 205
4490002279 25571966111 6 0 3 0 -2.509775 209 203
17065503871 25598255807 1 0 6 0 -0.584963 205 203
11399837787 25649635023 6 4 2 1 -1.169925 208 206
22819513371 25671952543 2 0 2 0 -0.169925 208 205
11425521435 25707423231 11 9 2 1 -1.169925 233 222
12854978559 25709957119 12 12 11 10 -1.000000 209 209
17153803711 25730705567 1 0 5 0 -0.584963 227 226
12875326399 25750652799 7 7 6 5 -1.000000 229 226
6058060479 25876910683 7 0 2 0 -2.094738 246 239
21616950943 25969631679 10 1 5 1 -0.264663 213 204
16443071487 25984112967 11 15 3 2 -0.660150 203 207
13025950831 26051901663 5 5 4 3 -1.000000 206 204
7729160191 26085915647 3 0 10 0 -1.754888 207 202
12235060455 26130934783 7 0 3 0 -1.094738 345 335
15562413159 26261572207 3 0 3 0 -0.754888 207 203
24902787007 26289874335 54 6 5 4 -0.078200 287 239
17562320895 26343481343 1 0 13 0 -0.584963 227 226
13904287047 26396419943 5 0 5 0 -0.924813 214 209
17717800959 26576701439 1 0 11 0 -0.584963 207 206
24902787007 26592966399 16 9 6 5 -0.094738 287 280
17793716335 26690574503 1 0 3 0 -0.584963 253 247
5279083759 26725361535 11 7 4 3 -2.339850 214 210
23440029087 26729806063 14 0 4 0 -0.189475 283 269
17893274559 26839911839 1 0 5 0 -0.584963 222 221
8386248751 26866297883 8 0 2 0 -1.679700 218 208
10661687143 26987395583 4 0 3 0 -1.339850 221 217
24001100443 27001237999 2 0 2 0 -0.169925 204 202
24010370299 27011666587 2 0 5 0 -0.169925 208 206
18019682047 27029523071 1 0 7 0 -0.584963 247 246
25718441407 27094325103 1 6 4 1 -0.075187 208 213
18108050463 27162075695 1 0 4 0 -0.584963 202 201
14312909563 27172164251 5 0 5 0 -0.924813 219 203
24156503835 27176066815 2 0 2 0 -0.169925 205 203
13592085183 27184170367 7 7 6 5 -1.000000 210 210
13600465639 27200931279 4 4 3 2 -1.000000 207 205
12098298367 27221171327 2 0 7 0 -1.169925 208 205
18162338031 27243507047 1 0 3 0 -0.584963 233 232
12148187295 27333421415 2 0 3 0 -1.169925 210 204
9002256379 27375229647 17 4 2 1 -1.604513 232 217
17108656891 27404760223 8 0 2 0 -0.679700 239 222
17793716335 27423835803 26 1 2 1 -0.624063 253 223
18283986687 27425980031 1 0 7 0 -0.584963 202 201
8138163135 27466300583 3 0 3 0 -1.754888 208 203
18311643135 27467464703 1 0 14 0 -0.584963 202 201
15562413159 27666512283 4 6 2 1 -0.830075 207 208
16410884187 27693367067 3 0 6 0 -0.754888 219 216
5328487839 27716557823 28 0 5 0 -2.378950 234 205
16426546971 27719798015 3 0 2 0 -0.754888 216 213
9743830575 27747080039 6 0 3 0 -1.509775 210 203
13910426863 27820853727 5 5 4 3 -1.000000 204 204
16522112167 27881064283 3 0 2 0 -0.754888 217 214
17419900231 27903311871 23 15 3 2 -0.679700 216 208
18644159743 27966239615 1 0 7 0 -0.584963 222 221
18700986879 28051480319 1 0 8 0 -0.584963 215 214
12487165567 28096122527 2 0 5 0 -1.169925 207 203
25030929499 28159795687 2 0 2 0 -0.169925 276 274
18808471551 28212707327 1 0 14 0 -0.584963 220 219
18857839743 28286759615 1 0 6 0 -0.584963 208 205
6995485119 28363705503 18 6 5 4 -2.019550 225 213
15988298991 28423642651 5 7 2 1 -0.830075 210 212
22546530631 28535452831 4 0 3 0 -0.339850 218 205
16065909375 28561616667 8 10 2 1 -0.830075 212 214
20107715227 28629930471 10 4 2 1 -0.509775 214 208
14322265959 28644531919 4 4 3 2 -1.000000 201 201
25488523035 28674588415 2 0 2 0 -0.169925 213 211
20456754879 28734865563 1 7 2 1 -0.490225 245 251
7188480703 28753922815 15 15 6 5 -2.000000 206 205
19187963839 28781945759 1 0 5 0 -0.584963 210 208
19253026815 28879540223 1 0 12 0 -0.584963 210 209
19256806639 28885209959 1 0 3 0 -0.584963 237 236
11425521435 28920851135 4 0 2 0 -1.339850 233 217
19281058111 28921587167 1 0 5 0 -0.584963 202 201
12854978559 28923701759 2 0 9 0 -1.169925 209 207
6022759071 28941886431 14 5 6 4 -2.264663 237 228
1410123943 28944593439 22 6 3 2 -4.359400 228 210
16065909375 28951290367 10 0 7 0 -0.849625 212 202
12875326399 28969484399 2 0 4 0 -1.169925 229 224
15285249583 29018091007 5 0 4 0 -0.924813 209 203
13592085183 29029189743 12 5 4 3 -1.094738 210 203
25823319067 29051233951 2 0 2 0 -0.169925 229 227
17696714919 29064720987 4 25 2 1 -0.715787 206 213
6058060479 29111524519 9 0 3 0 -2.264663 246 237
19414896639 29122344959 1 0 11 0 -0.584963 206 203
19422742687 29134114031 1 0 4 0 -0.584963 208 206
6012160239 29285121535 22 1 4 1 -2.284213 242 216
13025950831 29308389371 2 0 2 0 -1.169925 206 202
14672076415 29344152831 8 8 7 6 -1.000000 218 215
6824868351 29550051327 21 2 9 2 -2.114288 230 211
23751051775 29655329391 1 9 4 1 -0.320300 204 212
6012160239 29684666203 33 0 2 0 -2.303763 242 204
25077501375 29721483111 7 10 3 2 -0.245112 222 225
21172360987 29740051647 3 9 2 1 -0.490225 205 211
14870170783 29740341567 6 6 5 4 -1.000000 205 203
14884335615 29768671231 13 13 12 11 -1.000000 255 243
14929915519 29859831039 8 8 7 6 -1.000000 217 216
17065503871 29930326183 12 26 3 2 -0.810525 205 218
20218447131 29982012519 44 2 2 1 -0.568425 257 215
19007980827 30037303035 3 7 5 3 -0.660150 214 218
20041239039 30061858559 1 0 8 0 -0.584963 204 203
20045620159 30068430239 1 0 5 0 -0.584963 219 218
20096025631 30144038447 1 0 4 0 -0.584963 247 242
20125540911 30188311367 1 0 3 0 -0.584963 211 208
8386248751 30224585119 10 0 4 0 -1.849625 218 206
20235190911 30352786367 1 0 6 0 -0.584963 206 205
26985937563 30359179759 2 0 2 0 -0.169925 220 218
20259484783 30389227175 1 0 3 0 -0.584963 216 213
20306699199 30460048799 1 0 5 0 -0.584963 213 212
20311668127 30467502191 1 0 4 0 -0.584963 222 221
13552475391 30493069631 2 0 6 0 -1.169925 217 215
16065909375 30500124831 30 25 5 4 -0.924813 212 207
14312909563 30568684783 7 0 2 0 -1.094738 219 201
27174660699 30571493287 2 0 2 0 -0.169925 217 215
27182699163 30580536559 2 0 2 0 -0.169925 222 220
13592085183 30582191663 2 0 4 0 -1.169925 210 208
20456754879 30685132319 1 0 5 0 -0.584963 245 241
10784977147 30711907583 6 0 2 0 -1.509775 234 228
24280134895 30729545727 16 12 4 3 -0.339850 210 205
20567974399 30851961599 1 0 8 0 -0.584963 207 206
27427620507 30856073071 2 0 2 0 -0.169925 203 201
1410123943 30909094655 23 0 3 0 -4.454138 228 203
20633153535 30949730303 1 0 11 0 -0.584963 212 211
8152774747 30955066623 13 8 2 1 -1.924813 229 215
29064720987 31037375391 13 6 2 1 -0.094738 213 205
20694665215 31041997823 1 0 10 0 -0.584963 205 203
27666512283 31124826319 2 0 2 0 -0.169925 208 205
18700986879 31133157447 10 19 3 2 -0.735337 215 222
16410884187 31155037951 5 0 2 0 -0.924813 219 214
9239932671 31184772767 3 0 5 0 -1.754888 216 211
20831498991 31247248487 1 0 3 0 -0.584963 205 203
20840459623 31260689435 1 0 2 0 -0.584963 210 209
13910426863 31298460443 2 0 2 0 -1.169925 204 202
20902969503 31354454255 1 0 4 0 -0.584963 207 206
16522112167 31366197319 5 0 5 0 -0.924813 217 212
20956802079 31435203119 1 0 4 0 -0.584963 241 240
29859831039 31457270559 1 6 5 1 -0.075187 216 221
9322079871 31462019567 3 0 4 0 -1.754888 223 219
13990970239 31479683039 2 0 5 0 -1.169925 225 223
20994600175 31491900263 1 0 3 0 -0.584963 208 205
14089336831 31701007871 2 0 9 0 -1.169925 204 201
17893274559 31810265883 7 9 2 1 -0.830075 222 224
21251753199 31877629799 1 0 3 0 -0.584963 206 205
14172374811 31887843327 15 13 2 1 -1.169925 216 214
28423642651 31976597983 2 0 2 0 -0.169925 212 210
18954956571 31986489215 3 0 2 0 -0.754888 207 204
16012410879 32024821759 18 18 17 16 -1.000000 227 223
26682533791 32055194863 9 0 4 0 -0.264663 210 201
19007980827 32075967647 3 0 2 0 -0.754888 214 211
11300988463 32181330431 6 0 4 0 -1.509775 229 220
21616950943 32425426415 1 0 4 0 -0.584963 213 212
16217833471 32435666943 16 16 15 14 -1.000000 206 206
20259484783 32451777263 8 0 7 0 -0.679700 216 206
11399837787 32462819327 6 0 2 0 -1.509775 208 202
9626513407 32489482751 3 0 9 0 -1.754888 220 207
6022759071 32559622235 11 0 2 0 -2.434588 237 226
20633153535 32605477191 13 17 3 2 -0.660150 212 216
21754342527 32631513791 1 0 6 0 -0.584963 217 216
29021576347 32649273391 2 0 2 0 -0.169925 215 213
29064720987 32697811111 2 0 2 0 -0.169925 213 210
16359387375 32718774751 5 5 4 3 -1.000000 201 201
9707448319 32762638079 3 0 8 0 -1.754888 206 201
21844338111 32766507167 1 0 5 0 -0.584963 212 211
21879934495 32819901743 1 0 4 0 -0.584963 242 241
21915876511 32873814767 1 0 4 0 -0.584963 214 213
25984112967 32886142975 4 0 3 0 -0.339850 207 203
21948563455 32922845183 1 0 14 0 -0.584963 223 213
21956707359 32935061039 1 0 4 0 -0.584963 229 228
23474012799 32973098911 8 14 5 4 -0.490225 216 222
14672076415 33012171935 2 0 5 0 -1.169925 218 213
17419900231 33070591847 5 0 5 0 -0.924813 216 211
20456754879 33214825119 21 1 5 1 -0.699250 245 222
22167115111 33250672667 1 0 2 0 -0.584963 215 210
22212764703 33319147055 1 0 4 0 -0.584963 204 203
21915876511 33322320927 14 1 7 1 -0.604513 214 201
22227950847 33341926271 1 0 7 0 -0.584963 253 252
22238553567 33357830351 1 0 4 0 -0.584963 202 201
6012160239 33395249479 35 0 3 0 -2.473688 242 202
14870170783 33457884263 2 0 3 0 -1.169925 205 201
14884335615 33489755135 2 0 10 0 -1.169925 255 241
29822898427 33550760731 2 0 5 0 -0.169925 208 206
14929915519 33592309919 2 0 5 0 -1.169925 217 214
16799376063 33598752127 7 7 6 5 -1.000000 220 218
6995485119 33616243559 9 0 3 0 -2.264663 225 216
19920945819 33616596071 3 0 2 0 -0.754888 218 215
22441748479 33662622719 1 0 10 0 -0.584963 218 217
26713719111 33809550751 4 0 3 0 -0.339850 217 208
20107715227 33931769447 3 0 2 0 -0.754888 214 211
20136615963 33980539439 3 0 2 0 -0.754888 310 306
30205921051 33981661183 2 0 2 0 -0.169925 208 206
27249956079 34024026855 5 13 3 2 -0.320300 217 225
20218447131 34118629535 3 0 2 0 -0.754888 257 254
17065503871 34131007743 8 8 7 6 -1.000000 205 204
22818402151 34227603227 1 0 2 0 -0.584963 213 212
17153803711 34307607423 7 7 6 5 -1.000000 227 227
21754342527 34377232635 8 12 2 1 -0.660150 217 221
18109697275 34380128423 5 0 2 0 -0.924813 223 218
21844338111 34519447879 7 11 3 2 -0.660150 212 216
6824868351 34550896031 4 0 5 0 -2.339850 230 226
28816764351 34619163375 10 1 4 1 -0.264663 216 207
9002256379 34646775023 17 0 2 0 -1.944363 232 213
15458320383 34781220863 2 0 12 0 -1.169925 205 203
26446967911 34788001959 4 17 6 4 -0.395487 232 244
8152774747 34824449951 7 0 2 0 -2.094738 229 213
26592966399 34980046495 1 14 5 1 -0.395487 280 292
20456754879 34991749919 15 0 5 0 -0.774438 245 227
20840459623 35168275615 3 0 3 0 -0.754888 210 207
13904287047 35195226591 9 5 3 2 -1.339850 214 210
23474012799 35211019199 1 0 6 0 -0.584963 216 215
23474492575 35211738863 1 0 4 0 -0.584963 227 222
7330581999 35226524783 9 0 7 0 -2.264663 218 204
31313611419 35227812847 2 0 2 0 -0.169925 205 203
20096025631 35319079359 41 2 5 2 -0.813538 247 204
17717800959 35435601919 13 13 12 11 -1.000000 207 207
24902787007 35531405403 62 3 2 1 -0.512788 287 227
20306699199 35614895131 7 21 2 1 -0.810525 213 227
23751051775 35626577663 1 0 8 0 -0.584963 204 203
20041239039 35628869403 10 12 2 1 -0.830075 204 206
23771742207 35657613311 1 0 18 0 -0.584963 207 205
31810265883 35786549119 2 0 2 0 -0.169925 224 222
14172374811 35873823743 4 0 2 0 -1.339850 216 212
15988298991 35973672731 2 0 2 0 -1.169925 210 208
23985074023 35977611035 1 0 2 0 -0.584963 217 210
10661687143 35983194111 14 11 3 2 -1.754888 221 208
10662163071 35984800367 3 0 4 0 -1.754888 205 202
16012410879 36027924479 2 0 15 0 -1.169925 227 221
18019682047 36039364095 9 9 8 7 -1.000000 247 247
32060507419 36068070847 2 0 2 0 -0.169925 254 252
21407990427 36125983847 3 0 2 0 -0.754888 261 258
24124255335 36186383003 1 0 2 0 -0.584963 232 231
24134154399 36201231599 1 0 4 0 -0.584963 208 207
14312909563 36229552335 8 4 2 1 -1.339850 219 204
24196596735 36294895103 1 0 9 0 -0.584963 207 203
18162338031 36324676063 5 5 4 3 -1.000000 233 233
31133157447 36401915995 4 19 2 1 -0.225562 222 237
24280134895 36420202343 1 0 3 0 -0.584963 210 205
28074096799 36431265007 1 26 4 1 -0.375937 217 242
24296374591 36444561887 1 0 5 0 -0.584963 206 205
16217833471 36490125311 2 0 13 0 -1.169925 206 204
24340997679 36511496519 1 0 3 0 -0.584963 211 210
16276326271 36621734111 2 0 5 0 -1.169925 207 204
6022759071 36629575015 13 0 3 0 -2.604513 237 224
24543837183 36815755775 1 0 9 0 -0.584963 219 217
6824868351 36895903135 37 26 5 4 -2.434588 230 219
32802991387 36903365311 2 0 2 0 -0.169925 210 208
10240078383 36905907503 10 0 8 0 -1.849625 213 202
16410884187 36924489423 6 4 2 1 -1.169925 219 217
24636940287 36955410431 1 0 12 0 -0.584963 207 203
9743830575 36996106719 10 5 4 3 -1.924813 210 204
16443071487 36996910847 2 0 8 0 -1.169925 203 201
24792582303 37188873455 1 0 4 0 -0.584963 214 213
29393198319 37200766623 10 6 4 3 -0.339850 228 224
24902787007 37354180511 1 0 5 0 -0.584963 287 285
31133157447 37401973759 9 0 3 0 -0.264663 222 213
22167115111 37407006751 3 0 3 0 -0.754888 215 205
1827397567 37509667055 16 0 4 0 -4.359400 273 250
25036882623 37555323935 1 0 5 0 -0.584963 213 203
25077501375 37616252063 1 0 5 0 -0.584963 222 221
18808471551 37616943103 16 16 15 14 -1.000000 220 220
25104199527 37656299291 1 0 2 0 -0.584963 217 203
18857839743 37715679487 8 8 7 6 -1.000000 208 206
33550306971 37744095343 2 0 2 0 -0.169925 207 205
29822898427 37744605823 4 0 2 0 -0.339850 208 204
25188447463 37782671195 1 0 2 0 -0.584963 227 225
16799376063 37798596143 2 0 4 0 -1.169925 220 216
32341614703 37893929119 44 6 4 3 -0.228575 246 208
19051536319 38103072639 7 7 6 5 -1.000000 215 201
20125540911 38207081575 5 0 3 0 -0.924813 211 203
17065503871 38397383711 2 0 5 0 -1.169925 205 202
22818402151 38506053631 3 0 3 0 -0.754888 213 210
22819513371 38507928815 3 0 2 0 -0.754888 208 204
19256806639 38513613279 5 5 4 3 -1.000000 237 213
25707423231 38561134847 1 0 8 0 -0.584963 222 215
25709957119 38564935679 1 0 11 0 -0.584963 209 208
25718441407 38577662111 1 0 5 0 -0.584963 208 207
17153803711 38596058351 2 0 4 0 -1.169925 227 225
25750652799 38625979199 1 0 6 0 -0.584963 226 222
34359740187 38654707711 2 0 2 0 -0.169925 241 239
34377232635 38674386715 2 0 5 0 -0.169925 221 219
27182699163 38703491583 16 10 2 1 -0.509775 222 216
19422742687 38845485375 6 6 5 4 -1.000000 208 207
19432246383 38864492767 5 5 4 3 -1.000000 201 201
21616950943 38954447519 10 0 10 0 -0.849625 213 203
12235060455 39196402175 8 0 3 0 -1.679700 345 287
31033637191 39276947071 4 0 3 0 -0.339850 234 230
26289874335 39434811503 1 0 4 0 -0.584963 239 237
26382093415 39573140123 1 0 2 0 -0.584963 227 225
13904287047 39594629915 6 0 2 0 -1.509775 214 208
26411941023 39617911535 1 0 4 0 -0.584963 215 213
26446967911 39670451867 1 0 2 0 -0.584963 232 230
20902969503 39682981167 10 5 4 3 -0.924813 207 202
16522112167 39697843483 9 0 2 0 -1.264663 217 208
31851195631 39769089255 1 9 3 1 -0.320300 217 225
17717800959 39865052159 2 0 10 0 -1.169925 207 205
26592966399 39889449599 1 0 7 0 -0.584963 280 278
35531405403 39972831079 2 0 2 0 -0.169925 227 225
26716378879 39990974623 15 67 5 4 -0.581950 203 213
35614895131 40066757023 2 0 2 0 -0.169925 227 225
26714480799 40071721199 1 0 4 0 -0.584963 209 208
35628869403 40082478079 2 0 2 0 -0.169925 206 204
23440029087 40094709095 15 0 3 0 -0.774438 283 268
36172318831 40146134343 1 11 3 1 -0.150375 212 222
20096025631 40192051263 6 6 5 4 -1.000000 247 243
17893274559 40259867759 2 0 4 0 -1.169925 222 220
26870136255 40305204383 1 0 5 0 -0.584963 204 201
26929330335 40393995503 1 0 4 0 -0.584963 215 214
36431265007 40433527807 2 12 4 2 -0.150375 242 252
15988298991 40470381823 4 0 4 0 -1.339850 210 206
23985074023 40474812415 3 0 3 0 -0.754888 217 208
10661687143 40481093375 5 0 3 0 -1.924813 221 206
24001100443 40501856999 3 0 2 0 -0.754888 204 201
18019682047 40544284607 2 0 6 0 -1.169925 247 245
38029978779 40611115035 10 3 7 3 -0.094738 220 213
35614895131 40613398399 14 0 2 0 -0.189475 227 213
20311668127 40623336255 6 6 5 4 -1.000000 222 222
24124255335 40709680879 3 0 3 0 -0.754888 232 229
20107715227 40764100223 12 0 2 0 -1.019550 214 202
27184170367 40776255551 1 0 6 0 -0.584963 210 208
32220978415 40779675807 10 6 4 3 -0.339850 225 221
36290845467 40827201151 2 0 2 0 -0.169925 209 207
27219208039 40828812059 1 0 2 0 -0.584963 205 203
18162338031 40865260571 2 0 2 0 -1.169925 233 222
27249956079 40874934119 1 0 3 0 -0.584963 217 216
27304637679 40956956519 1 0 3 0 -0.584963 218 217
27390164607 41085246911 1 0 6 0 -0.584963 225 222
17108656891 41107140335 9 0 2 0 -1.264663 239 221
8138163135 41199450875 4 0 2 0 -2.339850 208 202
34811309823 41257848679 9 12 3 2 -0.245112 226 229
32605477191 41266307071 4 0 3 0 -0.339850 216 203
20694665215 41389330431 12 12 11 10 -1.000000 205 204
27668381695 41502572543 1 0 16 0 -0.584963 212 211
36431265007 41544344703 15 1 4 1 -0.189475 242 228
16426546971 41579697023 4 0 2 0 -1.339850 216 212
9743830575 41620620059 7 0 2 0 -2.094738 210 202
20840459623 41680919247 4 4 3 2 -1.000000 210 210
27820853727 41731280591 1 0 4 0 -0.584963 204 203
26411941023 41737388283 6 10 2 1 -0.660150 215 217
20902969503 41805939007 6 6 5 4 -1.000000 207 207
27903311871 41854967807 1 0 13 0 -0.584963 208 207
20956802079 41913604159 6 6 5 4 -1.000000 241 241
18644159743 41949359423 2 0 6 0 -1.169925 222 220
37893929119 42056877147 1 11 2 1 -0.150375 208 218
18700986879 42077220479 2 0 7 0 -1.169925 215 211
28052426223 42078639335 1 0 3 0 -0.584963 204 203
28074096799 42111145199 1 0 4 0 -0.584963 217 216
36979397359 42169406703 19 5 9 5 -0.189475 227 210
37485614107 42171315871 2 0 2 0 -0.169925 227 225
37527388827 42218312431 2 0 2 0 -0.169925 241 239
23771742207 42260875035 20 22 2 1 -0.830075 207 208
18808471551 42319060991 2 0 13 0 -1.169925 220 218
28317163263 42475744895 1 0 7 0 -0.584963 216 215
25188447463 42505505095 3 0 5 0 -0.754888 227 222
28363705503 42545558255 1 0 4 0 -0.584963 213 212
28387930159 42581895239 1 0 3 0 -0.584963 206 205
19007980827 42767956863 9 7 2 1 -1.169925 214 212
30456709615 42781441215 5 11 4 3 -0.490225 233 239
38029978779 42783726127 2 0 2 0 -0.169925 220 217
38043949851 42799443583 2 0 2 0 -0.169925 211 209
22546530631 42803179247 5 0 3 0 -0.924813 218 203
30087419815 42839314543 6 0 3 0 -0.509775 225 219
25077501375 42895643119 27 12 4 3 -0.774438 222 207
11300988463 42908440575 16 11 4 3 -1.924813 229 205
27182699163 42955376455 3 7 2 1 -0.660150 222 226
35759723119 42960121471 9 0 4 0 -0.264663 216 205
17893274559 42992349019 10 1 2 1 -1.264663 222 213
25488523035 43011882623 3 0 2 0 -0.754888 213 210
40881398631 43068469339 4 9 2 1 -0.075187 230 235
38395286619 43194697447 2 0 2 0 -0.169925 218 216
28816764351 43225146527 1 0 5 0 -0.584963 216 215
24340997679 43272884763 5 7 2 1 -0.830075 211 213
19256806639 43327814939 2 0 2 0 -1.169925 237 211
11425521435 43381276703 5 0 2 0 -1.924813 233 213
12854978559 43385552639 3 0 8 0 -1.754888 209 205
28941886431 43412829647 1 0 4 0 -0.584963 228 227
12875326399 43454226599 3 0 3 0 -1.754888 229 220
28979982079 43469973119 1 0 7 0 -0.584963 234 233
34377232635 43508685055 4 0 2 0 -0.339850 221 217
27174660699 43528551967 8 0 2 0 -0.679700 217 208
29049057279 43573585919 1 0 11 0 -0.584963 263 258
38814895131 43666757023 2 0 2 0 -0.169925 210 208
6058060479 43667286779 10 0 2 0 -2.849625 246 236
34519447879 43688676223 4 0 3 0 -0.339850 216 212
19422742687 43701171047 2 0 3 0 -1.169925 208 205
38865610843 43723812199 2 0 2 0 -0.169925 237 234
21879934495 43759868991 6 6 5 4 -1.000000 242 241
29176776943 43765165415 1 0 3 0 -0.584963 225 220
21915876511 43831753023 6 6 5 4 -1.000000 214 214
29262084543 43893126815 1 0 5 0 -0.584963 230 229
21948563455 43897126911 16 16 15 14 -1.000000 223 214
21956707359 43913414719 6 6 5 4 -1.000000 229 229
29344152831 44016229247 1 0 7 0 -0.584963 215 214
29393198319 44089797479 1 0 3 0 -0.584963 228 227
17419900231 44094122463 9 5 3 2 -1.339850 216 212
22441748479 44279381631 12 24 7 6 -0.980450 218 229
29530377711 44295566567 1 0 3 0 -0.584963 205 204
22167115111 44334230223 4 4 3 2 -1.000000 215 208
22212764703 44425529407 6 6 5 4 -1.000000 204 204
29653970047 44480955071 1 0 6 0 -0.584963 206 203
26382093415 44519782639 3 0 3 0 -0.754888 227 223
13904287047 44543958655 8 0 3 0 -1.679700 214 206
23474492575 44564856999 9 4 3 2 -0.924813 227 217
29721483111 44582224667 1 0 2 0 -0.584963 225 224
29740341567 44610512351 1 0 5 0 -0.584963 203 202
26446967911 44629258351 3 0 3 0 -0.754888 232 228
29755268863 44632903295 1 0 7 0 -0.584963 212 201
29768671231 44653006847 1 0 12 0 -0.584963 243 241
16522112167 44660073919 11 0 3 0 -1.434588 217 206
29782310911 44673466367 1 0 16 0 -0.584963 210 209
41910555463 44755070703 12 5 3 2 -0.094738 224 217
29859831039 44789746559 1 0 7 0 -0.584963 216 215
6995485119 44821658079 13 5 5 4 -2.679700 225 217
19920945819 44822128095 7 5 2 1 -1.169925 218 216
44279381631 44883496959 14 2 7 2 -0.019550 229 217
29929665279 44894497919 1 0 7 0 -0.584963 210 209
29930326183 44895489275 1 0 2 0 -0.584963 218 217
29982012519 44973018779 1 0 2 0 -0.584963 215 214
42248311387 45115750491 10 3 9 3 -0.094738 220 213
20096025631 45216057671 2 0 3 0 -1.169925 247 241
12235060455 45307385919 35 1 3 1 -1.888725 345 261
20218447131 45491506047 9 7 2 1 -1.169925 257 255
26985937563 45538769639 3 0 2 0 -0.754888 220 210
30431055207 45646582811 1 0 2 0 -0.584963 210 208
30456709615 45685064423 1 0 3 0 -0.584963 233 229
40611115035 45687504415 2 0 2 0 -0.169925 213 210
20306699199 45690073199 2 0 4 0 -1.169925 213 211
20311668127 45701253287 2 0 3 0 -1.169925 222 220
30499864575 45749796863 1 0 15 0 -0.584963 208 207
40677175323 45761822239 2 0 2 0 -0.169925 215 213
20096025631 45832952319 24 10 5 4 -1.189475 247 229
18109697275 45840171231 9 5 2 1 -1.339850 223 217
27182699163 45870804839 3 0 2 0 -0.754888 222 219
27219208039 45932413567 3 0 3 0 -0.754888 205 201
18162338031 45973418143 4 0 4 0 -1.339850 233 220
30681804799 46022707199 1 0 11 0 -0.584963 203 202
31148213095 46093454439 4 15 8 4 -0.565412 229 234
9002256379 46195700031 22 6 2 1 -2.359400 232 214
24340997679 46209862783 5 0 4 0 -0.924813 211 205
20633153535 46424595455 2 0 10 0 -1.169925 212 201
30955066623 46432599935 1 0 7 0 -0.584963 215 214
24792582303 46433661231 6 13 4 3 -0.905262 214 221
30990113791 46485170687 1 0 9 0 -0.584963 215 211
20456754879 46655666559 21 7 6 5 -1.189475 245 227
31148213095 46722319643 1 0 2 0 -0.584963 229 222
21879934495 46729899163 7 0 2 0 -1.094738 242 234
16410884187 46732556927 6 0 2 0 -1.509775 219 213
9239932671 46777159151 4 0 4 0 -2.339850 216 210
32973098911 46948025599 7 1 5 1 -0.509775 222 216
23474492575 46948985151 6 6 5 4 -1.000000 227 222
41737388283 46954561819 2 0 5 0 -0.169925 217 215
7330581999 46968699711 14 6 4 3 -2.679700 218 205
31327592191 46991388287 1 0 7 0 -0.584963 216 206
20902969503 47031681383 2 0 3 0 -1.169925 207 205
8152774747 47066092191 24 6 2 1 -2.529325 229 202
20956802079 47152804679 2 0 3 0 -1.169925 241 239
9322079871 47193029351 4 0 3 0 -2.339850 223 210
42056877147 47313986791 2 0 2 0 -0.169925 218 216
42061903963 47319641959 2 0 2 0 -0.169925 250 248
42139474011 47406908263 2 0 2 0 -0.169925 234 229
23751051775 47502103551 10 10 9 8 -1.000000 204 204
42248311387 47529350311 2 0 2 0 -0.169925 220 218
42260875035 47543484415 2 0 2 0 -0.169925 208 206
32267856615 47750314735 4 15 3 2 -0.565412 210 221
31851195631 47776793447 1 0 3 0 -0.584963 217 216
41910555463 47792646303 20 6 3 2 -0.189475 224 210
31887843327 47831764991 1 0 12 0 -0.584963 214 213
31913144319 47869716479 1 0 11 0 -0.584963 233 232
38395286619 47939976831 9 17 2 1 -0.320300 218 226
28423642651 47964896975 3 0 2 0 -0.754888 212 205
23985074023 47970148047 4 4 3 2 -1.000000 217 210
18954956571 47979733823 4 0 2 0 -1.339850 207 203
27060415647 48107405595 6 8 2 1 -0.830075 203 203
19007980827 48113951471 4 0 2 0 -1.339850 214 210
23440029087 48167978463 25 1 6 1 -1.039100 283 259
30499864575 48197316859 17 21 2 1 -0.660150 208 212
24124255335 48248510671 4 4 3 2 -1.000000 232 232
24134154399 48268308799 6 6 5 4 -1.000000 208 208
11300988463 48271995647 7 0 4 0 -2.094738 229 203
32220978415 48331467623 1 0 3 0 -0.584963 225 224
17893274559 48366392647 11 0 3 0 -1.434588 222 211
32267856615 48401784923 1 0 2 0 -0.584963 210 209
34024026855 48444366363 9 3 2 1 -0.509775 225 219
43068469339 48452028007 2 0 2 0 -0.169925 235 233
32341614703 48512422055 1 0 3 0 -0.584963 246 245
24280134895 48560269791 5 5 4 3 -1.000000 210 205
32374210671 48561316007 1 0 3 0 -0.584963 222 220
32435666943 48653500415 1 0 15 0 -0.584963 206 205
11399837787 48694228991 7 0 2 0 -2.094738 208 201
19256806639 48743791807 4 0 4 0 -1.339850 237 209
17153803711 48848136351 12 6 5 4 -1.509775 227 221
34788001959 48865451311 4 10 3 2 -0.490225 244 250
21754342527 48947270687 2 0 5 0 -1.169925 217 215
29021576347 48973910087 3 0 2 0 -0.754888 215 212
24543837183 49087674367 11 11 10 9 -1.000000 219 218
32746343871 49119515807 1 0 5 0 -0.584963 210 209
6058060479 49125697627 12 0 2 0 -3.019550 246 234
21844338111 49149760751 2 0 4 0 -1.169925 212 210
10240078383 49207876671 15 6 4 3 -2.264663 213 203
21915876511 49310722151 2 0 3 0 -1.169925 214 212
25984112967 49329214463 5 0 3 0 -0.924813 207 202
21948563455 49384267775 2 0 13 0 -1.169925 223 212
21956707359 49402591559 2 0 3 0 -1.169925 229 227
32956666351 49434999527 1 0 3 0 -0.584963 203 202
14672076415 49518257903 3 0 4 0 -1.754888 218 212
8152774747 49584031279 14 1 2 1 -2.604513 229 207
46433661231 49585164607 7 0 4 0 -0.094738 221 214
17419900231 49605887771 6 0 2 0 -1.509775 216 210
35319079359 49611436575 1 7 5 1 -0.490225 204 210
41948739303 49717024359 4 7 7 4 -0.245112 234 237
44251712283 49783176319 2 0 2 0 -0.169925 205 203
24902787007 49805574015 7 7 6 5 -1.000000 287 286
20456754879 49822237679 21 0 4 0 -1.284213 245 220
46663509063 49830612463 7 0 3 0 -0.094738 245 238
22212764703 49978720583 2 0 3 0 -1.169925 204 202
22227950847 50012889407 2 0 6 0 -1.169925 253 251
25036882623 50073765247 7 7 6 5 -1.000000 213 203
14884335615 50234632703 3 0 9 0 -1.754888 255 239
28317163263 50341623579 9 11 2 1 -0.830075 216 218
25188447463 50376894927 4 4 3 2 -1.000000 227 225
33586782207 50380173311 1 0 12 0 -0.584963 227 225
14929915519 50388464879 3 0 4 0 -1.754888 217 213
33598752127 50398128191 1 0 6 0 -0.584963 218 217
6995485119 50424365339 10 0 2 0 -2.849625 225 215
19920945819 50424894107 4 0 12 0 -1.339850 218 214
40386982759 50426789019 1 9 2 1 -0.320300 203 211
22441748479 50493934079 2 0 9 0 -1.169925 218 215
33708212223 50562318335 1 0 14 0 -0.584963 234 233
33708731391 50563097087 1 0 9 0 -0.584963 216 211
20218447131 50594646127 45 0 2 0 -1.323313 257 212
33781531263 50672296895 1 0 6 0 -0.584963 211 210
40059179247 50699898735 9 5 7 5 -0.339850 206 202
26713719111 50714326127 5 0 3 0 -0.924813 217 206
26714480799 50715772143 10 5 4 3 -0.924813 209 204
33833080047 50749620071 1 0 3 0 -0.584963 232 231
45115750491 50755219303 2 0 2 0 -0.169925 213 211
40146134343 50809951279 4 0 3 0 -0.339850 222 218
20136615963 50970809159 4 0 2 0 -1.339850 310 259
34024026855 51036040283 1 0 2 0 -0.584963 225 224
28816764351 51229803291 7 9 2 1 -0.830075 216 218
22819513371 51343905087 8 6 2 1 -1.169925 208 205
30431055207 51352405663 3 0 3 0 -0.754888 210 206
25718441407 51436882815 7 7 6 5 -1.000000 208 208
34307607423 51461411135 1 0 6 0 -0.584963 227 226
24124255335 51523189863 11 4 12 4 -1.094738 232 225
18109697275 51570192635 6 0 10 0 -1.509775 223 215
34467039727 51700559591 1 0 3 0 -0.584963 206 205
45880738975 51723724647 56 1 3 1 -0.172938 261 205
16410884187 51866498175 14 18 2 1 -1.660150 219 223
21616950943 51939263359 16 7 5 4 -1.264663 213 204
9002256379 51970162535 18 0 2 0 -2.529325 232 212
17108656891 52026224487 17 4 2 1 -1.604513 239 217
15458320383 52171831295 3 0 11 0 -1.754888 205 201
34788001959 52182002939 1 0 2 0 -0.584963 244 243
34811309823 52216964735 1 0 7 0 -0.584963 226 225
8152774747 52236674927 8 0 2 0 -2.679700 229 212
44678640879 52239742623 1 16 4 1 -0.225562 219 234
12235060455 52261869567 18 11 3 2 -2.094738 345 288
44299833855 52503506791 10 13 3 2 -0.245112 224 227
31148213095 52562609599 3 0 3 0 -0.754888 229 220
21879934495 52571136559 9 0 4 0 -1.264663 242 229
24902787007 52579748671 49 1 7 1 -1.078200 287 238
20840459623 52752413423 4 0 3 0 -1.339850 210 206
26382093415 52764186831 4 4 3 2 -1.000000 227 226
35195226591 52792839887 1 0 4 0 -0.584963 210 209
23474492575 52817608295 2 0 3 0 -1.169925 227 205
41737388283 52823882047 4 0 2 0 -0.339850 217 213
7330581999 52839787175 10 0 3 0 -2.849625 218 203
34788001959 52893935823 14 1 3 1 -0.604513 244 231
35319079359 52978619039 1 0 5 0 -0.584963 204 203
35406172911 53109259367 1 0 3 0 -0.584963 213 210
35435601919 53153402879 1 0 12 0 -0.584963 207 205
24902787007 53185932799 8 1 6 1 -1.094738 287 279
28074096799 53296918143 13 8 5 4 -0.924813 217 212
36979397359 53370655359 26 8 4 3 -0.529325 227 206
47487353499 53423272687 2 0 2 0 -0.169925 217 215
26714480799 53428961599 6 6 5 4 -1.000000 209 209
23751051775 53439866495 2 0 7 0 -1.169925 204 202
23440029087 53459612127 19 5 6 4 -1.189475 283 269
23771742207 53486419967 2 0 17 0 -1.169925 207 204
35668256767 53502385151 1 0 10 0 -0.584963 203 201
26870136255 53740272511 7 7 6 5 -1.000000 204 202
25188447463 53796029887 7 0 3 0 -1.094738 227 218
14172374811 53810735615 5 0 2 0 -1.924813 216 211
26929330335 53858660671 6 6 5 4 -1.000000 215 215
50526173215 53955439855 8 1 4 1 -0.094738 208 201
35983194111 53974791167 1 0 10 0 -0.584963 208 207
10662163071 53977200551 4 0 3 0 -2.339850 205 201
24001100443 54002475999 7 5 2 1 -1.169925 204 202
45587300991 54029393767 8 11 3 2 -0.245112 215 217
48107405595 54120831295 2 0 2 0 -0.169925 203 201
21407990427 54188975771 4 0 10 0 -1.339850 261 257
48197316859 54221981467 2 0 5 0 -0.169925 212 210
36172318831 54258478247 1 0 3 0 -0.584963 212 211
24134154399 54301847399 2 0 3 0 -1.169925 208 205
38681225215 54334121563 1 7 2 1 -0.490225 213 219
20107715227 54352133631 20 9 2 1 -1.434588 214 203
12235060455 54430253727 49 6 3 2 -2.153388 345 252
27219208039 54438416079 4 4 3 2 -1.000000 205 204
24196596735 54442342655 2 0 8 0 -1.169925 207 201
32267856615 54452008039 3 0 7 0 -0.754888 210 205
36324676063 54487014095 1 0 4 0 -0.584963 233 223
48444366363 54499912159 2 0 2 0 -0.169925 219 217
36350437887 54525656831 1 0 8 0 -0.584963 243 242
27304637679 54609275359 5 5 4 3 -1.000000 218 218
46093454439 54629279335 4 7 9 4 -0.245112 234 237
24280134895 54630303515 2 0 2 0 -1.169925 210 203
36448580079 54672870119 1 0 3 0 -0.584963 207 206
53953732251 54689837307 15 3 5 3 -0.019550 259 247
16217833471 54735187967 3 0 12 0 -1.754888 206 203
27390164607 54780329215 8 8 7 6 -1.000000 225 223
17108656891 54809520447 14 6 2 1 -1.679700 239 222
30456709615 54883979679 11 1 4 1 -0.849625 233 220
36692210799 55038316199 1 0 3 0 -0.584963 207 205
53680680687 55155432219 27 3 2 1 -0.039100 228 204
24543837183 55223633663 2 0 8 0 -1.169925 219 216
29486632383 55225078299 7 14 2 1 -0.905262 201 202
6058060479 55266409831 14 0 3 0 -3.189475 246 232
27668381695 55336763391 18 18 17 16 -1.000000 212 212
36895956415 55343934623 1 0 5 0 -0.584963 239 238
32802991387 55355047967 3 0 2 0 -0.754888 210 207
36910319775 55365479663 1 0 4 0 -0.584963 210 209
36979397359 55469096039 1 0 3 0 -0.584963 227 223
30456709615 55632776347 22 0 2 0 -0.869175 233 208
24792582303 55783310183 2 0 3 0 -1.169925 214 212
37200766623 55801149935 1 0 4 0 -0.584963 224 223
17419900231 55806623743 8 0 3 0 -1.679700 216 208
46480364143 55839416959 9 0 4 0 -0.264663 235 217
49635397275 55839821935 2 0 2 0 -0.169925 208 206
6058060479 56020424095 26 0 5 0 -3.209025 246 220
24902787007 56031270767 2 0 4 0 -1.169925 287 282
39364446951 56048206695 10 4 7 4 -0.509775 214 208
22167115111 56110510127 4 0 3 0 -1.339850 215 204
16410884187 56142390015 24 9 2 1 -1.774438 219 204
28074096799 56148193599 6 6 5 4 -1.000000 217 217
24902787007 56148393723 58 3 2 1 -1.172938 287 229
1827397567 56264500583 17 0 3 0 -4.944363 273 249
50094997275 56356871935 2 0 2 0 -0.169925 227 225
37616943103 56425414655 1 0 15 0 -0.584963 220 215
37625741055 56438611583 1 0 7 0 -0.584963 208 205
44678640879 56546404863 14 10 4 3 -0.339850 219 215
37710872191 56566308287 1 0 6 0 -0.584963 217 216
33550306971 56616143015 3 0 2 0 -0.754888 207 204
50341623579 56634326527 2 0 2 0 -0.169925 218 216
16799376063 56697894215 3 0 3 0 -1.754888 220 215
6995485119 56727411007 12 0 7 0 -3.019550 225 213
19920945819 56728005871 6 0 2 0 -1.509775 218 212
50426789019 56730137647 2 0 2 0 -0.169925 211 209
50475584283 56785032319 2 0 2 0 -0.169925 203 201
37893929119 56840893679 1 0 4 0 -0.584963 208 207
45025794375 56985771007 4 0 3 0 -0.339850 215 211
22546530631 57070905663 10 6 3 2 -1.339850 218 204
20096025631 57226572991 6 0 5 0 -1.509775 247 237
20125540911 57310622363 6 0 2 0 -1.509775 211 202
38223650863 57335476295 1 0 3 0 -0.584963 229 228
25488523035 57349176831 11 9 2 1 -1.169925 213 210
34024026855 57415545319 3 0 8 0 -0.754888 225 222
51286934811 57697801663 2 0 2 0 -0.169925 217 215
22819513371 57761893223 4 0 2 0 -1.339850 208 203
38513613279 57770419919 1 0 4 0 -0.584963 213 212
25707423231 57841702271 2 0 7 0 -1.169925 222 208
25718441407 57866493167 2 0 4 0 -1.169925 208 205
21407990427 57866840827 12 1 5 1 -1.434588 261 250
54933969519 57872823855 5 10 6 4 -0.075187 209 214
17153803711 57894087527 3 0 3 0 -1.754888 227 224
25750652799 57938968799 2 0 5 0 -1.169925 226 220
34359740187 57982061567 3 0 2 0 -0.754888 241 227
18109697275 58016466715 8 0 5 0 -1.679700 223 213
38681225215 58021837823 1 0 10 0 -0.584963 213 212
38686729663 58030094495 1 0 5 0 -0.584963 219 218
38703491583 58055237375 1 0 8 0 -0.584963 216 215
29049057279 58098114559 13 13 12 11 -1.000000 263 259
51698716315 58161055855 2 0 2 0 -0.169925 207 205
38845485375 58268228063 1 0 5 0 -0.584963 207 206
29176776943 58353553887 5 5 4 3 -1.000000 225 220
55414301119 58378852207 1 6 4 1 -0.075187 227 232
21616950943 58431671279 11 0 4 0 -1.434588 213 202
51946762491 58440107803 2 0 5 0 -0.169925 204 202
39001294951 58501942427 1 0 2 0 -0.584963 207 206
29262084543 58524169087 7 7 6 5 -1.000000 230 230
52030816251 58534668283 2 0 11 0 -0.169925 225 223
39092334207 58638501311 1 0 6 0 -0.584963 210 209
34788001959 58704753307 3 0 2 0 -0.754888 244 241
29393198319 58786396639 5 5 4 3 -1.000000 228 228
12235060455 58794603263 9 0 3 0 -2.264663 345 286
49635397275 58827137511 3 6 2 1 -0.245112 208 211
31033637191 58915420607 5 0 3 0 -0.924813 234 229
39364446951 59046670427 1 0 2 0 -0.584963 214 213
29530377711 59060755423 5 5 4 3 -1.000000 205 205
52549294875 59117956735 2 0 2 0 -0.169925 211 209
47368961151 59144418495 8 16 6 5 -0.320300 203 203
26289874335 59152217255 2 0 3 0 -1.169925 239 234
39477985983 59216978975 1 0 5 0 -0.584963 204 203
29653970047 59307940095 8 8 7 6 -1.000000 206 204
42260875035 59362326523 3 9 5 3 -0.490225 208 214
26411941023 59426867303 2 0 3 0 -1.169925 215 211
39659107743 59488661615 1 0 4 0 -0.584963 205 203
29755268863 59510537727 9 9 8 7 -1.000000 212 202
29782310911 59564621823 18 18 17 16 -1.000000 210 210
20956802079 59677768423 6 0 3 0 -1.509775 241 235
33586782207 59709835035 14 16 2 1 -0.830075 227 228
17717800959 59797578239 3 0 9 0 -1.754888 207 203
26592966399 59834174399 2 0 6 0 -1.169925 280 275
29929665279 59859330559 9 9 8 7 -1.000000 210 210
33708212223 59925710619 16 18 2 1 -0.830075 234 236
24902787007 59959246619 62 0 2 0 -1.267675 287 222
33781531263 60056055579 8 10 2 1 -0.830075 211 210
40059179247 60088768871 1 0 3 0 -0.584963 206 205
26714480799 60107581799 2 0 3 0 -1.169925 209 207
35628869403 60123717119 3 0 2 0 -0.754888 206 201
23440029087 60142063643 16 0 2 0 -1.359400 283 267
40194000367 60291000551 1 0 3 0 -0.584963 210 206
40218065055 60327097583 1 0 4 0 -0.584963 246 245
53671150875 60380044735 2 0 2 0 -0.169925 218 216
40258252447 60387378671 1 0 4 0 -0.584963 204 203
47771945967 60461369115 7 3 2 1 -0.339850 218 214
54561672303 60555703839 5 15 4 3 -0.150375 208 217
26929330335 60590993255 2 0 3 0 -1.169925 215 213
40446716959 60670075439 1 0 4 0 -0.584963 233 232
53953732251 60697948783 2 0 2 0 -0.169925 259 257
23985074023 60712218623 4 0 3 0 -1.339850 217 206
26985937563 60718359519 7 5 2 1 -1.169925 220 210
10661687143 60721640063 6 0 3 0 -2.509775 221 205
40516045927 60774068891 1 0 2 0 -0.584963 227 226
30431055207 60862110415 4 4 3 2 -1.000000 210 209
35614895131 60920097599 15 0 2 0 -0.774438 227 212
57836093551 60930205551 1 6 8 1 -0.075187 204 209
40623336255 60935004383 1 0 5 0 -0.584963 222 221
21407990427 60962597743 6 0 2 0 -1.509775 261 253
30087419815 60995820903 16 4 6 4 -1.019550 225 213
48197316859 60999729151 4 0 2 0 -0.339850 212 208
24124255335 61064521319 4 0 9 0 -1.339850 232 228
40733169823 61099754735 1 0 4 0 -0.584963 208 205
20107715227 61146150335 13 0 2 0 -1.604513 214 201
27182699163 61161073119 7 5 2 1 -1.169925 222 217
40779675807 61169513711 1 0 4 0 -0.584963 221 217
45280170655 61197253351 12 1 3 1 -0.434588 221 210
36290845467 61240801727 3 0 2 0 -0.754888 209 206
27249956079 61312401179 2 0 2 0 -1.169925 217 215
40881398631 61322097947 1 0 2 0 -0.584963 230 222
30681804799 61363609599 13 13 12 11 -1.000000 203 203
40936687855 61405031783 1 0 3 0 -0.584963 211 210
27304637679 61435434779 2 0 2 0 -1.169925 218 216
24280134895 61459091455 4 0 4 0 -1.339850 210 201
51904754079 61516745575 6 9 3 2 -0.245112 203 205
54689837307 61526066971 2 0 5 0 -0.169925 247 245
27390164607 61627870367 2 0 5 0 -1.169925 225 221
41086735207 61630102811 1 0 2 0 -0.584963 223 222
52019359359 61652574055 8 11 3 2 -0.245112 246 222
17108656891 61660710503 10 0 2 0 -1.849625 239 220
39092334207 61775540475 8 12 2 1 -0.660150 210 214
48826882375 61796523007 4 0 3 0 -0.339850 236 232
41257848679 61886773019 1 0 2 0 -0.584963 229 222
32605477191 61899460607 5 0 3 0 -0.924813 216 202
20096025631 61944351231 35 10 5 4 -1.624063 247 217
29021576347 61982604955 7 0 9 0 -1.094738 215 208
55155432219 62049861247 2 0 2 0 -0.169925 204 202
39364446951 62205545799 4 8 5 3 -0.660150 214 218
27668381695 62253858815 2 0 15 0 -1.169925 212 210
46093454439 62296426191 12 1 3 1 -0.434588 234 222
51866498175 62310075903 10 1 7 1 -0.264663 223 214
43800722151 62364700095 13 7 3 2 -0.509775 209 203
16426546971 62369545535 5 0 2 0 -1.924813 216 211
21956707359 62525154943 6 0 5 0 -1.509775 229 222
30456709615 62586873391 24 0 6 0 -1.039100 233 206
31327592191 62655184383 9 9 8 7 -1.000000 216 207
14672076415 62671545159 11 4 3 2 -2.094738 218 208
27903311871 62782451711 2 0 12 0 -1.169925 208 206
18644159743 62924039135 3 0 5 0 -1.754888 222 210
49751225583 62966394879 17 13 4 3 -0.339850 219 215
58971796711 62974277055 14 7 3 2 -0.094738 222 215
20456754879 63056269563 28 3 2 1 -1.624063 245 216
42088470975 63132706463 1 0 5 0 -0.584963 202 201
28074096799 63166717799 2 0 3 0 -1.169925 217 215
42149252095 63223878143 1 0 9 0 -0.584963 202 201
42149379711 63224069567 1 0 6 0 -0.584963 218 217
42166446823 63249670235 1 0 2 0 -0.584963 207 206
42169406703 63254110055 1 0 3 0 -0.584963 210 209
37485614107 63256973807 3 0 2 0 -0.754888 227 224
37527388827 63327468647 3 0 2 0 -0.754888 241 237
18808471551 63478591487 3 0 12 0 -1.754888 220 213
42908440575 63496363167 1 12 5 1 -0.565412 205 216
42372933247 63559399871 1 0 6 0 -0.584963 206 205
56498922523 63561287839 2 0 2 0 -0.169925 238 236
42434396863 63651595295 1 0 5 0 -0.584963 238 232
31851195631 63702391263 5 5 4 3 -1.000000 217 217
28317163263 63713617343 2 0 6 0 -1.169925 216 210
42480991983 63721487975 1 0 3 0 -0.584963 205 203
14172374811 63775686655 31 29 2 1 -2.169925 216 214
28363705503 63818337383 2 0 3 0 -1.169925 213 210
31913144319 63826288639 13 13 12 11 -1.000000 233 233
42564363391 63846545087 1 0 6 0 -0.584963 205 204
30719772999 63855241327 11 28 3 2 -1.055637 201 215
26682533791 64110389727 14 5 6 4 -1.264663 210 201
38029978779 64175589191 3 0 2 0 -0.754888 220 216
38043949851 64199165375 3 0 2 0 -0.754888 211 208
22546530631 64204768871 6 0 5 0 -1.509775 218 202
30087419815 64258971815 7 0 8 0 -1.094738 225 218
42908440575 64362660863 1 0 10 0 -0.584963 205 204
32220978415 64441956831 5 5 4 3 -1.000000 225 222
43006302655 64509453983 1 0 5 0 -0.584963 208 205
12235060455 64509930343 40 0 7 0 -2.398500 345 255
43006996479 64510494719 1 0 11 0 -0.584963 225 224
25488523035 64517823935 4 0 2 0 -1.339850 213 208
57362353819 64532648047 2 0 2 0 -0.169925 248 246
32341614703 64683229407 5 5 4 3 -1.000000 246 246
43127939583 64691909375 1 0 8 0 -0.584963 225 224
38395286619 64792046171 3 0 9 0 -0.754888 218 215
26985937563 64839380991 22 13 2 1 -1.264663 220 203
43303597215 64955395823 1 0 4 0 -0.584963 214 210
21407990427 65100195931 13 0 6 0 -1.604513 261 246
57923207931 65163608923 2 0 5 0 -0.169925 250 248
12875326399 65181339899 4 0 2 0 -2.339850 229 218
34377232635 65263027583 5 0 2 0 -0.924813 221 216
18109697275 65268525055 10 0 2 0 -1.849625 223 211
58017972891 65270219503 2 0 2 0 -0.169925 209 207
27174660699 65292827951 9 0 2 0 -1.264663 217 203
29049057279 65360378879 2 0 10 0 -1.169925 263 257
43655303071 65482954607 1 0 4 0 -0.584963 207 201
32746343871 65492687743 7 7 6 5 -1.000000 210 210
38814895131 65500135535 3 0 2 0 -0.754888 210 206
34519447879 65533014335 5 0 3 0 -0.924813 216 211
19422742687 65551756571 3 0 2 0 -1.754888 208 204
27668381695 65584312167 27 30 3 2 -1.245112 212 215
38865610843 65585718299 3 0 6 0 -0.754888 237 230
36910319775 65618346267 6 8 2 1 -0.830075 210 212
29176776943 65647748123 2 0 2 0 -1.169925 225 217
43800722151 65701083227 1 0 2 0 -0.584963 209 208
53424639279 65807647423 5 25 4 3 -0.300750 210 229
39001294951 65814685231 3 0 3 0 -0.754888 207 204
29262084543 65839690223 2 0 4 0 -1.169925 230 228
43898282031 65847423047 1 0 3 0 -0.584963 211 210
52030816251 65851501819 4 0 8 0 -0.339850 225 221
32956666351 65913332703 5 5 4 3 -1.000000 203 203
44001380847 66002071271 1 0 3 0 -0.584963 228 227
29344152831 66024343871 2 0 6 0 -1.169925 215 213
34788001959 66042847471 5 0 3 0 -0.924813 244 239
44065116655 66097674983 1 0 3 0 -0.584963 202 201
29393198319 66134696219 2 0 2 0 -1.169925 228 226
44094122463 66141183695 1 0 4 0 -0.584963 212 211
44214439407 66321659111 1 0 3 0 -0.584963 204 201
44279381631 66419072447 1 0 6 0 -0.584963 229 228
39364446951 66427504231 3 0 7 0 -0.754888 214 211
20456754879 66429650239 26 6 7 5 -1.699250 245 221
59859330559 66435351783 1 11 3 1 -0.150375 210 220
63062355711 66436061983 1 6 5 1 -0.075187 218 217
44299833855 66449750783 1 0 8 0 -0.584963 224 220
26382093415 66779673959 4 0 8 0 -1.339850 227 222
59362326523 66782617339 2 0 8 0 -0.169925 214 212
13904287047 66815937983 9 0 3 0 -2.264663 214 203
44571150495 66856725743 1 0 4 0 -0.584963 208 207
44590940271 66886410407 1 0 3 0 -0.584963 223 222
44591929855 66887894783 1 0 8 0 -0.584963 229 228
29740341567 66915768527 2 0 4 0 -1.169925 203 201
26446967911 66943887527 4 0 6 0 -1.339850 232 227
52905349191 66958332571 4 0 2 0 -0.339850 207 203
29768671231 66979510271 2 0 11 0 -1.169925 243 239
16522112167 66990110879 12 0 3 0 -2.019550 217 205
29782310911 67010199551 2 0 15 0 -1.169925 210 208
44678640879 67017961319 1 0 3 0 -0.584963 219 218
59709835035 67173564415 2 0 2 0 -0.169925 228 226
29859831039 67184619839 2 0 6 0 -1.169925 216 214
44821658079 67232487119 1 0 4 0 -0.584963 217 215
44822128095 67233192143 1 0 4 0 -0.584963 216 215
58299789423 67248549631 5 32 4 3 -0.206012 217 244
44883496959 67325245439 1 0 11 0 -0.584963 217 216
29929665279 67341746879 2 0 6 0 -1.169925 210 208
59925710619 67416424447 2 0 2 0 -0.169925 236 234
33708731391 67417462783 11 11 10 9 -1.000000 216 212
24902787007 67454152447 64 0 6 0 -1.437600 287 220
45032404735 67548607103 1 0 7 0 -0.584963 204 203
60056055579 67563062527 2 0 2 0 -0.169925 210 208
26713719111 67619101503 10 6 3 2 -1.339850 217 207
33833080047 67666160095 5 5 4 3 -1.000000 232 232
60272560891 67806631003 2 0 5 0 -0.169925 203 201
26446967911 67857220711 16 0 12 0 -1.359400 232 215
45280170655 67920255983 1 0 4 0 -0.584963 221 205
53680680687 67939611495 8 4 3 2 -0.339850 228 224
45317490687 67976236031 1 0 10 0 -0.584963 221 220
60461369115 68019040255 2 0 2 0 -0.169925 214 212
34024026855 68048053711 4 4 3 2 -1.000000 225 225
43127939583 68152793415 10 14 3 2 -0.660150 225 229
26985937563 68308154459 4 0 6 0 -1.339850 220 208
40516045927 68370827503 3 0 3 0 -0.754888 227 224
45587300991 68380951487 1 0 6 0 -0.584963 215 213
38029978779 68531256623 10 0 2 0 -0.849625 220 205
20306699199 68535109799 3 0 3 0 -1.754888 213 210
17153803711 68615214847 17 17 6 5 -2.000000 227 227
30499864575 68624695295 2 0 14 0 -1.169925 208 206
40677175323 68642733359 3 0 2 0 -0.754888 215 212
61091006235 68727382015 2 0 2 0 -0.169925 210 208
45832952319 68749428479 1 0 8 0 -0.584963 229 227
45836792559 68755188839 1 0 3 0 -0.584963 236 234
27182699163 68806207259 4 0 7 0 -1.339850 222 215
45880738975 68821108463 1 0 4 0 -0.584963 261 259
34467039727 68934079455 5 5 4 3 -1.000000 206 206
18162338031 68960127215 5 0 14 0 -1.924813 233 219
27249956079 68976451327 4 0 4 0 -1.339850 217 213
40881398631 68987360191 3 0 3 0 -0.754888 230 220
45996331759 68994497639 1 0 3 0 -0.584963 205 204
61345241883 69013397119 2 0 2 0 -0.169925 223 217
68089994395 69018964219 12 0 5 0 -0.019550 217 205
46076428287 69114642431 1 0 14 0 -0.584963 205 204
27304637679 69114864127 4 0 4 0 -1.339850 218 214
46093454439 69140181659 1 0 2 0 -0.584963 234 232
53953732251 69216825343 16 0 2 0 -0.359400 259 243
46157547679 69236321519 1 0 4 0 -0.584963 209 208
46195700031 69293550047 1 0 5 0 -0.584963 214 208
24340997679 69314794175 6 0 4 0 -1.509775 211 203
61775540475 69497483035 2 0 5 0 -0.169925 214 212
57923207931 69586334335 9 0 2 0 -0.264663 250 241
41257848679 69622619647 3 0 3 0 -0.754888 229 220
30955066623 69648899903 2 0 6 0 -1.169925 215 213
21754342527 69692500647 12 4 3 2 -1.679700 217 209
29021576347 69730430575 9 0 2 0 -1.264663 215 205
66208057855 69750052719 1 6 4 1 -0.075187 202 207
16410884187 70098835391 7 0 2 0 -2.094738 219 212
9239932671 70165738727 5 0 3 0 -2.924813 216 209
59313789087 70297824103 6 9 3 2 -0.245112 205 208
46869171303 70303756955 1 0 2 0 -0.584963 232 231
20840459623 70336551231 9 6 3 2 -1.754888 210 207
46948985151 70423477727 1 0 5 0 -0.584963 222 205
66873670143 70451273895 10 15 3 2 -0.075187 225 230
46968699711 70453049567 1 0 5 0 -0.584963 205 204
44001380847 70481704039 9 1 3 1 -0.679700 228 220
31327592191 70487082431 2 0 6 0 -1.169925 216 205
47066092191 70599138287 1 0 4 0 -0.584963 202 201
20096025631 70638158719 46 7 5 4 -1.813538 247 203
9322079871 70789544027 5 0 2 0 -2.924813 223 208
17717800959 70871203839 17 17 12 11 -2.000000 207 206
54516371871 70892822619 31 3 2 1 -0.378950 273 239
63056269563 70938303259 2 0 5 0 -0.169925 216 214
42061903963 70979462939 3 0 6 0 -0.754888 250 230
56151446767 71066674815 12 8 4 3 -0.339850 205 201
56172747079 71093633023 4 0 3 0 -0.339850 210 203
42139474011 71110362395 3 0 6 0 -0.754888 234 228
42166446823 71155879015 3 0 7 0 -0.754888 207 204
42248311387 71294025467 3 0 5 0 -0.754888 220 217
42260875035 71315226623 3 0 2 0 -0.754888 208 205
35668256767 71336513535 12 12 11 10 -1.000000 203 202
47588391423 71382587135 1 0 8 0 -0.584963 211 208
60353442663 71530006119 4 7 8 4 -0.245112 206 209
47771945967 71657918951 1 0 3 0 -0.584963 218 217
31851195631 71665190171 2 0 2 0 -1.169925 217 215
47784408735 71676613103 1 0 4 0 -0.584963 211 210
31887843327 71747647487 2 0 11 0 -1.169925 214 212
31913144319 71804574719 2 0 10 0 -1.169925 233 231
47939976831 71909965247 1 0 6 0 -0.584963 226 222
18954956571 71969600735 5 0 2 0 -1.924813 207 202
60780811623 72036517479 4 7 8 4 -0.245112 207 210
56965661679 72097165563 7 3 2 1 -0.339850 232 228
48158665407 72237998111 1 0 5 0 -0.584963 209 208
36172318831 72344637663 5 5 4 3 -1.000000 212 212
11300988463 72407993471 8 0 4 0 -2.679700 229 202
32220978415 72497201435 2 0 2 0 -1.169925 225 220
38223650863 72565212187 5 0 2 0 -0.924813 229 224
43068469339 72678042011 3 0 6 0 -0.754888 235 225
36350437887 72700875775 10 10 9 8 -1.000000 243 243
32341614703 72768633083 2 0 2 0 -1.169925 246 241
48560269791 72840404687 1 0 4 0 -0.584963 205 204
38395286619 72891051943 5 0 2 0 -0.924813 218 210
32435666943 72980250623 2 0 14 0 -1.169925 206 204
48673410607 73010115911 1 0 3 0 -0.584963 203 201
21407990427 73237720423 15 0 2 0 -1.774438 261 244
65127308059 73268221567 2 0 2 0 -0.169925 215 210
48848136351 73272204527 1 0 4 0 -0.584963 221 220
12875326399 73329007387 6 0 2 0 -2.509775 229 216
21754342527 73420906031 3 0 4 0 -1.754888 217 214
48987145663 73480718495 1 0 5 0 -0.584963 205 204
49087674367 73631511551 1 0 10 0 -0.584963 218 217
32746343871 73679273711 2 0 4 0 -1.169925 210 205
21844338111 73724641127 3 0 3 0 -1.754888 212 209
19422742687 73745726143 5 0 5 0 -1.924813 208 202
38865610843 73783933087 5 0 2 0 -0.924813 237 228
36895956415 73791912831 7 7 6 5 -1.000000 239 239
32802991387 73806730623 9 7 2 1 -1.169925 210 208
16410884187 73848978847 60 58 2 1 -2.169925 219 217
29176776943 73853716639 4 0 4 0 -1.339850 225 215
43800722151 73913718631 3 0 7 0 -0.754888 209 206
36979397359 73958794719 5 5 4 3 -1.000000 227 224
25984112967 73993821695 6 0 3 0 -1.509775 207 201
49384691103 74077036655 1 0 4 0 -0.584963 211 210
52030816251 74082939547 6 0 5 0 -0.509775 225 219
32956666351 74152499291 2 0 2 0 -1.169925 203 201
69459912831 74174233087 17 10 7 6 -0.094738 215 205
49461329919 74191994879 1 0 20 0 -0.584963 204 201
49478751975 74218127963 1 0 2 0 -0.584963 209 205
49484080767 74226121151 1 0 6 0 -0.584963 210 209
14672076415 74277386855 4 0 3 0 -2.339850 218 211
46433661231 74377746911 8 0 4 0 -0.679700 221 213
29393198319 74401533247 4 0 4 0 -1.339850 228 224
66211944219 74488437247 2 0 2 0 -0.169925 204 202
70800071847 74587730011 4 9 2 1 -0.075187 224 229
49747605951 74621408927 1 0 5 0 -0.584963 220 219
49751225583 74626838375 1 0 3 0 -0.584963 219 218
24543837183 74636085759 23 10 9 8 -1.604513 219 205
49821134959 74731702439 1 0 3 0 -0.584963 210 209
20456754879 74733356519 22 0 3 0 -1.869175 245 219
49830246847 74745370271 1 0 5 0 -0.584963 204 203
46663509063 74745918695 8 0 5 0 -0.679700 245 217
49932942063 74899413095 1 0 3 0 -0.584963 210 208
36979397359 74967834139 12 0 2 0 -1.019550 227 212
22227950847 75019334111 3 0 5 0 -1.754888 253 249
37625741055 75251482111 9 9 8 7 -1.000000 208 206
50173247487 75259871231 1 0 15 0 -0.584963 290 289
66905085723 75268221439 2 0 2 0 -0.169925 247 245
52905349191 75328124143 6 0 3 0 -0.509775 207 201
14884335615 75351949055 4 0 8 0 -2.339850 255 237
59551549767 75369930175 4 0 3 0 -0.339850 216 212
33550306971 75488190687 7 5 2 1 -1.169925 207 205
33586782207 75570259967 2 0 11 0 -1.169925 227 224
14929915519 75582697319 4 0 3 0 -2.339850 217 210
22441748479 75740901119 3 0 8 0 -1.754888 218 214
32341614703 75787858239 39 1 4 1 -1.228575 246 205
50526173215 75789259823 1 0 4 0 -0.584963 208 207
33708212223 75843477503 2 0 13 0 -1.169925 234 232
33708731391 75844645631 2 0 8 0 -1.169925 216 210
33781531263 76008445343 2 0 5 0 -1.169925 211 206
1827397567 76042842751 28 0 6 0 -5.378950 273 237
53424639279 76067503975 6 0 3 0 -0.509775 210 203
26713719111 76071489191 6 0 5 0 -1.509775 217 205
50715772143 76073658215 1 0 3 0 -0.584963 204 203
53455667311 76111682559 17 11 4 3 -0.509775 225 219
50741373375 76112060063 1 0 5 0 -0.584963 207 206
33833080047 76124430107 2 0 2 0 -1.169925 232 230
42248311387 76132828955 10 0 6 0 -0.849625 220 210
26382093415 76152112575 25 7 3 2 -1.529325 227 205
67705429659 76168608367 2 0 2 0 -0.169925 207 205
40218065055 76351482879 16 11 5 4 -0.924813 246 241
51038540271 76557810407 1 0 3 0 -0.584963 205 204
51136274943 76704412415 1 0 8 0 -0.584963 208 206
51195321343 76792982015 1 0 9 0 -0.584963 204 203
26985937563 76846673767 6 0 2 0 -1.509775 220 206
72993681519 76898693287 5 10 3 2 -0.075187 229 234
43303597215 76984172827 6 8 2 1 -0.830075 214 213
51343905087 77015857631 1 0 5 0 -0.584963 205 203
30431055207 77028608495 4 0 3 0 -1.339850 210 205
51361590399 77042385599 1 0 6 0 -0.584963 215 214
51436882815 77155324223 1 0 6 0 -0.584963 208 205
34307607423 77192116703 2 0 5 0 -1.169925 227 225
60995532015 77197470207 14 10 4 3 -0.339850 207 203
61012184047 77218545435 7 3 2 1 -0.339850 230 205
51523189863 77284784795 1 0 2 0 -0.584963 225 224
34359740187 77309415423 14 12 2 1 -1.169925 241 228
61096399687 77325130855 4 0 5 0 -0.339850 216 212
38681225215 77362450431 12 12 11 10 -1.000000 213 208
38686729663 77373459327 7 7 6 5 -1.000000 219 219
27182699163 77406983167 6 0 2 0 -1.509775 222 213
34467039727 77550839387 2 0 2 0 -1.169925 206 204
51707348415 77561022623 1 0 5 0 -0.584963 217 216
45880738975 77585586971 56 0 2 0 -0.757900 261 204
68089994395 77646334747 14 0 7 0 -0.189475 217 203
69132312667 77773851751 2 0 2 0 -0.169925 237 235
46093454439 77782704367 3 0 3 0 -0.754888 234 230
73840290975 77790594607 6 11 4 3 -0.075187 205 210
51866498175 77799747263 1 0 6 0 -0.584963 223 222
51904754079 77857131119 1 0 4 0 -0.584963 203 201
43800722151 77867950491 4 6 2 1 -0.830075 209 211
51939263359 77908895039 1 0 6 0 -0.584963 204 203
51939435135 77909152703 1 0 6 0 -0.584963 225 224
9002256379 77955243803 19 0 5 0 -3.114288 232 206
39001294951 78002589903 4 4 3 2 -1.000000 207 207
52019359359 78029039039 1 0 6 0 -0.584963 246 217
52039727551 78059591327 1 0 5 0 -0.584963 204 203
56398826655 78155106303 6 24 5 4 -0.470675 227 241
61775540475 78184668415 4 0 2 0 -0.339850 214 210
34811309823 78325447103 2 0 6 0 -1.169925 226 218
45836792559 78404888347 15 0 2 0 -0.774438 236 220
66159104703 78410790759 7 10 3 2 -0.245112 203 206
52292621671 78438932507 1 0 2 0 -0.584963 238 237
62009751879 78481092223 4 0 3 0 -0.339850 210 206
31033637191 78553894143 12 8 3 2 -1.339850 234 227
44214439407 78603447835 5 7 2 1 -0.830075 204 204
51707348415 78619208191 23 10 6 5 -0.604513 217 204
62205545799 78728893903 4 0 3 0 -0.339850 218 214
52503506791 78755260187 1 0 2 0 -0.584963 227 223
31148213095 78843914399 4 0 3 0 -1.339850 229 218
52570862695 78856294043 1 0 2 0 -0.584963 202 201
21879934495 78856704839 10 0 3 0 -1.849625 242 228
70244336923 79024879039 2 0 2 0 -0.169925 204 202
52701475455 79052213183 1 0 6 0 -0.584963 212 210
47487353499 79056322687 3 12 2 1 -0.735337 217 226
46869171303 79091726575 3 0 3 0 -0.754888 232 229
20840459623 79128620135 5 0 8 0 -1.924813 210 205
23474492575 79226412443 3 0 2 0 -1.754888 227 203
7330581999 79259680763 11 0 2 0 -3.434588 218 202
39659107743 79318215487 6 6 5 4 -1.000000 205 204
14672076415 79318674343 11 0 3 0 -2.434588 218 204
52976088303 79464132455 1 0 3 0 -0.584963 225 223
75468519583 79505930095 1 6 4 1 -0.075187 205 210
9322079871 79638237031 7 0 3 0 -3.094738 223 206
51136274943 79720295551 16 32 7 6 -0.640600 208 223
35435601919 79730104319 2 0 11 0 -1.169925 207 204
70892822619 79754425447 2 0 2 0 -0.169925 239 237
20456754879 79805591167 29 0 6 0 -1.963913 245 212
44299833855 79829739055 11 1 4 1 -0.849625 224 211
42061903963 79851895807 5 0 2 0 -0.924813 250 228
53296918143 79945377215 1 0 6 0 -0.584963 212 210
42139474011 79999157695 5 0 2 0 -0.924813 234 222
53370655359 80055983039 1 0 6 0 -0.584963 206 205
47487353499 80134909031 3 0 2 0 -0.754888 217 214
53428961599 80143442399 1 0 5 0 -0.584963 209 208
20041239039 80164956159 19 19 9 8 -2.000000 204 202
53455667311 80183500967 1 0 3 0 -0.584963 225 224
75099052059 80196106863 8 1 2 1 -0.094738 227 220
23771742207 80229629951 3 0 16 0 -1.754888 207 203
40218065055 80436130111 6 6 5 4 -1.000000 246 246
40258252447 80516504895 6 6 5 4 -1.000000 204 203
53680680687 80521021031 1 0 3 0 -0.584963 228 227
31851195631 80623338943 4 0 4 0 -1.339850 217 213
53779877359 80669816039 1 0 3 0 -0.584963 205 204
25188447463 80694044831 8 0 3 0 -1.679700 227 210
14172374811 80716103423 6 0 2 0 -2.509775 216 210
53850254335 80775381503 1 0 9 0 -0.584963 217 216
53858660671 80787991007 1 0 5 0 -0.584963 215 214
40446716959 80893433919 6 6 5 4 -1.000000 233 233
53951784807 80927677211 1 0 2 0 -0.584963 208 207
23985074023 80949624831 17 14 3 2 -1.754888 217 207
35983194111 80962186751 2 0 9 0 -1.169925 208 205
40516045927 81032091855 4 4 3 2 -1.000000 227 227
54029393767 81044090651 1 0 2 0 -0.584963 217 216
72061963291 81069708703 2 0 2 0 -0.169925 217 215
72097165563 81109311259 2 0 5 0 -0.169925 228 222
54093105151 81139657727 1 0 10 0 -0.584963 253 252
54139679391 81209519087 1 0 4 0 -0.584963 237 236
54182304495 81273456743 1 0 3 0 -0.584963 208 207
72297970459 81335216767 2 0 2 0 -0.169925 205 203
54247191279 81370786919 1 0 3 0 -0.584963 208 205
64294404423 81372605599 4 0 3 0 -0.339850 241 237
36172318831 81387717371 2 0 2 0 -1.169925 212 210
24124255335 81419361759 8 5 3 2 -1.754888 232 229
40733169823 81466339647 6 6 5 4 -1.000000 208 206
32220978415 81559351615 4 0 4 0 -1.339850 225 217
38223650863 81635863711 7 0 4 0 -1.094738 229 222
36290845467 81654402303 10 8 2 1 -1.169925 209 205
34024026855 81749868239 9 0 3 0 -1.264663 225 216
43068469339 81762797263 5 0 2 0 -0.924813 235 223
54516371871 81774557807 1 0 4 0 -0.584963 273 266
36350437887 81788485247 2 0 7 0 -1.169925 243 234
54561672303 81842508455 1 0 3 0 -0.584963 208 206
32341614703 81864712219 4 0 2 0 -1.339850 246 239
40936687855 81873375711 5 5 4 3 -1.000000 211 211
54609275359 81913913039 1 0 4 0 -0.584963 218 217
51866498175 81961873659 8 12 2 1 -0.660150 223 227
54780329215 82170493823 1 0 7 0 -0.584963 223 220
43303597215 82209172839 9 4 3 2 -0.924813 214 206
73088977659 82225099867 2 0 5 0 -0.169925 204 202
77052745407 82282399515 8 1 2 1 -0.094738 222 215
54902967855 82354451783 1 0 3 0 -0.584963 226 210
54913419903 82370129855 1 0 6 0 -0.584963 203 202
54933969519 82400954279 1 0 3 0 -0.584963 209 208
54959198703 82438798055 1 0 3 0 -0.584963 222 221
12875326399 82495133311 8 0 6 0 -2.679700 229 214
41257848679 82515697359 4 4 3 2 -1.000000 229 223
73636918363 82841533159 2 0 2 0 -0.169925 205 203
49830246847 82956740775 7 16 3 2 -0.735337 204 213
55336763391 83005145087 1 0 17 0 -0.584963 212 211
36895956415 83015901935 2 0 4 0 -1.169925 239 237
32802991387 83032571951 4 0 2 0 -1.339850 210 206
55414301119 83121451679 1 0 5 0 -0.584963 227 226
43898282031 83338144795 5 0 2 0 -0.924813 211 203
52030816251 83343306991 8 0 2 0 -0.679700 225 217
49478751975 83495393959 3 0 6 0 -0.754888 209 203
55701016191 83551524287 1 0 6 0 -0.584963 230 229
55723750143 83585625215 1 0 7 0 -0.584963 209 205
24792582303 83674965275 3 0 2 0 -1.754888 214 211
44678640879 83677966639 5 12 6 4 -0.905262 219 226
37200766623 83701724903 2 0 3 0 -1.169925 224 222
17419900231 83709935615 9 0 3 0 -2.264663 216 207
49635397275 83759732903 3 0 2 0 -0.754888 208 205
74587730011 83911196263 2 0 2 0 -0.169925 229 227
6058060479 84030636143 27 0 4 0 -3.793988 246 219
42018638335 84037276671 10 10 9 8 -1.000000 201 201
71045956095 84202614631 10 13 3 2 -0.245112 211 214
56142390015 84213585023 1 0 7 0 -0.584963 204 203
56148193599 84222290399 1 0 5 0 -0.584963 217 215
56151446767 84227170151 1 0 3 0 -0.584963 205 204
56190907135 84286360703 1 0 7 0 -0.584963 218 217
42149252095 84298504191 11 11 10 9 -1.000000 202 202
42149379711 84298759423 8 8 7 6 -1.000000 218 215
42166446823 84332893647 4 4 3 2 -1.000000 207 207
36979397359 84338813407 14 0 4 0 -1.189475 227 210
37485614107 84342631743 8 6 2 1 -1.169925 227 225
37527388827 84436624863 7 5 2 1 -1.169925 241 232
23751051775 84448184091 22 24 2 1 -1.830075 204 203
75099052059 84486433567 2 0 2 0 -0.169925 227 225
75107168283 84495564319 2 0 2 0 -0.169925 210 205
50094997275 84535307903 3 0 2 0 -0.754888 227 224
56398826655 84598239983 1 0 4 0 -0.584963 227 222
37616943103 84638121983 2 0 14 0 -1.169925 220 213
37625741055 84657917375 2 0 6 0 -1.169925 208 204
71498788863 84739305319 13 16 3 2 -0.245112 229 232
42372933247 84745866495 8 8 7 6 -1.000000 206 205
56546404863 84819607295 1 0 8 0 -0.584963 215 214
56563711743 84845567615 1 0 7 0 -0.584963 215 214
42434396863 84868793727 7 7 6 5 -1.000000 238 232
33550306971 84924214523 4 0 5 0 -1.339850 207 203
50341623579 84951489791 3 0 2 0 -0.754888 218 210
19920945819 85092008807 7 0 2 0 -2.094738 218 211
42564363391 85128726783 8 8 7 6 -1.000000 205 203
62287752831 85153952959 8 38 6 5 -0.451125 251 281
56820866047 85231299071 1 0 9 0 -0.584963 203 202
77867950491 85259148015 1 23 2 1 -0.130825 211 233
56892118143 85338177215 1 0 6 0 -0.584963 205 203
56965661679 85448492519 1 0 3 0 -0.584963 232 227
45025794375 85478656511 5 0 3 0 -0.924813 215 210
57001726911 85502590367 1 0 5 0 -0.584963 263 244
38043949851 85598887167 10 8 2 1 -1.169925 211 208
33833080047 85639983871 4 0 4 0 -1.339850 232 228
42248311387 85649432575 12 0 2 0 -1.019550 220 208
30087419815 85678629087 11 5 3 2 -1.509775 225 219
35759723119 85920242943 17 8 4 3 -1.264663 216 201
57289754863 85934632295 1 0 3 0 -0.584963 203 201
45280170655 85961573979 8 3 2 1 -0.924813 221 201
76439393307 85994317471 2 0 2 0 -0.169925 221 219
43006302655 86012605311 7 7 6 5 -1.000000 208 203
43006996479 86013992959 13 13 12 11 -1.000000 225 225
57349176831 86023765247 1 0 8 0 -0.584963 210 208
76507163931 86070559423 2 0 2 0 -0.169925 213 210
68152793415 86255879167 4 0 3 0 -0.339850 229 225
57679761823 86519642735 1 0 4 0 -0.584963 204 203
51286934811 86546702495 3 0 2 0 -0.754888 217 213
76984172827 86607194431 2 0 2 0 -0.169925 213 211
22819513371 86642839835 5 0 8 0 -1.924813 208 201
57001726911 86669124847 14 1 4 1 -0.604513 263 232
57836093551 86754140327 1 0 3 0 -0.584963 204 203
54902967855 86760245499 5 9 2 1 -0.660150 226 215
25718441407 86799739751 3 0 3 0 -1.754888 208 203
57872823855 86809235783 1 0 3 0 -0.584963 214 213
78232120959 86826538623 8 18 11 8 -0.150375 205 215
17153803711 86841131291 4 0 2 0 -2.339850 227 223
54959198703 86849104123 5 9 2 1 -0.660150 222 226
75142373887 86857577319 27 1 3 1 -0.209025 248 222
77218545435 86870863615 2 0 2 0 -0.169925 205 203
51523189863 86945382895 3 0 3 0 -0.754888 225 222
34359740187 86973092351 4 0 2 0 -1.339850 241 226
69692500647 87017370111 2 10 3 2 -0.320300 209 217
38681225215 87032756735 2 0 9 0 -1.169925 213 206
38686729663 87045141743 2 0 4 0 -1.169925 219 217
27174660699 87057103935 14 6 2 1 -1.679700 217 204
38703491583 87082856063 2 0 7 0 -1.169925 216 211
58098114559 87147171839 1 0 12 0 -0.584963 259 256
58116887791 87175331687 1 0 3 0 -0.584963 217 215
51698716315 87241583783 3 0 2 0 -0.754888 207 204
45880738975 87283785343 58 0 5 0 -0.927825 261 202
76551595135 87295509919 20 6 5 4 -0.189475 229 215
43655303071 87310606143 6 6 5 4 -1.000000 207 202
38814895131 87333514047 8 6 2 1 -1.169925 210 207
68089994395 87352126591 16 0 2 0 -0.359400 217 201
78720181531 87368216511 1 11 2 1 -0.150375 225 235
38845485375 87402342095 2 0 4 0 -1.169925 207 205
58299789423 87449684135 1 0 3 0 -0.584963 217 216
58353553887 87530330831 1 0 4 0 -0.584963 220 217
77867950491 87601444303 2 0 2 0 -0.169925 211 209
21616950943 87647506919 12 0 3 0 -2.019550 213 201
86470226791 87649962991 13 1 3 1 -0.019550 213 201
77929814811 87671041663 2 0 2 0 -0.169925 215 213
9002256379 87699649279 21 0 2 0 -3.284213 232 204
58524169087 87786253631 1 0 6 0 -0.584963 230 227
39092334207 87957751967 2 0 5 0 -1.169925 210 208
44001380847 88002761695 5 5 4 3 -1.000000 228 227
55701016191 88021358919 8 12 3 2 -0.660150 230 234
58786396639 88179594959 1 0 4 0 -0.584963 228 227
45836792559 88205499391 17 0 4 0 -0.944363 236 218
52292621671 88243799071 3 0 3 0 -0.754888 238 235
31033637191 88373130911 6 0 3 0 -1.509775 234 222
86034246235 88397836539 27 3 5 3 -0.039100 227 203
78603447835 88428878815 2 0 2 0 -0.169925 204 202
49751225583 88446623259 5 7 2 1 -0.830075 219 221
69900147951 88467374751 10 6 4 3 -0.339850 223 219
44279381631 88558763263 8 8 7 6 -1.000000 229 229
78720181531 88560204223 2 0 2 0 -0.169925 225 223
59060755423 88591133135 1 0 4 0 -0.584963 205 201
52503506791 88599667711 3 0 3 0 -0.754888 227 221
59111517423 88667276135 1 0 3 0 -0.584963 209 205
52549294875 88676935103 3 0 2 0 -0.754888 211 208
59144418495 88716627743 1 0 5 0 -0.584963 203 202
59148225775 88722338663 1 0 3 0 -0.584963 203 202
49932942063 88769674779 5 7 2 1 -0.830075 210 210
59313789087 88970683631 1 0 4 0 -0.584963 205 203
26382093415 89039565279 8 5 3 2 -1.754888 227 220
13904287047 89087917311 16 8 3 2 -2.679700 214 203
75194875995 89119853031 3 6 2 1 -0.245112 201 204
78155106303 89124071751 16 2 3 2 -0.189475 241 227
59436135663 89154203495 1 0 3 0 -0.584963 236 235
44590940271 89181880543 5 5 4 3 -1.000000 223 223
44591929855 89183859711 10 10 9 8 -1.000000 229 217
39659107743 89232992423 2 0 3 0 -1.169925 205 202
59497004143 89245506215 1 0 3 0 -0.584963 229 225
85920242943 89298476391 1 18 3 1 -0.055637 201 218
16522112167 89320147839 18 7 3 2 -2.434588 217 206
59564621823 89346932735 1 0 17 0 -0.584963 210 209
83677966639 89357281759 7 0 4 0 -0.094738 226 219
59575462047 89363193071 1 0 4 0 -0.584963 231 230
20956802079 89516652635 7 0 2 0 -2.094738 241 234
59706694143 89560041215 1 0 8 0 -0.584963 217 216
50449401447 89687824795 4 6 2 1 -0.830075 203 203
17717800959 89696367359 4 0 8 0 -2.339850 207 202
59859330559 89788995839 1 0 8 0 -0.584963 210 209
69132312667 89899320351 29 1 2 1 -0.378950 237 209
59991190695 89986786043 1 0 2 0 -0.584963 226 222
45032404735 90064809471 9 9 8 7 -1.000000 204 204
26714480799 90161372699 3 0 2 0 -1.754888 209 206
60194398719 90291598079 1 0 8 0 -0.584963 227 225
59497004143 90463106287 18 5 7 5 -0.604513 229 213
40218065055 90490646375 2 0 3 0 -1.169925 246 244
45280170655 90560341311 6 6 5 4 -1.000000 221 206
53671150875 90570067103 3 0 2 0 -0.754888 218 215
40258252447 90581068007 2 0 3 0 -1.169925 204 201
60399155439 90598733159 1 0 3 0 -0.584963 241 240
42434396863 90628931583 22 15 6 5 -1.094738 238 225
45317490687 90634981375 12 12 11 10 -1.000000 221 220
59706694143 90781932571 14 1 2 1 -0.604513 217 204
60555703839 90833555759 1 0 4 0 -0.584963 217 216
26929330335 90886489883 3 0 2 0 -1.754888 215 212
40446716959 91005113159 2 0 3 0 -1.169925 233 231
80923673691 91039132903 2 0 2 0 -0.169925 208 205
53951784807 91043636863 3 0 3 0 -0.754888 208 205
23985074023 91068327935 5 0 3 0 -1.924813 217 205
60718359519 91077539279 1 0 4 0 -0.584963 210 209
10661687143 91082460095 7 0 3 0 -3.094738 221 203
56965661679 91247975167 8 0 4 0 -0.679700 232 220
60871641327 91307461991 1 0 3 0 -0.584963 244 234
51361590399 91309494043 8 10 2 1 -0.830075 215 217
35614895131 91380146399 16 0 2 0 -1.359400 227 211
60995532015 91493298023 1 0 3 0 -0.584963 207 206
60995820903 91493731355 1 0 2 0 -0.584963 213 212
48197316859 91499593727 5 0 2 0 -0.924813 212 205
61012184047 91518276071 1 0 3 0 -0.584963 230 208
36172318831 91561182043 4 0 2 0 -1.339850 212 208
24124255335 91596781979 5 0 2 0 -1.924813 232 227
40733169823 91649632103 2 0 3 0 -1.169925 208 204
61161073119 91741609679 1 0 4 0 -0.584963 217 216
40779675807 91754270567 2 0 3 0 -1.169925 221 215
36290845467 91861202591 4 0 2 0 -1.339850 209 203
27219208039 91864827135 11 8 3 2 -1.754888 205 201
57362353819 91883399271 12 4 2 1 -0.679700 248 240
18162338031 91946836287 10 6 4 3 -2.339850 233 220
61363609599 92045414399 1 0 12 0 -0.584963 203 201
40936687855 92107547675 2 0 2 0 -1.169925 211 209
61418665191 92127997787 1 0 2 0 -0.584963 205 204
46076428287 92152856575 16 16 15 14 -1.000000 205 203
77798274207 92205362023 6 9 3 2 -0.245112 214 217
81961873659 92207107867 2 0 5 0 -0.169925 227 225
82071491227 92330427631 2 0 2 0 -0.169925 230 228
24340997679 92419725567 13 8 4 3 -1.924813 211 204
27390164607 92441805551 3 0 4 0 -1.754888 225 217
61652574055 92478861083 1 0 2 0 -0.584963 222 220
77003929647 92509054399 9 0 4 0 -0.264663 210 201
77052745407 92567699455 9 0 6 0 -0.264663 222 213
30456709615 92616715711 25 12 4 3 -1.604513 233 217
46362654367 92725308735 6 6 5 4 -1.000000 201 201
68615214847 92735133855 12 1 5 1 -0.434588 227 216
82434428571 92738732143 2 0 2 0 -0.169925 215 213
32605477191 92849190911 6 0 3 0 -1.509775 216 201
61960306431 92940459647 1 0 7 0 -0.584963 212 211
61975753831 92963630747 1 0 2 0 -0.584963 222 220
62137954023 93206931035 1 0 2 0 -0.584963 206 205
62144922111 93217383167 1 0 8 0 -0.584963 205 204
32746343871 93250330791 10 4 3 2 -1.509775 210 201
62176972959 93265459439 1 0 4 0 -0.584963 222 220
27668381695 93380788223 3 0 14 0 -1.754888 212 209
78794644839 93386245735 4 7 8 4 -0.245112 208 205
62287752831 93431629247 1 0 6 0 -0.584963 251 250
51866498175 93465113855 10 0 7 0 -0.849625 223 213
73887196399 93513482943 11 7 4 3 -0.339850 241 237
16426546971 93554318303 6 0 2 0 -2.509775 216 208
46869171303 93738342607 4 4 3 2 -1.000000 232 232
83359368987 93779290111 2 0 2 0 -0.169925 244 242
21956707359 93787732415 7 0 5 0 -2.094738 229 220
62558371359 93837557039 1 0 4 0 -0.584963 221 220
30456709615 93880310087 25 0 3 0 -1.624063 233 205
62655184383 93982776575 1 0 8 0 -0.584963 207 206
24792582303 94134335935 5 0 5 0 -1.924813 214 209
27903311871 94173677567 3 0 11 0 -1.754888 208 205
62785756159 94178634239 1 0 9 0 -0.584963 215 214
52976088303 94179712539 5 7 2 1 -0.830075 225 226
18644159743 94386058703 4 0 4 0 -2.339850 222 209
81873080431 94440236703 10 37 4 3 -0.206012 217 244
83979793051 94477267183 2 0 2 0 -0.169925 246 244
83995608859 94495059967 2 0 2 0 -0.169925 242 240
63062355711 94593533567 1 0 7 0 -0.584963 218 205
42061903963 94639283919 6 4 2 1 -1.169925 250 231
66532769071 94731227839 6 0 4 0 -0.509775 220 214
84215583387 94742531311 2 0 2 0 -0.169925 229 227
28074096799 94750076699 3 0 2 0 -1.754888 217 213
63199186479 94798779719 1 0 3 0 -0.584963 225 224
42139474011 94813816527 6 4 2 1 -1.169925 234 225
42149379711 94836104351 2 0 5 0 -1.169925 218 213
42169406703 94881165083 2 0 2 0 -1.169925 210 208
63255495295 94883242943 1 0 6 0 -0.584963 240 239
37485614107 94885460711 4 0 2 0 -1.339850 227 223
37527388827 94991202971 4 0 11 0 -1.339850 241 229
84448184091 95004207103 2 0 2 0 -0.169925 203 201
47588391423 95176782847 10 10 9 8 -1.000000 211 209
67866437247 95329535995 8 14 2 1 -0.490225 210 216
42372933247 95339099807 2 0 5 0 -1.169925 206 203
56498922523 95341931759 3 0 2 0 -0.754888 238 235
89369358063 95434954143 13 6 4 3 -0.094738 227 220
29393198319 95449150911 27 7 4 3 -1.699250 228 208
42434396863 95477392943 2 0 4 0 -1.169925 238 229
33550306971 95539741339 6 0 10 0 -1.509775 207 201
47771945967 95543891935 5 5 4 3 -1.000000 218 218
63702391263 95553586895 1 0 4 0 -0.584963 217 215
47784408735 95568817471 6 6 5 4 -1.000000 211 211
28317163263 95570426015 3 0 5 0 -1.754888 216 208
78497129199 95589516783 33 12 8 6 -0.284213 250 229
63775686655 95663529983 1 0 13 0 -0.584963 214 213
60555703839 95692964091 6 10 2 1 -0.660150 217 221
63826288639 95739432959 1 0 12 0 -0.584963 233 232
63855241327 95782861991 1 0 3 0 -0.584963 215 211
63935476863 95903215295 1 0 6 0 -0.584963 205 204
22819513371 96161241535 13 18 2 1 -2.075187 208 211
38043949851 96298748063 4 0 2 0 -1.339850 211 205
90180755503 96301422015 14 7 4 3 -0.094738 227 220
48158665407 96317330815 7 7 6 5 -1.000000 209 209
30087419815 96388457723 8 0 2 0 -1.679700 225 217
54247191279 96439451163 5 7 2 1 -0.830075 208 208
42908440575 96543991295 2 0 9 0 -1.169925 205 203
64383185391 96574778087 1 0 3 0 -0.584963 224 223
64383673759 96575510639 1 0 4 0 -0.584963 203 202
64441956831 96662935247 1 0 4 0 -0.584963 222 220
43006302655 96764180975 2 0 4 0 -1.169925 208 201
43006996479 96765742079 2 0 10 0 -1.169925 225 222
25488523035 96776735903 5 0 2 0 -1.924813 213 206
86034246235 96788527015 2 0 2 0 -0.169925 227 225
57362353819 96798972071 3 0 2 0 -0.754888 248 241
78497129199 96893669871 38 5 8 5 -0.303763 250 217
43068469339 96904056015 6 4 2 1 -1.169925 235 226
60555703839 96998528539 8 0 2 0 -0.679700 217 209
43127939583 97037864063 2 0 7 0 -1.169925 225 223
64837648383 97256472575 1 0 20 0 -0.584963 215 213
64839380991 97259071487 1 0 11 0 -0.584963 203 202
77929814811 97302399471 3 11 2 1 -0.320300 215 223
84436624863 97397273883 2 29 2 1 -0.206012 232 258
43303597215 97433093735 2 0 3 0 -1.169925 214 209
52039727551 97464437151 7 14 5 4 -0.905262 204 211
86760245499 97605276187 2 0 5 0 -0.169925 215 213
17153803711 97696272703 6 0 7 0 -2.509775 227 221
86849104123 97705242139 2 0 5 0 -0.169925 226 224
68752653615 97891961887 6 0 4 0 -0.509775 237 231
34377232635 97894541375 6 0 2 0 -1.509775 221 215
58017972891 97905329255 3 0 2 0 -0.754888 209 205
48987145663 97974291327 7 7 6 5 -1.000000 205 205
29049057279 98040568319 3 0 9 0 -1.754888 263 254
65492687743 98239031615 1 0 6 0 -0.584963 210 206
87377641243 98299846399 2 0 2 0 -0.169925 243 241
65544600295 98316900443 1 0 2 0 -0.584963 205 204
81873080431 98358632943 14 5 7 5 -0.264663 217 208
65584312167 98376468251 1 0 2 0 -0.584963 215 214
77746961647 98398498335 10 6 4 3 -0.339850 213 208
74835960559 98438261479 1 14 3 1 -0.395487 220 233
87537816603 98480043679 2 0 2 0 -0.169925 234 232
93502276639 98504456047 1 6 4 1 -0.075187 208 213
87670851355 98629707775 2 0 2 0 -0.169925 213 211
29262084543 98759535335 3 0 3 0 -1.754888 230 225
65913332703 98869999055 1 0 4 0 -0.584963 203 202
49461329919 98922659839 22 22 21 20 -1.000000 204 202
54902967855 98936930815 11 1 4 1 -0.849625 226 201
49478751975 98957503951 4 4 3 2 -1.000000 209 205
49484080767 98968161535 8 8 7 6 -1.000000 210 208
44001380847 99003106907 2 0 2 0 -1.169925 228 225
55723750143 99064444699 9 11 2 1 -0.830075 209 208
66063773343 99095660015 1 0 4 0 -0.584963 215 211
66103262367 99154893551 1 0 4 0 -0.584963 219 218
66138655903 99207983855 1 0 4 0 -0.584963 208 205
52299792127 99287886619 63 58 2 1 -0.924813 236 207
88397836539 99447566107 2 0 5 0 -0.169925 203 201
49747605951 99495211903 7 7 6 5 -1.000000 220 220
44279381631 99628608671 2 0 5 0 -1.169925 229 227
82956740775 99660493695 10 1 3 1 -0.264663 213 203
46663509063 99661224927 12 5 3 2 -1.094738 245 217
44299833855 99674626175 2 0 7 0 -1.169925 224 219
21879934495 99803017063 14 0 3 0 -2.189475 242 224
88769674779 99865884127 2 0 2 0 -0.169925 210 208
66744856191 100117284287 1 0 6 0 -0.584963 208 207
26382093415 100169510939 5 0 2 0 -1.924813 227 217
13904287047 100223906975 10 0 3 0 -2.849625 214 201
66873670143 100310505215 1 0 8 0 -0.584963 225 224
44590940271 100329615611 2 0 2 0 -1.169925 223 221
44591929855 100331842175 2 0 7 0 -1.169925 229 215
50173247487 100346494975 17 17 16 15 -1.000000 290 290
64294404423 100443041215 44 7 3 2 -0.643613 241 203
29768671231 100469265407 3 0 10 0 -1.754888 243 213
16522112167 100485166319 13 0 3 0 -2.604513 217 204
44678640879 100526941979 2 0 2 0 -1.169925 219 217
67932700839 100527527583 24 35 3 2 -0.565412 220 230
67096150887 100644226331 1 0 2 0 -0.584963 241 240
20956802079 100706234215 9 0 3 0 -2.264663 241 232
71703263391 100718987259 6 12 2 1 -0.490225 217 223
59709835035 100760346623 3 0 2 0 -0.754888 228 222
29859831039 100776929759 3 0 5 0 -1.754888 216 210
49747605951 100852651423 18 6 5 4 -1.019550 220 208
67248549631 100872824447 1 0 7 0 -0.584963 244 241
44279381631 100987868159 14 0 7 0 -1.189475 229 215
29929665279 101012620319 3 0 5 0 -1.754888 210 207
67360913055 101041369583 1 0 4 0 -0.584963 214 213
67405499631 101108249447 1 0 3 0 -0.584963 217 216
59925710619 101124636671 3 0 2 0 -0.754888 236 233
67417462783 101126194175 1 0 10 0 -0.584963 212 210
59991190695 101235134299 3 0 2 0 -0.754888 226 220
67544316351 101316474527 1 0 5 0 -0.584963 229 227
45032404735 101322910655 2 0 6 0 -1.169925 204 202
60056055579 101344593791 3 0 2 0 -0.754888 210 207
26714480799 101431544287 5 0 6 0 -1.924813 209 204
50741373375 101482746751 7 7 6 5 -1.000000 207 207
67666160095 101499240143 1 0 4 0 -0.584963 232 231
42248311387 101510438607 13 4 2 1 -1.264663 220 211
99027760159 101748316959 26 2 8 2 -0.039100 228 204
26446967911 101785831067 17 0 2 0 -1.944363 232 214
67866437247 101799655871 1 0 6 0 -0.584963 210 209
67932700839 101899051259 1 0 2 0 -0.584963 220 218
45317490687 101964354047 2 0 9 0 -1.169925 221 217
47771945967 102028560383 7 0 4 0 -1.094738 218 211
51038540271 102077080543 5 5 4 3 -1.000000 205 205
95589516783 102077281839 8 1 6 1 -0.094738 229 222
59706694143 102129674143 15 0 5 0 -0.774438 217 202
92109115239 102228030555 4 14 2 1 -0.150375 202 212
26929330335 102247301119 5 0 5 0 -1.924813 215 205
51136274943 102272549887 10 10 9 8 -1.000000 208 207
68256151711 102384227567 1 0 4 0 -0.584963 206 205
51195321343 102390642687 11 11 10 9 -1.000000 204 204
68424515199 102636772799 1 0 6 0 -0.584963 203 202
30431055207 102704811327 9 6 3 2 -1.754888 210 205
91309494043 102723180799 2 0 2 0 -0.169925 217 215
54139679391 102780797595 8 3 2 1 -0.924813 237 232
68525670895 102788506343 1 0 3 0 -0.584963 205 204
20306699199 102802664699 4 0 2 0 -2.339850 213 209
65127308059 102917227551 18 22 2 1 -0.660150 215 210
68615214847 102922822271 1 0 7 0 -0.584963 227 226
60995820903 102930447775 3 0 3 0 -0.754888 213 210
68623946991 102935920487 1 0 3 0 -0.584963 214 211
30499864575 102937042943 3 0 13 0 -1.754888 208 203
24124255335 103046379727 7 0 3 0 -2.094738 232 225
81507685615 103158164607 12 8 4 3 -0.339850 208 203
68783631999 103175447999 1 0 6 0 -0.584963 207 206
68820944895 103231417343 1 0 10 0 -0.584963 233 232
68881208991 103321813487 1 0 4 0 -0.584963 216 215
68910417127 103365625691 1 0 2 0 -0.584963 213 212
51707348415 103414696831 7 7 6 5 -1.000000 217 217
18162338031 103440190823 6 0 3 0 -2.509775 233 217
45880738975 103447449295 59 4 4 3 -1.172938 261 205
27249956079 103464676991 5 0 4 0 -1.924813 217 212
40881398631 103481040287 4 0 3 0 -1.339850 230 219
61345241883 103520095679 3 0 2 0 -0.754888 223 216
98285524527 103543597855 1 6 4 1 -0.075187 207 212
40936687855 103620991135 4 0 4 0 -1.339850 211 207
46076428287 103671963647 2 0 13 0 -1.169925 205 201
27304637679 103672296191 5 0 4 0 -1.924813 218 213
97089778503 103679367963 10 3 2 1 -0.094738 216 209
92188334331 103711876123 2 0 5 0 -0.169925 204 202
69191733759 103787600639 1 0 8 0 -0.584963 226 217
69208122087 103812183131 1 0 2 0 -0.584963 222 221
53953732251 103825238015 17 0 2 0 -0.944363 259 241
51939435135 103878870271 8 8 7 6 -1.000000 225 222
69274387303 103911580955 1 0 2 0 -0.584963 203 202
46195700031 103940325071 2 0 4 0 -1.169925 214 207
24340997679 103972191263 7 0 4 0 -2.094738 211 202
61652574055 104038718719 3 0 3 0 -0.754888 222 218
97464437151 104079455103 8 1 5 1 -0.094738 211 204
92525009691 104090635903 2 0 2 0 -0.169925 207 205
69459912831 104189869247 1 0 6 0 -0.584963 215 210
54902967855 104229853039 5 0 6 0 -0.924813 226 206
69532875199 104299312799 1 0 5 0 -0.584963 212 211
82449885255 104350636027 4 0 2 0 -0.339850 241 237
57923207931 104379501503 10 0 2 0 -0.849625 250 240
41257848679 104433929471 4 0 3 0 -1.339850 229 219
69670454511 104505681767 1 0 3 0 -0.584963 233 232
69692500647 104538750971 1 0 2 0 -0.584963 209 208
61975753831 104584084591 3 0 3 0 -0.754888 222 218
52292621671 104585243343 4 4 3 2 -1.000000 238 238
92985805915 104609031655 2 0 2 0 -0.169925 204 202
69765033087 104647549631 1 0 6 0 -0.584963 212 211
69900147951 104850221927 1 0 3 0 -0.584963 223 222
52503506791 105007013583 4 4 3 2 -1.000000 227 224
70041560511 105062340767 1 0 5 0 -0.584963 207 206
31148213095 105125219199 10 7 3 2 -1.754888 229 217
93457860379 105140092927 2 0 2 0 -0.169925 217 205
16410884187 105148253087 8 0 2 0 -2.679700 219 210
93473618011 105157820263 2 0 2 0 -0.169925 206 204
70129396839 105194095259 1 0 2 0 -0.584963 249 218
70141259775 105211889663 1 0 11 0 -0.584963 287 271
70152078063 105228117095 1 0 3 0 -0.584963 217 216
9239932671 105248608091 6 0 2 0 -3.509775 216 206
52701475455 105402950911 8 8 7 6 -1.000000 212 211
70297824103 105446736155 1 0 2 0 -0.584963 208 206
52030816251 105481372911 17 5 2 1 -1.019550 225 213
70336551231 105504826847 1 0 5 0 -0.584963 207 205
59436135663 105664241179 5 7 2 1 -0.830075 236 238
70451273895 105676910843 1 0 2 0 -0.584963 230 229
44001380847 105722556059 9 0 2 0 -1.264663 228 218
31327592191 105730623647 3 0 5 0 -1.754888 216 204
66063773343 105821390847 9 1 5 1 -0.679700 215 204
70627788223 105941682335 1 0 5 0 -0.584963 208 205
94179712539 105952176607 2 0 2 0 -0.169925 226 224
70638158719 105957238079 1 0 6 0 -0.584963 203 201
99576623295 106334997631 7 0 6 0 -0.094738 213 206
78720181531 106392242415 39 28 2 1 -0.434588 225 214
67360913055 106446874951 6 10 3 2 -0.660150 214 218
71000141983 106500212975 1 0 4 0 -0.584963 232 230
71045956095 106568934143 1 0 8 0 -0.584963 211 203
28074096799 106593836287 5 0 5 0 -1.924813 217 210
42166446823 106733818523 4 0 2 0 -1.339850 207 203
42169406703 106741310719 4 0 4 0 -1.339850 210 205
47487353499 106846545375 7 5 2 1 -1.169925 217 210
37527388827 106865103343 6 0 2 0 -1.509775 241 227
53455667311 106911334623 5 5 4 3 -1.000000 225 225
42260875035 106972839935 4 0 2 0 -1.339850 208 204
67705429659 106991296251 3 7 5 3 -0.660150 207 210
100258148655 107062778863 7 0 6 0 -0.094738 214 207
47588391423 107073880703 2 0 7 0 -1.169925 211 207
71390387199 107085580799 1 0 9 0 -0.584963 211 210
95329535995 107245727995 2 0 8 0 -0.169925 216 214
71498788863 107248183295 1 0 11 0 -0.584963 229 227
95396699931 107321287423 2 0 2 0 -0.169925 228 226
47784408735 107514919655 2 0 3 0 -1.169925 211 209
86131524639 107542973607 1 9 3 1 -0.320300 213 221
71703263391 107554895087 1 0 4 0 -0.584963 217 216
10083996315 107562627375 22 23 2 1 -3.415037 205 201
25188447463 107592059775 14 7 3 2 -2.094738 227 211
71735143455 107602715183 1 0 4 0 -0.584963 210 206
31033637191 107615972287 27 0 3 0 -1.793988 234 201
31887843327 107621471231 3 0 10 0 -1.754888 214 210
53850254335 107700508671 11 11 10 9 -1.000000 217 203
31913144319 107706862079 3 0 9 0 -1.754888 233 230
71840775279 107761162919 1 0 3 0 -0.584963 209 206
54516371871 107790048255 42 1 5 1 -0.983463 273 225
53951784807 107903569615 4 4 3 2 -1.000000 208 208
50526173215 107910879711 12 5 6 4 -1.094738 208 201
72024692127 108037038191 1 0 4 0 -0.584963 238 237
54029393767 108058787535 4 4 3 2 -1.000000 217 203
96116393115 108130942255 2 0 2 0 -0.169925 211 209
96144596763 108162671359 2 0 2 0 -0.169925 217 215
54093105151 108186210303 12 12 11 10 -1.000000 253 251
72149446503 108224169755 1 0 2 0 -0.584963 247 246
54139679391 108279358783 6 6 5 4 -1.000000 237 237
72208737727 108313106591 1 0 5 0 -0.584963 204 203
30087419815 108437014939 10 0 2 0 -1.849625 225 215
96400882971 108450993343 2 0 2 0 -0.169925 205 203
96439451163 108494382559 2 0 2 0 -0.169925 208 206
96527643291 108593598703 2 0 2 0 -0.169925 203 201
11300988463 108611990207 9 0 4 0 -3.264663 229 201
96571704411 108643167463 2 0 2 0 -0.169925 222 220
26446967911 108694146751 25 1 3 1 -2.039100 232 207
68783631999 108695122171 8 12 2 1 -0.660150 207 211
72556032111 108834048167 1 0 3 0 -0.584963 209 208
72635087871 108952631807 1 0 9 0 -0.584963 207 203
54516371871 109032743743 6 6 5 4 -1.000000 273 266
72700875775 109051313663 1 0 9 0 -0.584963 243 235
60555703839 109123344607 10 0 6 0 -0.849625 217 205
72784342015 109176513023 1 0 9 0 -0.584963 202 201
72794366911 109191550367 1 0 5 0 -0.584963 211 210
72908092143 109362138215 1 0 3 0 -0.584963 270 269
32435666943 109470375935 3 0 13 0 -1.754888 206 201
72993681519 109490522279 1 0 3 0 -0.584963 229 228
97397273883 109571933119 2 0 2 0 -0.169925 258 256
73113511039 109670266559 1 0 6 0 -0.584963 210 209
57001726911 109690611135 24 7 9 7 -0.944363 263 228
54867957919 109735915839 6 6 5 4 -1.000000 201 201
97545395995 109738570495 2 0 2 0 -0.169925 232 230
54913419903 109826839807 8 8 7 6 -1.000000 203 203
21407990427 109856580635 16 0 7 0 -2.359400 261 243
65127308059 109902332351 3 0 2 0 -0.754888 215 203
48848136351 109908306791 2 0 3 0 -1.169925 221 217
86849104123 109918397407 4 0 2 0 -0.339850 226 222
73353421311 110030131967 1 0 8 0 -0.584963 206 205
21754342527 110131359047 4 0 3 0 -2.339850 217 213
48987145663 110221077743 2 0 4 0 -1.169925 205 203
79742815335 110504217535 4 22 3 2 -0.470675 202 220
32746343871 110518910567 3 0 3 0 -1.754888 210 204
73725590527 110588385791 1 0 9 0 -0.584963 225 222
65544600295 110606512999 3 0 7 0 -0.754888 205 202
19422742687 110618589215 6 0 7 0 -2.509775 208 201
65584312167 110673526783 3 0 3 0 -0.754888 215 212
73791912831 110687869247 1 0 6 0 -0.584963 239 210
73806730623 110710095935 1 0 6 0 -0.584963 208 207
85153952959 110733782811 31 3 2 1 -0.378950 281 253
73840290975 110760436463 1 0 4 0 -0.584963 205 203
29176776943 110780574959 5 0 10 0 -1.924813 225 213
73857990175 110786985263 1 0 4 0 -0.584963 232 230
55414301119 110828602239 7 7 6 5 -1.000000 227 227
73887196399 110830794599 1 0 3 0 -0.584963 241 239
101451292095 111081011823 7 29 4 3 -0.130825 210 232
74127023103 111190534655 1 0 9 0 -0.584963 211 210
74174233087 111261349631 1 0 8 0 -0.584963 205 203
75214136991 111302673639 1 12 3 1 -0.565412 205 216
49484080767 111339181727 2 0 5 0 -1.169925 210 205
88021358919 111402032383 4 0 3 0 -0.339850 234 229
99064444699 111447500287 2 0 2 0 -0.169925 208 206
89288235759 111484412031 5 13 4 3 -0.320300 212 220
46433661231 111566620367 9 0 5 0 -1.264663 221 212
74388845295 111583267943 1 0 3 0 -0.584963 223 222
29393198319 111602299871 5 0 4 0 -1.924813 228 223
49635397275 111679643871 7 5 2 1 -1.169925 208 206
99287886619 111698872447 2 0 2 0 -0.169925 207 205
74569166847 111853750271 1 0 11 0 -0.584963 246 245
79655628135 111889387119 1 7 3 1 -0.490225 271 277
74613658095 111920487143 1 0 3 0 -0.584963 207 206
49747605951 111932113391 2 0 4 0 -1.169925 220 217
6058060479 112040848191 32 6 7 5 -4.209025 246 220
46663509063 112118878043 9 0 2 0 -1.264663 245 215
101055246939 112156965627 3 13 5 3 -0.150375 210 220
69132312667 112247406235 20 0 6 0 -0.699250 237 217
74835960559 112253940839 1 0 3 0 -0.584963 220 219
16410884187 112284780031 15 0 2 0 -2.774438 219 203
49932942063 112349119643 2 0 2 0 -1.169925 210 205
75015208047 112522812071 1 0 3 0 -0.584963 203 202
75017512807 112526269211 1 0 2 0 -0.584963 220 219
75047113215 112570669823 1 0 8 0 -0.584963 213 210
26382093415 112690699807 7 0 3 0 -2.094738 227 215
75142373887 112713560831 1 0 8 0 -0.584963 248 247
50094997275 112713743871 11 9 2 1 -1.169925 227 225
107056430079 112783728807 11 16 3 2 -0.075187 205 210
78155106303 112797653311 18 0 6 0 -0.529325 241 223
75214136991 112821205487 1 0 4 0 -0.584963 205 204
90371886951 112837448239 1 9 3 1 -0.320300 211 219
44590940271 112870817563 4 0 2 0 -1.339850 223 219
50173247487 112889806847 2 0 14 0 -1.169925 290 288
66905085723 112902332159 3 0 2 0 -0.754888 247 230
75281885695 112922828543 1 0 8 0 -0.584963 234 233
14884335615 113027923583 5 0 7 0 -2.924813 255 210
59551549767 113054895263 5 0 3 0 -0.924813 216 208
44678640879 113092809727 4 0 4 0 -1.339850 219 215
59575462047 113100291231 11 6 10 6 -0.924813 231 226
75404549887 113106824831 1 0 7 0 -0.584963 217 216
89369358063 113108093799 8 4 3 2 -0.339850 227 217
75468519583 113202779375 1 0 4 0 -0.584963 205 204
100625723643 113203939099 2 0 5 0 -0.169925 210 208
52292621671 113207286555 29 10 2 1 -1.114288 238 219
67096150887 113224754623 3 0 3 0 -0.754888 241 238
75504812031 113257218047 1 0 19 0 -0.584963 265 208
100718987259 113308860667 2 0 8 0 -0.169925 223 221
33586782207 113355389951 3 0 10 0 -1.754888 227 220
14929915519 113374045979 5 0 2 0 -2.924813 217 208
19920945819 113456011743 11 5 2 1 -2.509775 218 212
90980149095 113596918363 4 12 2 1 -0.320300 226 234
22441748479 113611351679 4 0 7 0 -2.339850 218 213
101055246939 113687152807 2 0 2 0 -0.169925 210 208
33708212223 113765216255 3 0 12 0 -1.754888 234 231
33708731391 113766968447 3 0 7 0 -1.754888 216 208
56892118143 113784236287 8 8 7 6 -1.000000 205 204
72024692127 113816797435 6 10 2 1 -0.660150 238 241
72036517479 113835484411 4 8 2 1 -0.660150 210 203
59991190695 113889526087 5 0 5 0 -0.924813 226 217
96144596763 113949151719 3 6 2 1 -0.245112 217 220
45025794375 113971542015 15 11 3 2 -1.339850 215 210
57001726911 114003453823 7 7 6 5 -1.000000 263 245
33781531263 114012668015 3 0 4 0 -1.754888 211 205
102736773231 114023220891 5 15 2 1 -0.150375 225 235
1827397567 114064264127 29 0 10 0 -5.963913 273 235
53424639279 114101255963 7 0 2 0 -1.094738 210 202
50715772143 114110487323 2 0 2 0 -1.169925 204 202
76078594791 114117892187 1 0 2 0 -0.584963 250 249
76111682559 114167523839 1 0 9 0 -0.584963 219 218
50741373375 114168090095 2 0 4 0 -1.169925 207 205
76152112575 114228168863 1 0 5 0 -0.584963 205 203
67705429659 114252912551 3 0 2 0 -0.754888 207 203
90381294831 114388826271 10 6 4 3 -0.339850 223 219
76272148479 114408222719 1 0 12 0 -0.584963 206 205
64383185391 114458996251 5 7 2 1 -0.830075 224 222
59497004143 114492368895 29 12 4 3 -0.944363 229 208
26446967911 114509059951 19 0 3 0 -2.114288 232 212
76351482879 114527224319 1 0 9 0 -0.584963 241 239
57289754863 114579509727 5 5 4 3 -1.000000 203 202
67932700839 114636432667 3 0 2 0 -0.754888 220 216
76551595135 114827392703 1 0 6 0 -0.584963 229 225
51038540271 114836715611 2 0 2 0 -1.169925 205 203
76589658223 114884487335 1 0 3 0 -0.584963 210 209
102228030555 115006534375 2 0 2 0 -0.169925 212 210
90873421039 115011673503 10 6 4 3 -0.339850 205 201
51136274943 115056618623 2 0 7 0 -1.169925 208 205
102277949211 115062692863 2 0 2 0 -0.169925 234 232
40446716959 115178346343 6 0 3 0 -1.509775 233 203
51195321343 115189473023 2 0 8 0 -1.169925 204 202
110889390879 115249367487 6 23 5 4 -0.055637 205 222
64837648383 115266930459 22 24 2 1 -0.830075 215 216
26985937563 115270010651 7 0 7 0 -2.094738 220 205
76898693287 115348039931 1 0 2 0 -0.584963 234 233
57679761823 115359523647 6 6 5 4 -1.000000 204 203
51286934811 115395603327 9 7 2 1 -1.169925 217 213
51343905087 115523786447 2 0 4 0 -1.169925 205 202
30431055207 115542912743 5 0 7 0 -1.924813 210 203
51361590399 115563578399 2 0 5 0 -1.169925 215 213
20306699199 115652997787 6 0 2 0 -2.509775 213 205
57836093551 115672187103 5 5 4 3 -1.000000 204 204
75099052059 115743335103 32 7 2 1 -0.624063 227 202
34307607423 115788175055 3 0 4 0 -1.754888 227 222
77309415423 115964123135 1 0 11 0 -0.584963 228 227
103100292955 115987829575 2 0 2 0 -0.169925 225 222
77362450431 116043675647 1 0 11 0 -0.584963 208 207
77373459327 116060188991 1 0 6 0 -0.584963 219 217
58116887791 116233775583 5 5 4 3 -1.000000 217 215
68910417127 116286328903 3 0 5 0 -0.754888 213 210
51698716315 116322111711 7 5 2 1 -1.169925 207 205
51707348415 116341533935 2 0 4 0 -1.169925 217 215
94440236703 116573194599 35 2 3 2 -0.303763 244 210
67248549631 116599578847 28 1 5 1 -0.793988 244 215
77746961647 116620442471 1 0 3 0 -0.584963 213 211
103672504987 116631568111 2 0 2 0 -0.169925 240 238
77790594607 116685891911 1 0 3 0 -0.584963 210 208
77798274207 116697411311 1 0 4 0 -0.584963 214 213
69208122087 116788706023 3 0 11 0 -0.754888 222 219
77877582847 116816374271 1 0 9 0 -0.584963 213 212
77906355135 116859532703 1 0 5 0 -0.584963 216 215
51939263359 116863342559 2 0 5 0 -1.169925 204 202
51939435135 116863729055 2 0 5 0 -1.169925 225 220
52019359359 117043558559 2 0 5 0 -1.169925 246 216
52039727551 117089386991 2 0 4 0 -1.169925 204 202
78077100063 117115650095 1 0 4 0 -0.584963 207 205
78166805919 117250208879 1 0 4 0 -0.584963 218 205
82449885255 117394465531 6 0 2 0 -0.509775 241 234
34811309823 117488170655 3 0 5 0 -1.754888 226 217
78341557375 117512336063 1 0 6 0 -0.584963 205 203
66103262367 117516910875 6 8 2 1 -0.830075 219 217
78365724519 117548586779 1 0 2 0 -0.584963 205 204
69692500647 117606094843 3 0 2 0 -0.754888 209 206
75468519583 117653714367 6 22 5 4 -0.640600 205 221
62009751879 117721638335 5 0 3 0 -0.924813 210 205
78497129199 117745693799 1 0 3 0 -0.584963 250 241
58947140079 117894280159 5 5 4 3 -1.000000 201 201
78619208191 117928812287 1 0 8 0 -0.584963 204 203
78780689647 118171034471 1 0 3 0 -0.584963 223 222
112189493743 118191400815 1 6 7 1 -0.075187 204 209
78794644839 118191967259 1 0 2 0 -0.584963 208 201
59111517423 118223034847 5 5 4 3 -1.000000 209 206
84167368351 118226865831 1 7 3 1 -0.490225 212 217
52549294875 118235913471 10 8 2 1 -1.169925 211 209
78839942247 118259913371 1 0 2 0 -0.584963 226 213
59148225775 118296451551 5 5 4 3 -1.000000 203 203
70129396839 118343357167 3 0 3 0 -0.754888 249 216
105201554715 118351749055 2 0 2 0 -0.169925 227 225
9239932671 118404684103 8 0 3 0 -3.679700 216 204
99972603519 118486048615 8 11 3 2 -0.245112 204 207
79011143103 118516714655 1 0 5 0 -0.584963 213 212
75047113215 118592969031 10 14 3 2 -0.660150 213 215
70297824103 118627578175 3 0 3 0 -0.754888 208 204
46869171303 118637589863 4 0 8 0 -1.339850 232 228
93818877255 118739516527 4 0 3 0 -0.339850 221 215
100244565231 118808373607 5 8 3 2 -0.245112 208 211
105664241179 118872271327 2 0 2 0 -0.169925 238 236
70451273895 118886524699 3 0 2 0 -0.754888 230 227
79276233967 118914350951 1 0 3 0 -0.584963 245 244
44001380847 118937875567 11 0 7 0 -1.434588 228 216
79318072735 118977109103 1 0 4 0 -0.584963 217 215
79318215487 118977323231 1 0 5 0 -0.584963 204 203
59497004143 118994008287 5 5 4 3 -1.000000 229 225
59575462047 119150924095 6 6 5 4 -1.000000 231 231
52976088303 119196198683 2 0 2 0 -1.169925 225 222
20956802079 119355536847 10 4 4 3 -2.509775 241 235
106141986075 119409734335 2 0 2 0 -0.169925 214 212
9322079871 119457355547 8 0 2 0 -3.679700 223 205
79655628135 119483442203 1 0 2 0 -0.584963 271 270
68152793415 119529745659 6 20 2 1 -0.810525 229 243
83979793051 119572791279 11 5 2 1 -0.509775 246 239
79720295551 119580443327 1 0 6 0 -0.584963 223 222
54516371871 119631638171 31 0 2 0 -1.133838 273 235
6058060479 119645183103 41 8 6 5 -4.303763 246 205
20456754879 119708386751 30 0 8 0 -2.548875 245 211
29929665279 119718661119 19 19 8 7 -2.000000 210 210
44299833855 119744608583 11 0 3 0 -1.434588 224 210
42061903963 119777843711 6 0 2 0 -1.509775 250 227
53296918143 119918065823 2 0 5 0 -1.169925 212 208
79953997671 119930996507 1 0 2 0 -0.584963 214 213
63199186479 119979705583 5 0 6 0 -0.924813 225 220
42139474011 119998736543 6 0 2 0 -1.509775 234 221
80029381791 120044072687 1 0 4 0 -0.584963 213 210
53370655359 120083974559 2 0 5 0 -1.169925 206 203
94894190319 120100459623 8 4 3 2 -0.339850 212 208
47487353499 120202363547 4 0 16 0 -1.339850 217 208
53428961599 120215163599 2 0 4 0 -1.169925 209 207
53455667311 120275251451 2 0 2 0 -1.169925 225 223
75099052059 120294160295 8 0 2 0 -0.679700 227 219
80237932959 120356899439 1 0 4 0 -0.584963 210 208
60194398719 120388797439 10 10 9 8 -1.000000 227 225
107192239387 120591269311 2 0 2 0 -0.169925 223 221
95329535995 120651443995 4 0 5 0 -0.339850 216 210
80436130111 120654195167 1 0 5 0 -0.584963 246 244
80476023295 120714034943 1 0 8 0 -0.584963 213 212
53671150875 120760089471 9 7 2 1 -1.169925 218 216
74388845295 120782230695 22 2 3 2 -0.699250 223 203
60399155439 120798310879 5 5 4 3 -1.000000 241 241
95506530375 120875452507 4 0 2 0 -0.339850 210 205
31851195631 120935008415 5 0 4 0 -1.924813 217 211
80677554919 121016332379 1 0 2 0 -0.584963 203 202
25188447463 121041067247 9 0 3 0 -2.264663 227 209
14172374811 121074155135 7 0 2 0 -3.094738 216 208
53858660671 121181986511 2 0 4 0 -1.169925 215 208
85153952959 121244593179 7 1 2 1 -0.509775 281 275
35983194111 121443280127 3 0 8 0 -1.754888 208 204
107997117211 121496756863 2 0 2 0 -0.169925 218 216
72061963291 121604563055 3 0 2 0 -0.754888 217 213
81124935847 121687403771 1 0 2 0 -0.584963 210 205
54093105151 121709486591 2 0 9 0 -1.169925 253 249
60871641327 121743282655 5 5 4 3 -1.000000 244 235
72149446503 121752190975 3 0 3 0 -0.754888 247 244
97518112383 121760154951 1 9 3 1 -0.320300 201 209
114023220891 121762101607 8 1 2 1 -0.094738 235 228
108333714171 121875428443 2 0 5 0 -0.169925 243 241
60995532015 121991064031 5 5 4 3 -1.000000 207 203
30087419815 121991641807 12 0 3 0 -2.019550 225 213
30499864575 121999458303 32 32 16 15 -2.000000 208 205
54247191279 122056180379 2 0 2 0 -1.169925 208 204
64294404423 122058908399 5 0 3 0 -0.924813 241 235
81419361759 122129042639 1 0 4 0 -0.584963 229 227
81466339647 122199509471 1 0 5 0 -0.584963 206 205
81507685615 122261528423 1 0 3 0 -0.584963 208 206
116067664575 122277045807 7 12 4 3 -0.075187 234 239
108695122171 122282012443 2 0 5 0 -0.169925 211 209
111493332127 122331416319 32 1 5 1 -0.133838 250 219
32220978415 122339027423 5 0 4 0 -1.924813 225 210
38223650863 122453795567 8 0 6 0 -1.679700 229 221
68881208991 122455482651 6 8 2 1 -0.830075 216 218
81654402303 122481603455 1 0 7 0 -0.584963 205 204
81733714791 122600572187 1 0 2 0 -0.584963 213 211
76551595135 122620853439 9 1 6 1 -0.679700 229 218
36350437887 122682727871 3 0 6 0 -1.754888 243 233
54561672303 122763762683 2 0 2 0 -1.169925 208 203
81873375711 122810063567 1 0 4 0 -0.584963 211 210
61418665191 122837330383 4 4 3 2 -1.000000 205 203
97087848687 122876808495 9 5 6 4 -0.339850 234 229
69191733759 123007526683 10 12 2 1 -0.830075 226 220
82011201535 123016802303 1 0 12 0 -0.584963 222 221
82025028775 123037543163 1 0 2 0 -0.584963 222 217
82127893735 123191840603 1 0 2 0 -0.584963 216 211
54780329215 123255740735 2 0 6 0 -1.169925 223 218
61652574055 123305148111 4 4 3 2 -1.000000 222 221
82209172839 123313759259 1 0 2 0 -0.584963 206 205
82223255167 123334882751 1 0 6 0 -0.584963 218 217
82268707327 123403060991 1 0 8 0 -0.584963 205 204
21407990427 123588653215 18 0 2 0 -2.529325 261 241
82430041087 123645061631 1 0 9 0 -0.584963 214 213
54959198703 123658197083 2 0 2 0 -1.169925 222 220
12875326399 123742699967 9 0 9 0 -3.264663 229 211
103100292955 123860050431 19 10 2 1 -0.264663 225 215
82592948991 123889423487 1 0 7 0 -0.584963 204 203
61975753831 123951507663 4 4 3 2 -1.000000 222 221
82716390847 124074586271 1 0 5 0 -0.584963 211 210
82804192495 124206288743 1 0 3 0 -0.584963 244 243
73636918363 124262299739 3 0 10 0 -0.754888 205 202
69900147951 124266929691 5 7 2 1 -0.830075 223 225
62176972959 124353945919 6 6 5 4 -1.000000 222 220
82903331583 124354997375 1 0 7 0 -0.584963 203 202
55336763391 124507717631 2 0 16 0 -1.169925 212 210
36895956415 124523852903 3 0 3 0 -1.754888 239 208
32802991387 124548857927 5 0 2 0 -1.924813 210 205
83035295359 124552943039 1 0 6 0 -0.584963 218 217
110733782811 124575505663 2 0 2 0 -0.169925 253 251
77798274207 124617792255 17 9 5 4 -0.679700 214 206
55414301119 124682177519 2 0 4 0 -1.169925 227 225
83174998015 124762497023 1 0 13 0 -0.584963 204 203
110924426491 124789979803 2 0 5 0 -0.169925 206 204
111050343579 124931636527 2 0 2 0 -0.169925 215 213
52030816251 125014960487 9 0 2 0 -1.264663 225 216
21956707359 125050309887 14 8 5 4 -2.509775 229 220
117145391943 125096177823 13 6 3 2 -0.094738 226 219
62558371359 125116742719 6 6 5 4 -1.000000 221 221
86757843439 125213586279 22 4 3 2 -0.529325 231 213
70451273895 125246709147 4 6 2 1 -0.830075 230 232
100346494975 125291645607 1 9 3 1 -0.320300 290 298
55701016191 125327286431 2 0 5 0 -1.169925 230 227
55723750143 125378437823 2 0 6 0 -1.169925 209 204
75404549887 125532504735 18 27 5 4 -0.735337 217 226
37200766623 125552587355 3 0 2 0 -1.754888 224 221
17419900231 125564903423 10 0 3 0 -2.849625 216 205
62785756159 125571512319 11 11 10 9 -1.000000 215 215
49635397275 125639599355 4 0 5 0 -1.339850 208 204
52292621671 125644002975 15 6 3 2 -1.264663 238 229
83987887551 125981831327 1 0 5 0 -0.584963 337 328
6058060479 126045954215 28 0 3 0 -4.378950 246 210
63062355711 126124711423 9 9 8 7 -1.000000 218 206
46663509063 126133737799 11 0 8 0 -1.434588 245 213
112156965627 126176586331 2 0 5 0 -0.169925 220 218
84167368351 126251052527 1 0 4 0 -0.584963 212 210
69132312667 126278332015 22 0 2 0 -0.869175 237 215
84202614631 126303921947 1 0 2 0 -0.584963 214 206
56142390015 126320377535 2 0 6 0 -1.169925 204 201
56148193599 126333435599 2 0 4 0 -1.169925 217 213
84240964735 126361447103 1 0 6 0 -0.584963 232 229
84243248575 126364872863 1 0 5 0 -0.584963 210 209
49932942063 126392759599 4 0 6 0 -1.339850 210 203
70152078063 126416322559 10 0 4 0 -0.849625 217 207
84284503279 126426754919 1 0 3 0 -0.584963 212 211
84298504191 126447756287 1 0 10 0 -0.584963 202 201
106694399535 126452621671 5 8 3 2 -0.245112 210 213
36979397359 126508220111 15 0 5 0 -1.774438 227 208
63255495295 126510990591 8 8 7 6 -1.000000 240 240
84342631743 126513947615 1 0 5 0 -0.584963 225 224
75017512807 126592052863 3 0 3 0 -0.754888 220 217
84436624863 126654937295 1 0 4 0 -0.584963 232 229
84453874687 126680812031 1 0 9 0 -0.584963 203 202
93762567615 126722393535 18 7 11 7 -0.434588 217 206
75107168283 126743346479 3 0 2 0 -0.754888 210 204
100153940295 126757330687 4 0 3 0 -0.339850 220 215
106956439719 126763187815 4 7 6 4 -0.245112 202 205
50094997275 126802961855 4 0 2 0 -1.339850 227 222
84572342511 126858513767 1 0 3 0 -0.584963 215 213
84575792127 126863688191 1 0 9 0 -0.584963 210 209
44590940271 126979669759 6 0 4 0 -1.509775 223 217
44001380847 127010319271 19 1 3 1 -1.529325 228 209
84739305319 127108957979 1 0 2 0 -0.584963 232 229
84745866495 127118799743 1 0 7 0 -0.584963 205 203
56498922523 127122575679 8 6 2 1 -1.169925 238 236
84868793727 127303190591 1 0 6 0 -0.584963 232 230
100625723643 127354431487 4 0 2 0 -0.339850 210 206
113207286555 127358197375 2 0 2 0 -0.169925 219 217
119324310523 127422981991 7 0 2 0 -0.094738 208 201
50341623579 127427234687 4 0 2 0 -1.339850 218 209
14929915519 127545801727 7 0 7 0 -3.094738 217 206
19920945819 127638013211 8 0 7 0 -2.679700 218 210
85110972463 127666458695 1 0 3 0 -0.584963 205 203
83979793051 127688327407 13 0 2 0 -0.604513 246 232
85131765759 127697648639 1 0 10 0 -0.584963 210 208
85153952959 127730929439 1 0 5 0 -0.584963 281 280
85154964927 127732447391 1 0 5 0 -0.584963 222 220
113596918363 127796533159 2 0 2 0 -0.169925 234 232
85313009823 127969514735 1 0 4 0 -0.584963 210 209
85327963695 127991945543 1 0 3 0 -0.584963 286 285
56892118143 128007265823 2 0 5 0 -1.169925 205 202
113816797435 128043897115 2 0 5 0 -0.169925 241 239
113835484411 128064919963 2 0 5 0 -0.169925 203 201
85413944959 128120917439 1 0 6 0 -0.584963 211 210
85457403903 128186105855 1 0 14 0 -0.584963 210 209
80029381791 128191595199 15 7 5 4 -0.679700 213 203
57001726911 128253885551 2 0 4 0 -1.169925 263 243
114023220891 128276123503 2 0 2 0 -0.169925 235 233
76078594791 128382628711 3 0 7 0 -0.754888 250 246
85598887167 128398330751 1 0 7 0 -0.584963 208 206
33833080047 128459975807 5 0 4 0 -1.924813 232 227
42248311387 128474148863 13 0 2 0 -1.604513 220 207
114458996251 128766370783 2 0 2 0 -0.169925 222 220
67932700839 128965986751 5 0 3 0 -0.924813 220 214
72556032111 128988501531 5 7 2 1 -0.830075 209 211
76439393307 128991476207 3 0 2 0 -0.754888 221 218
86013992959 129020989439 1 0 12 0 -0.584963 225 223
57349176831 129035647871 2 0 7 0 -1.169925 210 207
57362353819 129065296095 7 5 2 1 -1.169925 248 242
51038540271 129191305063 4 0 3 0 -1.339850 205 201
68152793415 129383818751 5 0 3 0 -0.924813 229 224
86281643455 129422465183 1 0 5 0 -0.584963 225 210
115266930459 129675296767 2 0 2 0 -0.169925 216 214
26985937563 129678761983 9 0 2 0 -2.264663 220 203
86470226791 129705340187 1 0 2 0 -0.584963 213 212
87650655231 129706364571 1 12 2 1 -0.565412 222 230
76898693287 129766544923 3 0 2 0 -0.754888 234 229
123191844891 129782355111 3 8 2 1 -0.075187 201 206
86540291839 129810437759 1 0 7 0 -0.584963 203 202
51286934811 129820053743 4 0 2 0 -1.339850 217 205
76984172827 129910791647 3 0 2 0 -0.754888 213 210
57001726911 130003687271 14 0 3 0 -1.189475 263 231
20306699199 130109622511 8 0 4 0 -2.679700 213 203
86757843439 130136765159 1 0 3 0 -0.584963 231 229
69532875199 130227095023 7 14 4 3 -0.905262 212 217
75142373887 130286365979 27 0 2 0 -0.793988 248 221
115821954331 130299698623 2 0 2 0 -0.169925 221 217
24124255335 130418074343 11 0 7 0 -2.434588 232 220
34359740187 130459638527 5 0 2 0 -1.924813 241 225
58017972891 130540439007 7 5 2 1 -1.169925 209 206
38681225215 130549135103 3 0 8 0 -1.754888 213 205
38686729663 130567712615 3 0 3 0 -1.754888 219 215
58098114559 130720757759 2 0 11 0 -1.169925 259 255
58116887791 130762997531 2 0 2 0 -1.169925 217 213
51698716315 130862375675 4 0 5 0 -1.339850 207 203
87295509919 130943264879 1 0 4 0 -0.584963 215 211
124338793599 130990663215 8 13 4 3 -0.075187 212 217
65544600295 131089200591 4 4 3 2 -1.000000 205 205
65584312167 131168624335 4 4 3 2 -1.000000 215 215
58299789423 131174526203 2 0 2 0 -1.169925 217 210
85153952959 131240038887 29 4 3 2 -0.624063 281 256
87550075519 131325113279 1 0 6 0 -0.584963 212 205
87554367615 131331551423 1 0 6 0 -0.584963 213 211
87605592175 131408388263 1 0 3 0 -0.584963 210 209
97236309735 131417240607 17 6 3 2 -0.434588 239 228
95948601087 131446086895 36 13 4 3 -0.454138 231 208
87650655231 131475982847 1 0 9 0 -0.584963 222 218
9002256379 131549473919 22 0 2 0 -3.869175 232 203
96301422015 131654239999 1 31 6 1 -0.451125 220 250
58524169087 131679380447 2 0 5 0 -1.169925 230 226
65920646815 131841293631 6 6 5 4 -1.000000 202 201
87914038431 131871057647 1 0 4 0 -0.584963 207 206
87934507455 131901761183 1 0 5 0 -0.584963 212 211
114192416511 131995785243 34 8 2 1 -0.209025 233 207
82449885255 132068773723 8 0 2 0 -0.679700 241 232
66063773343 132127546687 6 6 5 4 -1.000000 215 212
117516910875 132206524735 2 0 2 0 -0.169925 217 210
117537154075 132229298335 2 0 2 0 -0.169925 225 222
78365724519 132242160127 3 0 3 0 -0.754888 205 202
66138655903 132277311807 6 6 5 4 -1.000000 208 206
45836792559 132308249087 18 0 4 0 -1.529325 236 217
52292621671 132365698607 4 0 3 0 -1.339850 238 234
88256047215 132384070823 1 0 3 0 -0.584963 206 205
106160009631 132550342767 6 14 4 3 -0.320300 224 232
78603447835 132643318223 3 0 2 0 -0.754888 204 201
88467374751 132701062127 1 0 4 0 -0.584963 219 217
78720181531 132840306335 3 0 2 0 -0.754888 225 222
59111517423 133000914203 2 0 2 0 -1.169925 209 204
52549294875 133015402655 4 0 2 0 -1.339850 211 207
78839942247 133042402543 3 0 3 0 -0.754888 226 211
59148225775 133083507995 2 0 2 0 -1.169925 203 201
93502276639 133131171231 12 6 7 5 -0.509775 208 202
94856814639 133241945391 5 11 8 5 -0.490225 219 225
88843748031 133265622047 1 0 5 0 -0.584963 218 213
88904985087 133357477631 1 0 8 0 -0.584963 210 208
118605968667 133431714751 2 0 2 0 -0.169925 215 210
84448184091 133448982267 3 7 5 3 -0.660150 203 201
59313789087 133456025447 2 0 3 0 -1.169925 205 202
66744856191 133489712383 8 8 7 6 -1.000000 208 208
89039565279 133559347919 1 0 4 0 -0.584963 220 210
62558371359 133608552895 7 0 5 0 -1.094738 221 214
89087917311 133631875967 1 0 7 0 -0.584963 203 202
84572342511 133645183227 5 9 2 1 -0.660150 215 218
59436135663 133731305243 2 0 2 0 -1.169925 236 234
70451273895 133747340287 5 0 3 0 -0.924813 230 225
89183859711 133775789567 1 0 9 0 -0.584963 217 216
44001380847 133805110015 30 17 4 3 -1.604513 228 214
39659107743 133849488635 3 0 2 0 -1.754888 205 201
59497004143 133868259323 2 0 2 0 -1.169925 229 223
89288235759 133932353639 1 0 3 0 -0.584963 212 211
89320147839 133980221759 1 0 6 0 -0.584963 206 203
59575462047 134044789607 2 0 3 0 -1.169925 231 229
89369358063 134054037095 1 0 3 0 -0.584963 227 220
29393198319 134073978783 20 6 4 3 -2.189475 228 214
52976088303 134095723519 4 0 4 0 -1.339850 225 220
67096150887 134192301775 4 4 3 2 -1.000000 241 239
9322079871 134389524991 10 0 7 0 -3.849625 223 203
125862915823 134405369583 12 5 15 5 -0.094738 218 211
79655628135 134418872479 3 0 3 0 -0.754888 271 268
119529745659 134470963867 2 0 5 0 -0.169925 243 241
67248549631 134497099263 9 9 8 7 -1.000000 244 239
54516371871 134585592943 33 0 4 0 -1.303763 273 233
59859330559 134683493759 2 0 7 0 -1.169925 210 208
89798565535 134697848303 1 0 4 0 -0.584963 217 216
106446874951 134721826111 4 0 3 0 -0.339850 218 214
89861922975 134792884463 1 0 4 0 -0.584963 208 203
67405499631 134810999263 5 5 4 3 -1.000000 217 215
89892228655 134838342983 1 0 3 0 -0.584963 206 205
85327963695 134839251271 5 9 3 2 -0.660150 286 290
69132312667 134848980527 29 0 2 0 -0.963913 237 208
79953997671 134922371071 3 0 3 0 -0.754888 214 210
67544316351 135088632703 7 7 6 5 -1.000000 229 228
90060504423 135090756635 1 0 2 0 -0.584963 205 203
90064809471 135097214207 1 0 8 0 -0.584963 204 203
114023220891 135138632167 3 6 2 1 -0.245112 235 238
47487353499 135227658991 6 0 2 0 -1.509775 217 206
90160671231 135241006847 1 0 8 0 -0.584963 216 215
90180755503 135271133255 1 0 3 0 -0.584963 227 226
106889612271 135282165531 7 3 2 1 -0.339850 224 220
53455667311 135309657883 4 0 2 0 -1.339850 225 221
120328450651 135369506983 2 0 2 0 -0.169925 207 205
120377776123 135424998139 2 0 8 0 -0.169925 234 232
60194398719 135437397119 2 0 7 0 -1.169925 227 223
100258148655 135501329499 14 3 2 1 -0.434588 214 203
90363249511 135544874267 1 0 2 0 -0.584963 222 215
90364262895 135546394343 1 0 3 0 -0.584963 211 201
90371886951 135557830427 1 0 2 0 -0.584963 211 210
90381294831 135571942247 1 0 3 0 -0.584963 223 222
90382740159 135574110239 1 0 5 0 -0.584963 210 208
44001380847 135630648559 25 0 8 0 -1.624063 228 202
114474107391 135673016167 10 13 3 2 -0.245112 214 217
90463106287 135694659431 1 0 3 0 -0.584963 213 211
26446967911 135714441423 20 4 3 2 -2.359400 232 215
95329535995 135732874495 6 0 2 0 -0.509775 216 205
40218065055 135735969563 3 0 2 0 -1.754888 246 242
90508995687 135763493531 1 0 2 0 -0.584963 203 202
127171609435 135802885663 7 0 2 0 -0.094738 215 208
90557727231 135836590847 1 0 8 0 -0.584963 206 205
53671150875 135855100655 4 0 2 0 -1.339850 218 214
122455482651 135908186607 1 11 2 1 -0.150375 218 228
90628931583 135943397375 1 0 13 0 -0.584963 225 223
90634981375 135952472063 1 0 11 0 -0.584963 220 218
95506530375 135984884071 6 0 5 0 -0.509775 210 203
129079879423 135985387375 1 6 4 1 -0.075187 204 209
47771945967 136038080511 19 13 4 3 -1.509775 218 212
107533188847 136096692135 8 4 3 2 -0.339850 215 210
134344600815 136177499775 20 8 4 3 -0.019550 232 220
90847292655 136270938983 1 0 3 0 -0.584963 243 242
90862336447 136293504671 1 0 5 0 -0.584963 229 228
90873421039 136310131559 1 0 3 0 -0.584963 205 204
85153952959 136400167327 8 0 5 0 -0.679700 281 273
107828129863 136469976859 4 0 2 0 -0.339850 211 207
68256151711 136512303423 6 6 5 4 -1.000000 206 206
80923673691 136558699355 3 0 8 0 -0.754888 208 204
53951784807 136565455295 4 0 3 0 -1.339850 208 203
97243604607 136594583151 1 7 4 1 -0.490225 253 259
42166446823 136642363887 7 40 3 2 -1.696237 207 232
121488264219 136674297247 2 0 2 0 -0.169925 217 215
91186456815 136779685223 1 0 3 0 -0.584963 203 202
68424515199 136849030399 8 8 7 6 -1.000000 203 203
56965661679 136871962751 9 0 4 0 -1.264663 232 219
81124935847 136898329243 3 0 2 0 -0.754888 210 203
121693642587 136905347911 2 0 2 0 -0.169925 238 236
60871641327 136961192987 2 0 2 0 -1.169925 244 233
68525670895 137051341791 5 5 4 3 -1.000000 205 205
91399239423 137098859135 1 0 7 0 -0.584963 206 205
108333714171 137109856999 4 0 2 0 -0.339850 243 239
121896687387 137133773311 2 0 2 0 -0.169925 218 216
68615214847 137230429695 9 9 8 7 -1.000000 227 225
82434428571 137235754479 3 12 2 1 -0.735337 215 224
68623946991 137247893983 5 5 4 3 -1.000000 214 212
48197316859 137249390591 6 0 2 0 -1.509775 212 203
91501132519 137251698779 1 0 2 0 -0.584963 202 201
135416718363 137264244507 14 2 8 2 -0.019550 228 216
54247191279 137313202927 4 0 14 0 -1.339850 208 202
40733169823 137474448155 3 0 2 0 -1.754888 208 203
77340169455 137493634587 5 7 2 1 -0.830075 205 201
108695122171 137567263999 4 0 2 0 -0.339850 211 207
122327205147 137618105791 2 0 2 0 -0.169925 259 253
40779675807 137631405851 3 0 2 0 -1.754888 221 208
68820944895 137641889791 12 12 11 10 -1.000000 233 233
122455482651 137762417983 2 0 2 0 -0.169925 218 216
68910417127 137820834255 4 4 3 2 -1.000000 213 210
91883399271 137825098907 1 0 2 0 -0.584963 240 235
91946836287 137920254431 1 0 5 0 -0.584963 220 218
81733714791 137925643711 3 0 3 0 -0.754888 213 209
27249956079 137952902655 13 9 4 3 -2.339850 217 213
40881398631 137974720383 10 7 3 2 -1.754888 230 220
61345241883 138026794239 10 8 2 1 -1.169925 223 217
92081238015 138121857023 1 0 11 0 -0.584963 216 215
129381430975 138162690207 8 1 5 1 -0.094738 217 210
92109115239 138163672859 1 0 2 0 -0.584963 202 201
116608196031 138202306407 7 10 3 2 -0.245112 208 211
27304637679 138229728255 14 10 4 3 -2.339850 218 213
123007526683 138383467519 2 0 2 0 -0.169925 220 218
69208122087 138416244175 4 4 3 2 -1.000000 222 222
82025028775 138417236059 3 0 2 0 -0.754888 222 215
53953732251 138433650687 29 13 2 1 -1.359400 259 242
115249367487 138455401627 12 3 2 1 -0.264663 222 213
92306917887 138460376831 1 0 8 0 -0.584963 214 211
82071491227 138495641447 3 0 2 0 -0.754888 230 211
77906355135 138500186907 7 9 2 1 -0.830075 216 218
107997117211 138548665447 27 11 2 1 -0.359400 218 202
69274387303 138548774607 4 4 3 2 -1.000000 203 203
82127893735 138590820679 3 0 5 0 -0.754888 216 209
123196068507 138595577071 2 0 2 0 -0.169925 209 207
92419725567 138629588351 1 0 7 0 -0.584963 204 203
123262172955 138669944575 2 0 2 0 -0.169925 205 203
118605968667 138678016047 9 24 2 1 -0.225562 215 227
86757843439 138679406235 5 50 2 1 -0.676687 231 275
92453720767 138680581151 1 0 5 0 -0.584963 232 229
82209172839 138727979167 3 0 3 0 -0.754888 206 203
77052745407 138851549183 10 0 6 0 -0.849625 222 212
135183376383 138897224431 29 5 4 3 -0.039100 225 201
69459912831 138919825663 8 8 7 6 -1.000000 215 211
78166805919 138963210523 6 8 2 1 -0.830075 218 205
92667816447 139001724671 1 0 8 0 -0.584963 211 208
105700945255 139037665983 23 36 3 2 -0.395487 217 225
130227095023 139065750399 8 1 4 1 -0.094738 217 210
68615214847 139102700783 12 0 4 0 -1.019550 227 213
54959198703 139115471719 4 0 3 0 -1.339850 222 217
57923207931 139172668671 17 8 2 1 -1.264663 250 241
69670454511 139340909023 5 5 4 3 -1.000000 233 233
69765033087 139530066175 8 8 7 6 -1.000000 212 212
93083073951 139624610927 1 0 4 0 -0.584963 211 210
124266929691 139800295903 2 0 2 0 -0.169925 225 222
93242846367 139864269551 1 0 4 0 -0.584963 207 206
100950092479 139892364379 7 25 2 1 -0.470675 238 256
62176972959 139898189159 2 0 3 0 -1.169925 222 217
27668381695 140071182335 4 0 13 0 -2.339850 212 208
70041560511 140083121023 7 7 6 5 -1.000000 207 207
62287752831 140147443871 2 0 5 0 -1.169925 251 249
93484908543 140227362815 1 0 14 0 -0.584963 203 202
87554367615 140245167463 8 0 3 0 -0.679700 213 204
93502276639 140253414959 1 0 4 0 -0.584963 208 207
70129396839 140258793679 4 4 3 2 -1.000000 249 219
93513482943 140270224415 1 0 5 0 -0.584963 237 235
70141259775 140282519551 13 13 12 11 -1.000000 287 272
99870534687 140284537063 1 7 3 1 -0.490225 319 323
124722255643 140312537599 2 0 2 0 -0.169925 239 237
16426546971 140331477455 7 0 2 0 -3.094738 216 207
110924426491 140388727279 4 0 2 0 -0.339850 206 202
93614638111 140421957167 1 0 4 0 -0.584963 241 239
70297824103 140595648207 4 4 3 2 -1.000000 208 207
111134890311 140655095551 4 0 3 0 -0.339850 247 243
83359368987 140668935167 3 0 2 0 -0.754888 244 241
21956707359 140681598623 8 0 7 0 -2.679700 229 218
125190582523 140839405339 2 0 5 0 -0.169925 230 228
62655184383 140974164863 2 0 7 0 -1.169925 207 205
24792582303 141201503903 6 0 9 0 -2.509775 214 208
37200766623 141246660775 5 0 3 0 -1.924813 224 219
70627788223 141255576447 7 7 6 5 -1.000000 208 206
27903311871 141260516351 4 0 10 0 -2.339850 208 203
62785756159 141267951359 2 0 8 0 -1.169925 215 213
49635397275 141344549275 6 0 8 0 -1.509775 208 202
94590199231 141885298847 1 0 5 0 -0.584963 205 204
63062355711 141890300351 2 0 6 0 -1.169925 218 204
94618336255 141927504383 1 0 9 0 -0.584963 217 216
112156965627 141948659623 4 0 2 0 -0.339850 220 205
71000141983 142000283967 6 6 5 4 -1.000000 232 231
107984982975 142042059867 7 20 2 1 -0.395487 211 220
112312195399 142145122303 4 0 3 0 -0.339850 258 253
126449399067 142255573951 2 0 2 0 -0.169925 205 203
94856814639 142285221959 1 0 3 0 -0.584963 219 218
63255495295 142324864415 2 0 5 0 -1.169925 240 238
37485614107 142328191067 5 0 6 0 -1.924813 227 222
94894190319 142341285479 1 0 3 0 -0.584963 212 210
90160671231 142476122439 10 14 3 2 -0.660150 216 217
95071904487 142607856731 1 0 2 0 -0.584963 244 239
126766784283 142612632319 2 0 2 0 -0.169925 282 280
126851377915 142707800155 2 0 5 0 -0.169925 205 203
95145648879 142718473319 1 0 3 0 -0.584963 266 263
95176782847 142765174271 1 0 9 0 -0.584963 209 208
71390387199 142780774399 11 11 10 9 -1.000000 211 211
95198871295 142798306943 1 0 7 0 -0.584963 203 202
95220356335 142830534503 1 0 3 0 -0.584963 205 204
95293908639 142940862959 1 0 4 0 -0.584963 229 228
82449885255 142956568575 28 1 3 1 -0.793988 241 213
84739305319 142997577727 3 0 3 0 -0.754888 232 227
42372933247 143008649711 3 0 4 0 -1.754888 206 201
56498922523 143012897639 4 0 2 0 -1.339850 238 234
95357997727 143036996591 1 0 4 0 -0.584963 224 223
95434954143 143152431215 1 0 4 0 -0.584963 220 213
95449150911 143173726367 1 0 5 0 -0.584963 208 207
42434396863 143216089415 3 0 3 0 -1.754888 238 228
28317163263 143355639023 4 0 4 0 -2.339850 216 207
95589516783 143384275175 1 0 3 0 -0.584963 229 220
127498205275 143435480935 2 0 2 0 -0.169925 246 241
71735143455 143470286911 6 6 5 4 -1.000000 210 207
125862915823 143527609023 21 7 4 3 -0.189475 218 204
19920945819 143592764863 10 0 2 0 -2.849625 218 208
63826288639 143609149439 2 0 11 0 -1.169925 233 215
71840775279 143681550559 5 5 4 3 -1.000000 209 207
95919143407 143878715111 1 0 3 0 -0.584963 209 208
103626328575 143901150207 46 11 9 8 -0.473688 263 228
95948601087 143922901631 1 0 7 0 -0.584963 231 230
74835960559 144009711519 18 1 4 1 -0.944363 220 203
113816797435 144049384255 4 0 2 0 -0.339850 241 237
109557812223 144110939263 11 24 7 6 -0.395487 212 225
96081144319 144121716479 1 0 8 0 -0.584963 210 209
59991190695 144141431455 9 0 3 0 -1.264663 226 213
96163422703 144245134055 1 0 3 0 -0.584963 206 205
72149446503 144298893007 4 4 3 2 -1.000000 247 247
72208737727 144417475455 7 7 6 5 -1.000000 204 203
96301422015 144452133023 1 0 5 0 -0.584963 220 219
96380998047 144571497071 1 0 4 0 -0.584963 269 268
86849104123 144585248383 5 14 2 1 -0.735337 226 234
135416718363 144607599151 15 8 2 1 -0.094738 228 221
97772943519 144685433599 6 17 5 4 -0.565412 217 222
64383185391 144862167131 2 0 2 0 -1.169925 224 218
139388992543 144869523567 1 18 4 1 -0.055637 211 228
128988501531 145112064223 2 0 2 0 -0.169925 211 209
114671838447 145131545535 11 7 4 3 -0.339850 224 220
43006996479 145148613119 3 0 9 0 -1.754888 225 221
25488523035 145165103855 6 0 2 0 -2.509775 213 205
96777644191 145166466287 1 0 4 0 -0.584963 208 207
57362353819 145198458107 4 0 5 0 -1.339850 248 240
129117631771 145257335743 2 0 2 0 -0.169925 235 233
72635087871 145270175743 11 11 10 9 -1.000000 207 204
81733714791 145304381851 4 6 2 1 -0.830075 213 214
96893669871 145340504807 1 0 3 0 -0.584963 217 208
43127939583 145556796095 3 0 6 0 -1.754888 225 222
72784342015 145568684031 11 11 10 9 -1.000000 202 202
72794366911 145588733823 7 7 6 5 -1.000000 211 211
129439306395 145619219695 2 0 2 0 -0.169925 216 214
97087848687 145631773031 1 0 3 0 -0.584963 234 232
129531234075 145722638335 2 0 2 0 -0.169925 219 217
72908092143 145816184287 5 5 4 3 -1.000000 270 270
97236309735 145854464603 1 0 2 0 -0.584963 239 238
97243604607 145865406911 1 0 6 0 -0.584963 253 252
64837648383 145884708863 2 0 19 0 -1.169925 215 212
64839380991 145888607231 2 0 10 0 -1.169925 203 201
76898693287 145987363039 5 0 3 0 -0.924813 234 227
133388553855 146049746847 1 23 5 1 -0.130825 218 240
97392547263 146088820895 1 0 5 0 -0.584963 238 237
43303597215 146149640603 3 0 2 0 -1.754888 214 208
97455994095 146183991143 1 0 3 0 -0.584963 230 229
97464437151 146196655727 1 0 4 0 -0.584963 211 210
73113511039 146227022079 8 8 7 6 -1.000000 210 208
97515546159 146273319239 1 0 3 0 -0.584963 217 216
105576224859 146303062783 6 24 2 1 -0.470675 210 213
97609842687 146414764031 1 0 24 0 -0.584963 222 220
98968161535 146454129831 1 12 3 1 -0.565412 208 218
21407990427 146475440847 19 4 2 1 -2.774438 261 241
17153803711 146544409055 7 0 5 0 -3.094738 227 218
75142373887 146572161727 29 0 6 0 -0.963913 248 219
97772943519 146659415279 1 0 4 0 -0.584963 217 210
103100292955 146797096807 6 0 2 0 -0.509775 225 217
58017972891 146857993883 4 0 10 0 -1.339850 209 204
97925045247 146887567871 1 0 9 0 -0.584963 208 205
97945404447 146918106671 1 0 4 0 -0.584963 234 233
29049057279 147060852479 4 0 8 0 -2.339850 263 253
130724861019 147065468647 2 0 2 0 -0.169925 203 201
58116887791 147108372223 4 0 4 0 -1.339850 217 211
68910417127 147174885019 7 0 2 0 -1.094738 213 203
98189084775 147283627163 1 0 2 0 -0.584963 207 206
130967897371 147338884543 2 0 2 0 -0.169925 208 206
65492687743 147358547423 2 0 5 0 -1.169925 210 205
116441856327 147371724415 4 0 3 0 -0.339850 213 209
98285524527 147428286791 1 0 3 0 -0.584963 207 205
87377641243 147449769599 3 0 2 0 -0.754888 243 240
73725590527 147451181055 11 11 10 9 -1.000000 225 222
116590723399 147560134303 4 0 3 0 -0.339850 212 208
58299789423 147571341979 4 0 2 0 -1.339850 217 205
98396876799 147595315199 1 0 11 0 -0.584963 222 221
77790594607 147680581951 5 0 4 0 -0.924813 210 204
29176776943 147707433279 10 6 4 3 -2.339850 225 205
73857990175 147715980351 6 6 5 4 -1.000000 232 231
73887196399 147774392799 5 5 4 3 -1.000000 241 240
98591471359 147887207039 1 0 7 0 -0.584963 204 203
131456037915 147888042655 2 0 2 0 -0.169925 203 201
133474032639 148137211519 1 11 7 1 -0.150375 201 211
29262084543 148139303003 4 0 2 0 -2.339850 230 224
74127023103 148254046207 11 11 10 9 -1.000000 211 211
117145391943 148262136679 4 0 5 0 -0.339850 226 222
69459912831 148348466175 8 1 7 1 -1.094738 215 204
98918586991 148377880487 1 0 3 0 -0.584963 220 219
98922659839 148383989759 1 0 21 0 -0.584963 202 201
98930314879 148395472319 1 0 6 0 -0.584963 222 221
98968161535 148452242303 1 0 7 0 -0.584963 208 206
131995785243 148495258399 2 0 2 0 -0.169925 207 205
95071904487 148524763647 38 1 3 1 -0.643613 244 203
82449885255 148577370439 10 0 8 0 -0.849625 241 229
66063773343 148643490023 2 0 3 0 -1.169925 215 210
99110267391 148665401087 1 0 8 0 -0.584963 254 253
66103262367 148732340327 2 0 3 0 -1.169925 219 208
99175284847 148762927271 1 0 3 0 -0.584963 206 205
74388845295 148777690591 5 5 4 3 -1.000000 223 222
125532504735 148779264871 6 9 3 2 -0.245112 226 229
66138655903 148811975783 2 0 3 0 -1.169925 208 204
99266356783 148899535175 1 0 3 0 -0.584963 209 206
99270046959 148905070439 1 0 3 0 -0.584963 233 232
99333978271 149000967407 1 0 4 0 -0.584963 229 227
99358951935 149038427903 1 0 8 0 -0.584963 245 244
141536410983 149108317743 4 9 3 2 -0.075187 207 212
74569166847 149138333695 13 13 12 11 -1.000000 246 246
74613658095 149227316191 5 5 4 3 -1.000000 207 205
83987887551 149311800091 7 9 2 1 -0.830075 337 328
99559849407 149339774111 1 0 5 0 -0.584963 202 201
99616111335 149424167003 1 0 2 0 -0.584963 202 201
99661224927 149491837391 1 0 4 0 -0.584963 217 216
99670490751 149505736127 1 0 6 0 -0.584963 202 201
106455484575 149534178607 6 12 4 3 -0.490225 210 215
106511887519 149613405787 1 7 2 1 -0.490225 228 234
59111517423 149626028479 4 0 4 0 -1.339850 209 202
74835960559 149671921119 5 5 4 3 -1.000000 220 220
21879934495 149704525595 15 0 2 0 -2.774438 242 223
88769674779 149798826191 3 0 2 0 -0.754888 210 205
99870534687 149805802031 1 0 4 0 -0.584963 319 316
80029381791 149885847195 6 13 2 1 -0.905262 213 218
118592969031 150094226431 4 0 3 0 -0.339850 215 211
66744856191 150175926431 2 0 5 0 -1.169925 208 205
100167889951 150251834927 1 0 4 0 -0.584963 215 214
133645183227 150350831131 2 0 5 0 -0.169925 218 216
100244565231 150366847847 1 0 3 0 -0.584963 208 207
75214136991 150428273983 6 6 5 4 -1.000000 205 205
111303956127 150430007295 26 15 5 4 -0.434588 212 201
59436135663 150447718399 4 0 4 0 -1.339850 236 229
66873670143 150465757823 2 0 7 0 -1.169925 225 222
44591929855 150497763263 3 0 6 0 -1.754888 229 214
100339216383 150508824575 1 0 11 0 -0.584963 203 202
100346494975 150519742463 1 0 16 0 -0.584963 290 287
66905085723 150536442879 12 10 2 1 -1.169925 247 231
133817899803 150545137279 2 0 2 0 -0.169925 205 203
118956660039 150554522863 4 0 3 0 -0.339850 220 215
75281885695 150563771391 10 10 9 8 -1.000000 234 234
59497004143 150601791739 4 0 2 0 -1.339850 229 221
107235057663 150629216799 1 7 5 1 -0.490225 206 212
100443041215 150664561823 1 0 5 0 -0.584963 203 202
128866479975 150674944767 4 19 3 2 -0.225562 241 256
29768671231 150703898111 4 0 9 0 -2.339850 243 211
16522112167 150727749479 14 0 6 0 -3.189475 217 201
59551549767 150739860351 11 7 3 2 -1.339850 216 208
100527527583 150791291375 1 0 4 0 -0.584963 230 229
75404549887 150809099775 9 9 8 7 -1.000000 217 217
90628931583 150877855515 2 11 2 1 -0.735337 225 233
117653714367 150937039167 17 1 7 1 -0.359400 221 205
75504812031 151009624063 21 21 20 19 -1.000000 265 209
143359887471 151029346471 5 10 3 2 -0.075187 203 208
20956802079 151059351323 10 0 2 0 -2.849625 241 231
59709835035 151140519935 4 0 2 0 -1.339850 228 221
29859831039 151165394639 4 0 4 0 -2.339850 216 209
100793453551 151190180327 1 0 3 0 -0.584963 202 201
100817544639 151226316959 1 0 5 0 -0.584963 223 222
119529745659 151279834351 4 0 2 0 -0.339850 243 239
67248549631 151309236671 2 0 6 0 -1.169925 244 234
100875932287 151313898431 1 0 6 0 -0.584963 204 201
85154964927 151386604315 7 9 2 1 -0.830075 222 223
100950092479 151425138719 1 0 5 0 -0.584963 238 237
44279381631 151481802239 15 0 7 0 -1.774438 229 214
29929665279 151518930479 4 0 4 0 -2.339850 210 205
44299833855 151551770239 15 0 7 0 -1.774438 224 206
67360913055 151562054375 2 0 3 0 -1.169925 214 212
67405499631 151662374171 2 0 2 0 -1.169925 217 213
85313009823 151667573019 6 8 2 1 -0.830075 210 212
59925710619 151686955007 4 0 2 0 -1.339850 236 232
67417462783 151689291263 2 0 9 0 -1.169925 212 208
80029381791 151930779495 9 4 3 2 -0.924813 213 206
67544316351 151974711791 2 0 4 0 -1.169925 229 226
90060504423 151977101215 3 0 3 0 -0.754888 205 201
45032404735 151984365983 3 0 5 0 -1.754888 204 201
60056055579 152016890687 4 0 2 0 -1.339850 210 203
1827397567 152085685503 36 8 6 5 -6.378950 273 236
101424615039 152136922559 1 0 6 0 -0.584963 245 244
26714480799 152147316431 6 0 4 0 -2.509775 209 203
76078594791 152157189583 4 4 3 2 -1.000000 250 249
101451292095 152176938143 1 0 5 0 -0.584963 210 209
135282165531 152192436223 2 0 2 0 -0.169925 220 218
101461706751 152192560127 1 0 10 0 -0.584963 203 202
53455667311 152223365119 6 0 4 0 -1.509775 225 217
101482746751 152224120127 1 0 6 0 -0.584963 207 205
135316244251 152230774783 2 0 2 0 -0.169925 205 203
67705429659 152337216735 7 5 2 1 -1.169925 207 203
135416718363 152343808159 2 0 2 0 -0.169925 228 226
135501329499 152438995687 2 0 2 0 -0.169925 203 201
90363249511 152487983551 3 0 3 0 -0.754888 222 213
90371886951 152502559231 3 0 3 0 -0.754888 211 208
76272148479 152544296959 14 14 13 12 -1.000000 206 205
120556044615 152578743967 4 0 3 0 -0.339850 208 204
127011225247 152585568027 10 1 2 1 -0.264663 239 230
101798093311 152697139967 1 0 8 0 -0.584963 203 202
40218065055 152702965759 5 0 5 0 -1.924813 246 240
47771945967 153042840575 8 0 4 0 -1.679700 218 210
76551595135 153103190271 8 8 7 6 -1.000000 229 226
102077080543 153115620815 1 0 4 0 -0.584963 205 204
95589516783 153115922759 8 0 3 0 -0.679700 229 213
76589658223 153179316447 5 5 4 3 -1.000000 210 210
122752703487 153267816943 11 19 4 3 -0.320300 203 211
26929330335 153370951679 6 0 5 0 -2.509775 215 204
138202306407 153384923583 4 14 3 2 -0.150375 211 221
102272549887 153408824831 1 0 9 0 -0.584963 207 205
145711079583 153506322523 6 11 2 1 -0.075187 213 218
107828129863 153528723967 6 0 3 0 -0.509775 211 205
102378081439 153567122159 1 0 4 0 -0.584963 235 229
68256151711 153576341351 2 0 3 0 -1.169925 206 204
26985937563 153693347535 10 4 2 1 -2.509775 220 206
102617530399 153926295599 1 0 4 0 -0.584963 215 208
96116393115 153959876767 8 0 2 0 -0.679700 211 203
102704811327 154057216991 1 0 5 0 -0.584963 205 204
60871641327 154081342111 4 0 4 0 -1.339850 244 231
102736773231 154105159847 1 0 3 0 -0.584963 225 224
68525670895 154182759515 2 0 2 0 -1.169925 205 203
102904854175 154357281263 1 0 4 0 -0.584963 224 223
30087419815 154395671663 16 0 3 0 -2.359400 225 208
68623946991 154403880731 2 0 2 0 -1.169925 214 210
135416718363 154422275071 14 0 2 0 -0.189475 228 214
102948972159 154423458239 1 0 6 0 -0.584963 220 210
103097353455 154646030183 1 0 3 0 -0.584963 210 209
40733169823 154658754175 5 0 5 0 -1.924813 208 201
68783631999 154763171999 2 0 5 0 -1.169925 207 205
40779675807 154835331583 5 0 5 0 -1.924813 221 205
68820944895 154847126015 2 0 9 0 -1.169925 233 231
145019924199 154862585071 8 1 3 1 -0.094738 210 203
130724861019 154933168615 3 6 2 1 -0.245112 203 206
100527527583 154933930495 25 0 5 0 -0.624063 230 205
68881208991 154982720231 2 0 3 0 -1.169925 216 214
91883399271 155053236271 3 0 3 0 -0.754888 240 233
98149250175 155100049659 8 12 2 1 -0.660150 204 205
103414696831 155122045247 1 0 6 0 -0.584963 217 216
18162338031 155160286235 7 0 2 0 -3.094738 233 216
27249956079 155197015487 6 0 4 0 -2.509775 217 211
61345241883 155280143519 4 0 2 0 -1.339850 223 215
40936687855 155431486703 5 0 10 0 -1.924813 211 205
103626328575 155439492863 1 0 8 0 -0.584963 263 262
27304637679 155508444287 6 0 4 0 -2.509775 218 210
103737368575 155606052863 1 0 12 0 -0.584963 216 215
69191733759 155681400959 2 0 7 0 -1.169925 226 216
82025028775 155719390567 5 0 6 0 -0.924813 222 213
53953732251 155737857023 18 0 2 0 -1.529325 259 240
77877582847 155755165695 11 11 10 9 -1.000000 213 213
138455401627 155762326831 2 0 2 0 -0.169925 213 211
138500186907 155812710271 2 0 2 0 -0.169925 218 216
103878870271 155818305407 1 0 7 0 -0.584963 222 221
103970375071 155955562607 1 0 4 0 -0.584963 234 233
24340997679 155958286895 8 0 10 0 -2.679700 211 201
138679406235 156014332015 2 0 2 0 -0.169925 275 273
61652574055 156058078079 4 0 3 0 -1.339850 222 210
97464437151 156119182655 8 0 5 0 -0.679700 211 203
92525009691 156135953855 3 0 2 0 -0.754888 207 204
78077100063 156154200127 6 6 5 4 -1.000000 207 206
104141057895 156211586843 1 0 2 0 -0.584963 235 234
138864302875 156222340735 2 0 2 0 -0.169925 209 205
69459912831 156284803871 2 0 5 0 -1.169925 215 209
138963210523 156333611839 2 0 2 0 -0.169925 205 203
111303956127 156344651679 6 12 8 6 -0.490225 212 218
69532875199 156448969199 2 0 4 0 -1.169925 212 208
95071904487 156470532895 33 1 3 1 -0.718800 244 208
57923207931 156569252255 11 0 2 0 -1.434588 250 239
41257848679 156650894207 5 0 3 0 -1.924813 229 218
78341557375 156683114751 8 8 7 6 -1.000000 205 204
104480171647 156720257471 1 0 6 0 -0.584963 235 205
78365724519 156731449039 4 4 3 2 -1.000000 205 205
104493085167 156739627751 1 0 3 0 -0.584963 213 210
69670454511 156758522651 2 0 2 0 -1.169925 233 231
104552853999 156829280999 1 0 3 0 -0.584963 203 201
123967182063 156895964799 12 8 4 3 -0.339850 266 258
104609540095 156914310143 1 0 10 0 -0.584963 205 201
69765033087 156971324447 2 0 5 0 -1.169925 212 210
78497129199 156994258399 5 5 4 3 -1.000000 250 242
104677765119 157016647679 1 0 11 0 -0.584963 204 203
51707348415 157238416383 14 1 6 1 -1.604513 217 204
69900147951 157275332891 2 0 2 0 -1.169925 223 220
139892364379 157378909927 2 0 2 0 -0.169925 256 254
104930328319 157395492479 1 0 7 0 -0.584963 230 229
78780689647 157561379295 5 5 4 3 -1.000000 223 222
70041560511 157593511151 2 0 4 0 -1.169925 207 205
105103365679 157655048519 1 0 3 0 -0.584963 251 249
78839942247 157679884495 4 4 3 2 -1.000000 226 214
147670493947 157693051887 12 5 2 1 -0.094738 215 208
93457860379 157710139391 3 0 2 0 -0.754888 217 204
140205006619 157730632447 2 0 2 0 -0.169925 208 205
93473618011 157736730395 3 0 6 0 -0.754888 206 203
73857990175 157741625503 7 0 7 0 -1.094738 232 224
55414301119 157800880923 9 3 2 1 -1.509775 227 220
105208901247 157813351871 1 0 6 0 -0.584963 212 210
70141259775 157817834495 2 0 10 0 -1.169925 287 270
105315978783 157973968175 1 0 4 0 -0.584963 207 203
124850835183 158014338279 8 4 3 2 -0.339850 216 208
79011143103 158022286207 7 7 6 5 -1.000000 213 213
112503814767 158030049823 1 7 4 1 -0.490225 201 207
105402950911 158104426367 1 0 7 0 -0.584963 211 201
46869171303 158183453151 8 5 3 2 -1.754888 232 229
105476550559 158214825839 1 0 4 0 -0.584963 203 202
105481372911 158222059367 1 0 3 0 -0.584963 213 212
150227042799 158263880479 1 6 4 1 -0.075187 212 217
105524090271 158286135407 1 0 4 0 -0.584963 213 212
105614679535 158422019303 1 0 3 0 -0.584963 247 246
140826711067 158430049951 2 0 2 0 -0.169925 210 208
125190582523 158444331007 4 0 2 0 -0.339850 230 226
105700945255 158551417883 1 0 2 0 -0.584963 217 211
79276233967 158552467935 5 5 4 3 -1.000000 245 245
105721621119 158582431679 1 0 6 0 -0.584963 214 213
31327592191 158595935471 4 0 4 0 -2.339850 216 203
133817899803 158598992359 3 6 2 1 -0.245112 205 208
79318072735 158636145471 6 6 5 4 -1.000000 217 216
66063773343 158732086271 9 0 5 0 -1.264663 215 203
150683641071 158744905819 5 10 2 1 -0.075187 216 221
89369358063 158878858779 5 7 2 1 -0.830075 227 223
70627788223 158912523503 2 0 4 0 -1.169925 208 204
94179712539 158928264911 3 0 2 0 -0.754888 226 222
106127855463 159191783195 1 0 2 0 -0.584963 218 217
106160009631 159240014447 1 0 4 0 -0.584963 224 223
125830509807 159254238975 13 9 4 3 -0.339850 217 213
125862915823 159295252839 8 4 3 2 -0.339850 218 214
79655628135 159311256271 4 4 3 2 -1.000000 271 270
79720295551 159440591103 8 8 7 6 -1.000000 223 222
99576623295 159502496447 8 0 9 0 -0.679700 213 205
54516371871 159508850895 34 4 4 3 -1.548875 273 236
106392242415 159588363623 1 0 3 0 -0.584963 214 213
20456754879 159611182335 37 8 6 5 -2.963913 245 212
46663509063 159638011903 15 0 3 0 -1.774438 245 209
141910877211 159649736863 2 0 2 0 -0.169925 217 215
106455484575 159683226863 1 0 4 0 -0.584963 210 208
71000141983 159750319463 2 0 3 0 -1.169925 232 229
106511887519 159767831279 1 0 4 0 -0.584963 228 227
142042059867 159797317351 2 0 2 0 -0.169925 220 218
28074096799 159890754431 6 0 5 0 -2.509775 217 209
79953997671 159907995343 4 4 3 2 -1.000000 214 213
42139474011 159998315391 12 7 2 1 -1.924813 234 217
106694399535 160041599303 1 0 3 0 -0.584963 210 208
149885847195 160058763583 8 1 2 1 -0.094738 218 211
90060504423 160107563419 4 6 2 1 -0.830075 205 206
36979397359 160111966079 19 0 4 0 -2.114288 227 204
37485614107 160119214951 7 0 2 0 -2.094738 227 220
80089729263 160179458527 5 5 4 3 -1.000000 201 201
106846545375 160269818063 1 0 4 0 -0.584963 210 209
37527388827 160297655015 7 0 2 0 -2.094738 241 225
106889612271 160334418407 1 0 3 0 -0.584963 224 223
152211504319 160354506607 1 6 4 1 -0.075187 203 208
75099052059 160392213727 12 5 2 1 -1.094738 227 220
95071904487 160433838823 3 0 11 0 -0.754888 244 237
106956439719 160434659579 1 0 2 0 -0.584963 202 201
126851377915 160546275175 4 0 2 0 -0.339850 205 201
107047517887 160571276831 1 0 5 0 -0.584963 212 211
100258148655 160594168295 8 0 3 0 -0.679700 214 206
47588391423 160610821055 3 0 6 0 -1.754888 211 206
71390387199 160628371199 2 0 8 0 -1.169925 211 209
107089014399 160633521599 1 0 6 0 -0.584963 227 226
150463664319 160675797787 7 0 2 0 -0.094738 281 274
107235057663 160852586495 1 0 12 0 -0.584963 206 205
142983168027 160856064031 2 0 2 0 -0.169925 212 210
71498788863 160872274943 2 0 10 0 -1.169925 229 225
143066116347 160949380891 2 0 5 0 -0.169925 204 202
80476023295 160952046591 10 10 9 8 -1.000000 213 213
95396699931 160981931135 3 0 2 0 -0.754888 228 225
107365158655 161047737983 1 0 7 0 -0.584963 217 216
114671838447 161075394471 5 11 3 2 -0.490225 224 230
127348044015 161174868207 9 5 13 5 -0.339850 219 215
31851195631 161246677887 11 7 4 3 -2.339850 217 212
107533188847 161299783271 1 0 3 0 -0.584963 215 213
151061080191 161313760927 13 6 5 4 -0.094738 211 204
107601458623 161402187935 1 0 5 0 -0.584963 209 208
71735143455 161404072775 2 0 3 0 -1.169925 210 205
143516257435 161455789615 2 0 2 0 -0.169925 224 222
31913144319 161560293119 4 0 8 0 -2.339850 233 210
72794366911 161582808511 2 12 9 2 -1.150375 211 221
83979793051 161605539375 22 5 2 1 -0.944363 246 228
54516371871 161685072383 42 0 5 0 -1.568425 273 224
127790021871 161734246431 10 6 4 3 -0.339850 211 207
143878756123 161863600639 2 0 2 0 -0.169925 215 213
107984982975 161977474463 1 0 5 0 -0.584963 211 206
85327963695 161989806079 5 0 4 0 -0.924813 286 280
151694981151 161990685439 8 1 5 1 -0.094738 228 221
144013960987 162015706111 2 0 2 0 -0.169925 210 208
72024692127 162055557287 2 0 3 0 -1.169925 238 235
108053953255 162080929883 1 0 2 0 -0.584963 211 208
72061963291 162139417407 8 6 2 1 -1.169925 217 213
96144596763 162244007039 3 0 2 0 -0.754888 217 214
108186210303 162279315455 1 0 11 0 -0.584963 251 250
108264430951 162396646427 1 0 2 0 -0.584963 210 209
152122716831 162447452007 11 4 3 2 -0.094738 215 208
72208737727 162469659887 2 0 4 0 -1.169925 204 201
160418963967 162607602367 19 7 6 5 -0.019550 213 201
96439451163 162741573839 3 0 2 0 -0.754888 208 205
64294404423 162745211199 10 6 3 2 -1.339850 241 236
108522978495 162784467743 1 0 5 0 -0.584963 203 201
108626147775 162939221663 1 0 5 0 -0.584963 204 203
96571704411 162964751195 3 0 8 0 -0.754888 222 219
64383185391 162969938023 4 0 3 0 -1.339850 224 216
144863503387 162971441311 2 0 2 0 -0.169925 232 230
97925045247 163024329759 11 20 5 4 -0.735337 208 215
26446967911 163041220127 25 0 3 0 -2.624063 232 205
145089247323 163225403239 2 0 2 0 -0.169925 209 207
72556032111 163251072251 2 0 2 0 -1.169925 209 207
108844917247 163267375871 1 0 8 0 -0.584963 205 203
38223650863 163271727423 13 6 4 3 -2.094738 229 222
57362353819 163348265371 6 0 8 0 -1.509775 248 238
145304381851 163467429583 2 0 2 0 -0.169925 214 212
137943809439 163488959335 6 9 3 2 -0.245112 209 212
72700875775 163576970495 2 0 8 0 -1.169925 243 234
157389247935 163577517471 7 24 5 4 -0.055637 210 227
102228030555 163749538203 11 3 6 3 -0.679700 212 204
145567422235 163763350015 2 0 2 0 -0.169925 221 219
72794366911 163787325551 2 0 4 0 -1.169925 211 209
113620712551 163983523911 22 4 5 3 -0.529325 226 203
82011201535 164022403071 14 14 13 12 -1.000000 222 222
109358183167 164037274751 1 0 7 0 -0.584963 222 221
72908092143 164043207323 2 0 2 0 -1.169925 270 268
97236309735 164086272679 3 0 6 0 -0.754888 239 236
92306917887 164101187355 10 12 2 1 -0.830075 214 214
145881384955 164116558075 2 0 8 0 -0.169925 205 203
72993681519 164235783419 2 0 2 0 -1.169925 229 225
82127893735 164255787471 4 4 3 2 -1.000000 216 205
109557812223 164336718335 1 0 9 0 -0.584963 212 211
109562564031 164343846047 1 0 5 0 -0.584963 210 206
102617530399 164373441639 12 4 3 2 -0.679700 215 201
43303597215 164418345679 5 0 4 0 -1.924813 214 206
82223255167 164446510335 8 8 7 6 -1.000000 218 218
73113511039 164505399839 2 0 5 0 -1.169925 210 205
109690611135 164535916703 1 0 5 0 -0.584963 228 227
82268707327 164537414655 10 10 9 8 -1.000000 205 203
92667816447 164742784795 10 12 2 1 -0.830075 211 211
82430041087 164860082175 11 11 10 9 -1.000000 214 213
48848136351 164862460187 3 0 2 0 -1.754888 221 216
86849104123 164877596111 5 0 2 0 -0.924813 226 220
12875326399 164990266623 16 8 6 5 -3.679700 229 210
147006924571 165382790143 2 0 2 0 -0.169925 214 212
82716390847 165432781695 7 7 6 5 -1.000000 211 211
68910417127 165571745647 9 0 3 0 -1.264663 213 201
82804192495 165608384991 5 5 4 3 -1.000000 244 244
73636918363 165683066319 6 4 2 1 -1.169925 205 203
98189084775 165694080559 3 0 3 0 -0.754888 207 204
32746343871 165778365851 4 0 2 0 -2.339850 210 203
82903331583 165806663167 9 9 8 7 -1.000000 203 203
73725590527 165882578687 2 0 8 0 -1.169925 225 220
65544600295 165909769499 4 0 2 0 -1.339850 205 201
110630973439 165946460159 1 0 11 0 -0.584963 232 231
65584312167 166010290175 4 0 3 0 -1.339850 215 211
58299789423 166017759727 6 0 7 0 -1.509775 217 203
83035295359 166070590719 8 8 7 6 -1.000000 218 218
147647791771 166103765743 2 0 2 0 -0.169925 225 223
147670493947 166129305691 2 0 5 0 -0.169925 215 213
110766616191 166149924287 1 0 6 0 -0.584963 229 225
29176776943 166170862439 6 0 3 0 -2.509775 225 203
110801848167 166202772251 1 0 2 0 -0.584963 213 211
110828602239 166242903359 1 0 6 0 -0.584963 227 225
73887196399 166246191899 2 0 2 0 -1.169925 241 238
126465557743 166351170591 1 14 4 1 -0.395487 217 230
131446086895 166361453727 10 6 4 3 -0.339850 208 204
110938452415 166407678623 1 0 5 0 -0.584963 205 203
148038713115 166543552255 2 0 2 0 -0.169925 208 205
111081011823 166621517735 1 0 3 0 -0.584963 232 231
29262084543 166656715879 6 0 3 0 -2.509775 230 222
52030816251 166686613983 13 5 2 1 -1.679700 225 217
97455994095 166700720295 19 4 3 2 -0.774438 230 215
111163270591 166744905887 1 0 5 0 -0.584963 211 208
105524090271 166754117959 6 10 3 2 -0.660150 213 217
74127023103 166785801983 2 0 8 0 -1.169925 211 209
148340451099 166883007487 2 0 2 0 -0.169925 204 202
74174233087 166892024447 2 0 7 0 -1.169925 205 202
111303956127 166955934191 1 0 4 0 -0.584963 212 211
49484080767 167008772591 3 0 4 0 -1.754888 210 204
44001380847 167067742911 26 21 4 3 -1.924813 228 222
88021358919 167103048575 5 0 3 0 -0.924813 234 228
99064444699 167171250431 3 0 2 0 -0.754888 208 205
111484412031 167226618047 1 0 6 0 -0.584963 220 219
141099532287 167229075303 21 24 3 2 -0.245112 209 212
111493332127 167239998191 1 0 4 0 -0.584963 250 217
148685047579 167270678527 2 0 2 0 -0.169925 205 203
111524327271 167286490907 1 0 2 0 -0.584963 229 228
74388845295 167374901915 2 0 2 0 -1.169925 223 217
29393198319 167403449807 6 0 5 0 -2.509775 228 222
111649791999 167474687999 1 0 12 0 -0.584963 224 223
111652901359 167479352039 1 0 3 0 -0.584963 214 213
132342989127 167496595615 4 0 3 0 -0.339850 221 210
117720085695 167613168891 7 1 2 1 -0.509775 215 208
148991461147 167615393791 2 0 2 0 -0.169925 220 217
111772202751 167658304127 1 0 7 0 -0.584963 203 202
74569166847 167780625407 2 0 10 0 -1.169925 246 244
161488277247 167837713435 1 18 2 1 -0.055637 246 253
74613658095 167880730715 2 0 2 0 -1.169925 207 203
103626328575 167903007771 10 43 2 1 -0.696237 263 296
69900147951 167949781755 12 3 2 1 -1.264663 223 213
149311800091 167975775103 2 0 2 0 -0.169925 328 326
112040848191 168061272287 1 0 5 0 -0.584963 220 205
112059955711 168089933567 1 0 8 0 -0.584963 206 205
141910877211 168190669287 3 6 2 1 -0.245112 217 220
84167368351 168334736703 6 6 5 4 -1.000000 212 211
74835960559 168380911259 2 0 2 0 -1.169925 220 218
78839942247 168381790719 17 10 3 2 -1.094738 226 207
21879934495 168417591295 17 0 5 0 -2.944363 242 221
84240964735 168481929471 8 8 7 6 -1.000000 232 227
84243248575 168486497151 7 7 6 5 -1.000000 210 210
135031646367 168599184123 6 14 2 1 -0.320300 205 213
112413767919 168620651879 1 0 3 0 -0.584963 220 218
149885847195 168621578095 2 0 2 0 -0.169925 218 216
112434548271 168651822407 1 0 3 0 -0.584963 251 250
112470917119 168706375679 1 0 16 0 -0.584963 203 202
164310993135 168825054535 24 0 3 0 -0.039100 253 229
133408019271 168844524391 4 0 5 0 -0.339850 207 203
75047113215 168856004735 2 0 7 0 -1.169925 213 209
150230797083 169009646719 2 0 2 0 -0.169925 214 212
112713743871 169070615807 1 0 8 0 -0.584963 225 223
133645183227 169144685023 4 0 2 0 -0.339850 218 214
112783728807 169175593211 1 0 2 0 -0.584963 210 205
150394116763 169193381359 2 0 2 0 -0.169925 288 286
75214136991 169231808231 2 0 3 0 -1.169925 205 203
50173247487 169334710271 3 0 13 0 -1.754888 290 285
66905085723 169353498239 4 0 2 0 -1.339850 247 229
75281885695 169384242815 2 0 7 0 -1.169925 234 232
59497004143 169427015707 6 0 2 0 -1.509775 229 219
112961666079 169442499119 1 0 4 0 -0.584963 204 203
84739305319 169478610639 4 4 3 2 -1.000000 232 230
14884335615 169541885375 6 0 6 0 -3.509775 255 209
59551549767 169582342895 6 0 3 0 -1.509775 216 206
113100291231 169650436847 1 0 4 0 -0.584963 226 225
113108093799 169662140699 1 0 2 0 -0.584963 217 216
150877855515 169737587455 2 0 2 0 -0.169925 233 231
75468519583 169804169063 2 0 3 0 -1.169925 205 203
67096150887 169837131935 4 0 3 0 -1.339850 241 235
153027990343 169839326239 4 14 3 2 -0.150375 204 214
75504812031 169885827071 2 0 18 0 -1.169925 265 207
20956802079 169941770239 12 0 5 0 -3.019550 241 229
113295344487 169943016731 1 0 2 0 -0.584963 202 201
33586782207 170033084927 4 0 9 0 -2.339850 227 219
125862915823 170106795879 15 4 3 2 -0.434588 218 207
113445465247 170168197871 1 0 4 0 -0.584963 203 202
113456011743 170184017615 1 0 4 0 -0.584963 212 211
85131765759 170263531519 12 12 11 10 -1.000000 210 209
151386604315 170309929855 2 0 2 0 -0.169925 223 221
134573335791 170319378111 11 7 4 3 -0.339850 207 203
22441748479 170417027519 5 0 6 0 -2.924813 218 212
113620712551 170431068827 1 0 2 0 -0.584963 226 220
67405499631 170620170943 4 0 4 0 -1.339850 217 211
151667573019 170626019647 2 0 2 0 -0.169925 212 210
142042059867 170642936059 10 1 5 1 -0.264663 220 211
33708212223 170647824383 4 0 11 0 -2.339850 234 230
33708731391 170650452671 4 0 6 0 -2.339850 216 206
89892228655 170654777839 5 0 6 0 -0.924813 206 201
113784236287 170676354431 1 0 7 0 -0.584963 204 203
74835960559 170678176615 23 9 3 2 -1.189475 220 206
113865579519 170798369279 1 0 9 0 -0.584963 236 235
85413944959 170827889919 8 8 7 6 -1.000000 211 211
134980124911 170834220591 9 5 6 4 -0.339850 209 205
85457403903 170914807807 16 16 15 14 -1.000000 210 210
114031337983 171047006975 1 0 8 0 -0.584963 245 244
1827397567 171096396191 30 0 5 0 -6.548875 273 234
87914038431 171126767943 9 33 3 2 -0.960900 207 205
90180755503 171202528027 5 0 2 0 -0.924813 227 222
76111682559 171251285759 2 0 8 0 -1.169925 219 215
50741373375 171252135143 3 0 3 0 -1.754888 207 203
75099052059 171278208703 14 0 2 0 -1.189475 227 213
33833080047 171279967743 13 9 4 3 -2.339850 232 228
114192416511 171288624767 1 0 7 0 -0.584963 233 232
108522978495 171493101819 7 11 2 1 -0.660150 203 206
152442587131 171497910523 2 0 8 0 -0.169925 210 208
114388826271 171583239407 1 0 4 0 -0.584963 219 218
76272148479 171612334079 2 0 11 0 -1.169925 206 203
127011225247 171658764031 11 0 5 0 -0.434588 239 228
152626878555 171705238375 2 0 2 0 -0.169925 222 217
114474107391 171711161087 1 0 8 0 -0.584963 214 213
114492368895 171738553343 1 0 10 0 -0.584963 208 207
76351482879 171790836479 2 0 8 0 -1.169925 241 238
114595556479 171893334719 1 0 6 0 -0.584963 220 215
163190644479 171921008175 9 14 4 3 -0.075187 258 263
127225721535 171948660987 14 3 2 1 -0.434588 213 202
76439393307 171988634943 8 6 2 1 -1.169925 221 219
114671838447 172007757671 1 0 3 0 -0.584963 224 223
86048527599 172097055199 5 5 4 3 -1.000000 202 201
161184138735 172123882527 8 1 4 1 -0.094738 240 233
76551595135 172241089055 2 0 5 0 -1.169925 229 217
86131524639 172263049279 6 6 5 4 -1.000000 213 201
76589658223 172326731003 2 0 2 0 -1.169925 210 208
153282127131 172442393023 2 0 2 0 -0.169925 213 211
114985940415 172478910623 1 0 5 0 -0.584963 210 209
102228030555 172509801563 3 0 11 0 -0.754888 212 209
86281643455 172563286911 7 7 6 5 -1.000000 225 210
51136274943 172584927935 3 0 6 0 -1.754888 208 203
102277949211 172594039295 3 0 2 0 -0.754888 234 231
115076500975 172614751463 1 0 3 0 -0.584963 211 210
115099353255 172649029883 1 0 2 0 -0.584963 231 230
153506322523 172694612839 2 0 2 0 -0.169925 218 216
153768635643 172989715099 2 0 5 0 -0.169925 228 226
115359523647 173039285471 1 0 5 0 -0.584963 203 201
86540291839 173080583679 9 9 8 7 -1.000000 203 203
146049746847 173095996263 6 9 3 2 -0.245112 240 243
121693642587 173270830951 6 0 2 0 -0.509775 238 232
30431055207 173314369115 6 0 2 0 -2.509775 210 202
57001726911 173338249695 18 5 5 4 -1.604513 263 232
68525670895 173455604455 4 0 3 0 -1.339850 205 201
138679406235 173515686879 46 1 2 1 -0.323313 275 229
115722655983 173583983975 1 0 3 0 -0.584963 220 219
115743335103 173615002655 1 0 5 0 -0.584963 202 201
68623946991 173704365823 4 0 4 0 -1.339850 214 208
75142373887 173715154639 30 4 4 3 -1.209025 248 222
77309415423 173946184703 2 0 10 0 -1.169925 228 226
96571704411 174025347103 10 0 2 0 -0.849625 222 212
77362450431 174065513471 2 0 10 0 -1.169925 208 206
165251128959 174091724335 8 13 4 3 -0.075187 262 267
116067664575 174101496863 1 0 5 0 -0.584963 234 232
165404528283 174253330207 1 6 2 1 -0.075187 201 206
116233775583 174350663375 1 0 4 0 -0.584963 215 214
163323147967 174408068655 8 1 4 1 -0.094738 227 220
155100049659 174487555867 2 0 5 0 -0.169925 205 203
51707348415 174512300903 3 0 3 0 -1.754888 217 214
155134901019 174526763647 2 0 2 0 -0.169925 209 207
18162338031 174555322015 9 0 4 0 -3.264663 233 214
76551595135 174591019839 15 1 6 1 -1.189475 229 205
116608196031 174912294047 1 0 5 0 -0.584963 208 207
97087848687 174955455847 10 0 3 0 -0.849625 234 223
116693554111 175040331167 1 0 5 0 -0.584963 208 206
116698595967 175047893951 1 0 6 0 -0.584963 214 211
87550075519 175100151039 8 8 7 6 -1.000000 212 206
155666059099 175124316487 2 0 2 0 -0.169925 236 234
69208122087 175183059035 4 0 2 0 -1.339850 222 215
87605592175 175211184351 5 5 4 3 -1.000000 210 210
77877582847 175224561407 2 0 8 0 -1.169925 213 211
77906355135 175289299055 2 0 4 0 -1.169925 216 214
51939435135 175295593583 3 0 4 0 -1.754888 225 219
86470226791 175299925983 17 5 3 2 -1.019550 213 201
87650655231 175301310463 11 11 10 9 -1.000000 222 215
116890787455 175336181183 1 0 6 0 -0.584963 222 220
158022286207 175382285031 1 11 3 1 -0.150375 213 222
9002256379 175399298559 30 9 2 1 -4.284213 232 204
117019370527 175529055791 1 0 4 0 -0.584963 213 212
52019359359 175565337839 3 0 4 0 -1.754888 246 208
52039727551 175634080487 3 0 3 0 -1.754888 204 201
117093155487 175639733231 1 0 4 0 -0.584963 205 203
117118748671 175678123007 1 0 10 0 -0.584963 202 201
104141057895 175738035199 3 0 3 0 -0.754888 235 232
117225550495 175838325743 1 0 4 0 -0.584963 234 232
87934507455 175869014911 7 7 6 5 -1.000000 212 210
117320249391 175980374087 1 0 3 0 -0.584963 206 205
111524327271 176235973959 4 8 5 3 -0.660150 229 233
78341557375 176268504095 2 0 5 0 -1.169925 205 202
69670454511 176353337983 4 0 4 0 -1.339850 233 229
52976088303 176387792667 15 24 2 1 -1.735337 225 232
45836792559 176410998783 28 11 4 3 -1.944363 236 218
99270046959 176480083483 5 7 2 1 -0.830075 233 235
52292621671 176487598143 9 6 3 2 -1.754888 238 235
88256047215 176512094431 5 5 4 3 -1.000000 206 205
117720085695 176580128543 1 0 5 0 -0.584963 215 213
78497129199 176618540699 2 0 2 0 -1.169925 250 240
117776158335 176664237503 1 0 6 0 -0.584963 203 202
117824233471 176736350207 1 0 12 0 -0.584963 208 205
157135795227 176777769631 2 0 2 0 -0.169925 227 225
117861934951 176792902427 1 0 2 0 -0.584963 210 209
78619208191 176893218431 2 0 7 0 -1.169925 204 202
69900147951 176934749503 4 0 4 0 -1.339850 223 218
99559849407 176995287835 7 9 2 1 -0.830075 202 204
139881393903 177037389159 8 4 3 2 -0.339850 239 222
78720181531 177120408447 9 7 2 1 -1.169925 225 223
78780689647 177256551707 2 0 2 0 -1.169925 223 220
118223034847 177334552271 1 0 4 0 -0.584963 206 205
118235913471 177353870207 1 0 7 0 -0.584963 209 208
118296451551 177444677327 1 0 4 0 -0.584963 203 202
93473618011 177453821695 5 0 2 0 -0.924813 206 201
70129396839 177515035751 4 0 12 0 -1.339850 249 215
157800880923 177525991039 2 0 2 0 -0.169925 220 217
105201554715 177527623583 3 0 2 0 -0.754888 227 223
118357600255 177536400383 1 0 10 0 -0.584963 218 217
88843748031 177687496063 7 7 6 5 -1.000000 218 213
118459249903 177688874855 1 0 3 0 -0.584963 222 220
157979356251 177726775783 2 0 2 0 -0.169925 203 201
118486048615 177729072923 1 0 2 0 -0.584963 207 203
79011143103 177775071983 2 0 4 0 -1.169925 213 210
88904985087 177809970175 10 10 9 8 -1.000000 210 203
111050343579 177881177791 8 0 2 0 -0.679700 215 203
46869171303 177956384795 5 0 2 0 -1.924813 232 227
158204553307 177980122471 2 0 2 0 -0.169925 204 202
166692750831 178006370151 8 1 3 1 -0.094738 216 209
158230139931 178008907423 2 0 2 0 -0.169925 204 202
93818877255 178109274791 5 0 5 0 -0.924813 221 214
13904287047 178175834623 25 17 3 2 -3.679700 214 203
118808373607 178212560411 1 0 2 0 -0.584963 211 210
105664241179 178308406991 3 0 2 0 -0.754888 238 232
79276233967 178371526427 2 0 2 0 -1.169925 245 243
118918035903 178377053855 1 0 5 0 -0.584963 205 203
79318072735 178465663655 2 0 3 0 -1.169925 217 214
111484412031 178576471519 8 0 5 0 -0.679700 220 212
119051677311 178577515967 1 0 6 0 -0.584963 228 227
158744905819 178588019047 2 0 2 0 -0.169925 221 219
119150924095 178726386143 1 0 5 0 -0.584963 231 230
158878858779 178738716127 2 0 2 0 -0.169925 223 221
173968283419 178747656351 25 1 2 1 -0.039100 252 228
106127855463 179090756095 3 0 3 0 -0.754888 218 215
106141986075 179114601503 3 0 2 0 -0.754888 214 211
79720295551 179370664991 2 0 5 0 -1.169925 223 220
20456754879 179562580127 31 0 5 0 -3.133838 245 210
119718661119 179577991679 1 0 9 0 -0.584963 210 205
89798565535 179597131071 6 6 5 4 -1.000000 217 217
151667573019 179754160615 3 6 2 1 -0.245112 212 215
170629021851 179757323431 3 8 2 1 -0.075187 205 210
151694981151 179786644327 6 9 3 2 -0.245112 228 231
119861411839 179792117759 1 0 17 0 -0.584963 242 237
69132312667 179798640703 34 6 2 1 -1.378950 237 203
151750011039 179851864935 6 9 3 2 -0.245112 210 213
119906807655 179860211483 1 0 2 0 -0.584963 203 201
53296918143 179877098735 3 0 4 0 -1.754888 212 207
63199186479 179969558375 6 0 3 0 -1.509775 225 218
42139474011 179998104815 7 0 2 0 -2.094738 234 215
160051627803 180058081279 2 0 2 0 -0.169925 219 217
80029381791 180066109031 2 0 3 0 -1.169925 213 209
94856814639 180079734043 5 0 2 0 -0.924813 219 214
160107563419 180121008847 2 0 2 0 -0.169925 206 204
128295927919 180212661439 5 11 4 3 -0.490225 201 207
160195790619 180220264447 2 0 2 0 -0.169925 217 215
133388553855 180277878951 13 2 3 2 -0.434588 218 207
75047113215 180316446463 18 9 8 7 -1.264663 213 202
142476122439 180321342463 4 0 3 0 -0.339850 217 213
128537067519 180551381535 1 7 5 1 -0.490225 228 234
120388797439 180583196159 1 0 9 0 -0.584963 225 224
120469968543 180704952815 1 0 4 0 -0.584963 217 215
90363249511 180726499023 4 4 3 2 -1.000000 222 216
120486307263 180729460895 1 0 5 0 -0.584963 214 213
90371886951 180743773903 4 4 3 2 -1.000000 211 210
150463664319 180760272511 9 0 6 0 -0.264663 281 272
90381294831 180762589663 5 5 4 3 -1.000000 223 223
120583759719 180875639579 1 0 2 0 -0.584963 217 210
107192239387 180886903967 3 0 2 0 -0.754888 223 220
59497004143 180926212575 14 1 4 1 -1.604513 229 212
80436130111 180981292751 2 0 4 0 -1.169925 246 243
90508995687 181017991375 4 4 3 2 -1.000000 203 203
95357997727 181031198811 8 3 2 1 -0.924813 224 219
80476023295 181071052415 2 0 7 0 -1.169925 213 211
90557727231 181115454463 10 10 9 8 -1.000000 206 205
120759160447 181138740671 1 0 6 0 -0.584963 204 203
120760089471 181140134207 1 0 6 0 -0.584963 216 213
120797539687 181196309531 1 0 2 0 -0.584963 210 209
42434396863 181257863167 7 0 6 0 -2.094738 238 224
31851195631 181402512623 6 0 18 0 -2.509775 217 210
69900147951 181416401919 6 31 4 3 -1.375937 223 247
120964115487 181446173231 1 0 4 0 -0.584963 222 218
161350857307 181519714471 2 0 2 0 -0.169925 217 215
161416062235 181593070015 2 0 2 0 -0.169925 203 201
90847292655 181694585311 5 5 4 3 -1.000000 243 241
90862336447 181724672895 7 7 6 5 -1.000000 229 229
121248299167 181872448751 1 0 4 0 -0.584963 210 209
113596918363 181960298191 8 0 2 0 -0.679700 234 201
53951784807 182087273727 11 8 3 2 -1.754888 208 204
108053953255 182341046119 3 0 7 0 -0.754888 211 206
72061963291 182406844583 4 0 2 0 -1.339850 217 211
56965661679 182495950335 17 9 4 3 -1.679700 232 220
121696176639 182544264959 1 0 8 0 -0.584963 208 205
54093105151 182564229887 3 0 8 0 -1.754888 253 248
121742865135 182614297703 1 0 3 0 -0.584963 234 227
121743282655 182614923983 1 0 4 0 -0.584963 235 234
72149446503 182628286463 4 0 3 0 -1.339850 247 243
114023220891 182643152411 8 0 7 0 -0.679700 235 227
108264430951 182696227231 3 0 3 0 -0.754888 210 207
121898578687 182847868031 1 0 7 0 -0.584963 205 204
121991064031 182986596047 1 0 4 0 -0.584963 203 201
91501132519 183002265039 4 4 3 2 -1.000000 202 202
64294404423 183088362599 6 0 5 0 -1.509775 241 234
81466339647 183299264207 2 0 4 0 -1.169925 206 204
122209442559 183314163839 1 0 7 0 -0.584963 203 202
122277045807 183415568711 1 0 3 0 -0.584963 239 237
32220978415 183508541135 6 0 5 0 -2.509775 225 208
72556032111 183657456283 4 0 2 0 -1.339850 209 205
122447642655 183671463983 1 0 4 0 -0.584963 207 206
38223650863 183680693351 9 0 3 0 -2.264663 229 220
81654402303 183722405183 2 0 6 0 -1.169925 205 201
96777644191 183726308895 11 6 7 5 -0.924813 208 203
163342097179 183759859327 2 0 2 0 -0.169925 210 208
57362353819 183766798543 8 0 2 0 -1.679700 248 236
76551595135 183931280159 9 0 5 0 -1.264663 229 210
36350437887 184024091807 4 0 5 0 -2.339850 243 232
122752703487 184129055231 1 0 9 0 -0.584963 203 202
92081238015 184162476031 13 13 12 11 -1.000000 216 216
163701371547 184164042991 2 0 2 0 -0.169925 220 218
163749538203 184218230479 2 0 2 0 -0.169925 204 202
163833918555 184313158375 2 0 2 0 -0.169925 214 212
82011201535 184525203455 2 0 11 0 -1.169925 222 220
72908092143 184548608239 4 0 9 0 -1.339850 270 266
164101187355 184613835775 2 0 2 0 -0.169925 214 212
145881384955 184631127835 4 0 5 0 -0.339850 205 201
72993681519 184765256347 4 0 2 0 -1.339850 229 223
92453720767 184907441535 7 7 6 5 -1.000000 232 230
82223255167 185002324127 2 0 5 0 -1.169925 218 216
77052745407 185135398911 26 17 6 5 -1.264663 222 213
86757843439 185292386331 10 3 2 1 -1.094738 231 222
123553233055 185329849583 1 0 4 0 -0.584963 219 218
164742784795 185335632895 2 0 2 0 -0.169925 211 209
164744680731 185337765823 2 0 2 0 -0.169925 217 215
21407990427 185382979823 19 0 2 0 -3.114288 261 237
123626220783 185439331175 1 0 3 0 -0.584963 211 210
82430041087 185467592447 2 0 8 0 -1.169925 214 211
48848136351 185470267711 5 0 5 0 -1.924813 221 214
82434428571 185477464287 7 5 2 1 -1.169925 215 201
164952315675 185571355135 2 0 2 0 -0.169925 205 203
123731042047 185596563071 1 0 7 0 -0.584963 208 203
12875326399 185614049951 10 0 5 0 -3.849625 229 208
97772943519 185615822463 13 8 5 4 -0.924813 217 205
173846540007 185645694823 8 1 7 1 -0.094738 214 207
123860050431 185790075647 1 0 8 0 -0.584963 215 213
165213160731 185864805823 2 0 2 0 -0.169925 244 241
104552853999 185871740443 5 7 2 1 -0.830075 203 204
123967182063 185950773095 1 0 3 0 -0.584963 266 261
165428173851 186106695583 2 0 2 0 -0.169925 212 210
82716390847 186111879407 2 0 4 0 -1.169925 211 209
93083073951 186166147903 6 6 5 4 -1.000000 211 211
124130995839 186196493759 1 0 6 0 -0.584963 217 216
82804192495 186309433115 2 0 2 0 -1.169925 244 222
129117631771 186349511295 26 8 2 1 -0.529325 235 217
93242846367 186485692735 6 6 5 4 -1.000000 207 207
124353945919 186530918879 1 0 5 0 -0.584963 220 218
82903331583 186532496063 2 0 6 0 -1.169925 203 201
98285524527 186588925471 5 0 4 0 -0.924813 207 201
124505800551 186758700827 1 0 2 0 -0.584963 217 215
55336763391 186761576447 3 0 15 0 -1.754888 212 209
83035295359 186829414559 2 0 5 0 -1.169925 218 216
147670493947 186895468903 4 0 2 0 -0.339850 215 211
93484908543 186969817087 16 16 15 14 -1.000000 203 203
110801848167 186978118783 3 0 3 0 -0.754888 213 209
93502276639 187004553279 6 6 5 4 -1.000000 208 208
55414301119 187023266279 3 0 3 0 -1.754888 227 222
73887196399 187026965887 4 0 4 0 -1.339850 241 236
124796952687 187195429031 1 0 3 0 -0.584963 223 222
93614638111 187229276223 6 6 5 4 -1.000000 241 240
124850835183 187276252775 1 0 3 0 -0.584963 216 211
166490508315 187301821855 2 0 2 0 -0.169925 206 204
103970375071 187357991871 11 1 5 1 -0.849625 234 224
83359368987 187558580223 14 12 2 1 -1.169925 244 239
125050309887 187575464831 1 0 7 0 -0.584963 220 219
125096177823 187644266735 1 0 4 0 -0.584963 219 218
125100024447 187650036671 1 0 6 0 -0.584963 207 203
125213586279 187820379419 1 0 2 0 -0.584963 213 210
125290605727 187935908591 1 0 4 0 -0.584963 204 203
125337037311 188005555967 1 0 8 0 -0.584963 219 218
82449885255 188043234463 14 0 3 0 -1.189475 241 225
55723750143 188067656735 3 0 5 0 -1.754888 209 203
119051677311 188131045627 8 12 2 1 -0.660150 228 229
181035087087 188153069599 5 22 4 3 -0.055637 237 254
176228084647 188188877503 7 0 3 0 -0.094738 210 203
111524327271 188197302271 3 0 3 0 -0.754888 229 226
133990445055 188211544219 1 7 2 1 -0.490225 203 209
24792582303 188268671871 12 7 5 4 -2.924813 214 209
74388845295 188296764655 4 0 9 0 -1.339850 223 215
125571512319 188357268479 1 0 10 0 -0.584963 215 214
125597079295 188395618943 1 0 7 0 -0.584963 208 205
125644002975 188466004463 1 0 4 0 -0.584963 229 228
117720085695 188564815003 8 0 2 0 -0.679700 215 205
125750193279 188625289919 1 0 6 0 -0.584963 204 203
132550342767 188728906011 9 3 2 1 -0.509775 232 226
125830509807 188745764711 1 0 3 0 -0.584963 217 215
157135795227 188775870207 18 9 2 1 -0.264663 227 218
125862915823 188794373735 1 0 3 0 -0.584963 218 217
167837713435 188817427615 2 0 2 0 -0.169925 253 251
125885385919 188828078879 1 0 5 0 -0.584963 205 204
167903007771 188890883743 2 0 2 0 -0.169925 296 294
167949781755 188943504475 2 0 5 0 -0.169925 213 211
83987887551 188972746991 2 0 4 0 -1.169925 337 324
126015724647 189023586971 1 0 2 0 -0.584963 203 202
139892364379 189067937263 12 1 2 1 -0.434588 256 245
6058060479 189068931323 29 0 2 0 -4.963913 246 203
94590199231 189180398463 7 7 6 5 -1.000000 205 205
119718661119 189185044731 11 15 2 1 -0.660150 210 210
126124711423 189187067135 1 0 8 0 -0.584963 206 205
94618336255 189236672511 11 11 10 9 -1.000000 217 210
84167368351 189376578791 2 0 3 0 -1.169925 212 209
74835960559 189428525167 4 0 7 0 -1.339850 220 216
84243248575 189547309295 2 0 4 0 -1.169925 210 208
70152078063 189624483839 11 0 4 0 -1.434588 217 206
126428781679 189643172519 1 0 3 0 -0.584963 229 228
168599184123 189674082139 2 0 5 0 -0.169925 213 211
126452621671 189678932507 1 0 2 0 -0.584963 213 211
126465557743 189698336615 1 0 3 0 -0.584963 217 216
126510990591 189766485887 1 0 7 0 -0.584963 240 239
84342631743 189770921423 2 0 4 0 -1.169925 225 223
94894190319 189788380639 5 5 4 3 -1.000000 212 203
160250001567 189925927783 6 9 3 2 -0.245112 220 223
135310205887 190065364647 1 7 3 1 -0.490225 204 210
95071904487 190143808975 4 4 3 2 -1.000000 244 239
126763187815 190144781723 1 0 2 0 -0.584963 205 204
169017651867 190144858351 2 0 2 0 -0.169925 229 227
93818877255 190197746079 18 6 3 2 -1.019550 221 207
50094997275 190204442783 5 0 2 0 -1.924813 227 221
126830299647 190245449471 1 0 8 0 -0.584963 220 219
84572342511 190287770651 2 0 2 0 -1.169925 215 212
95145648879 190291297759 5 5 4 3 -1.000000 266 263
112783728807 190322542363 3 0 2 0 -0.754888 210 203
47588391423 190353565695 26 26 9 8 -2.000000 211 209
178264871215 190363903003 7 0 2 0 -0.094738 211 204
95220356335 190440712671 5 5 4 3 -1.000000 205 205
44590940271 190469504639 7 0 4 0 -2.094738 223 210
127036345375 190554518063 1 0 4 0 -0.584963 214 213
59497004143 190605392671 8 0 4 0 -1.679700 229 217
127082999655 190624499483 1 0 2 0 -0.584963 202 201
127086520431 190629780647 1 0 3 0 -0.584963 202 201
84745866495 190678199615 2 0 6 0 -1.169925 205 202
127122575679 190683863519 1 0 5 0 -0.584963 236 234
150683641071 190708983231 11 7 4 3 -0.339850 216 212
95357997727 190715995455 6 6 5 4 -1.000000 224 224
127225721535 190838582303 1 0 5 0 -0.584963 213 212
113108093799 190869908287 3 0 3 0 -0.754888 217 214
29393198319 190898301823 21 1 4 1 -2.699250 228 208
127348044015 191022066023 1 0 3 0 -0.584963 219 218
100625723643 191031647231 5 0 2 0 -0.924813 210 205
113207286555 191037296063 3 0 2 0 -0.754888 219 216
150946395375 191041531647 13 9 4 3 -0.339850 217 213
169841278971 191071438843 2 0 11 0 -0.169925 206 204
50341623579 191140852031 5 0 2 0 -1.924813 218 208
127430725663 191146088495 1 0 4 0 -0.584963 239 238
127439445759 191159168639 1 0 7 0 -0.584963 267 266
127521107583 191281661375 1 0 6 0 -0.584963 204 201
14929915519 191318702591 8 0 7 0 -3.679700 217 205
119529745659 191463540351 16 8 2 1 -0.679700 243 234
83979793051 191532491111 14 0 2 0 -1.189475 246 229
85131765759 191546472959 2 0 9 0 -1.169925 210 207
85154964927 191598671087 2 0 4 0 -1.169925 222 219
127790021871 191685032807 1 0 3 0 -0.584963 211 210
113620712551 191734952431 3 0 3 0 -0.754888 226 217
95948601087 191897202175 9 9 8 7 -1.000000 231 231
127938289311 191907433967 1 0 4 0 -0.584963 242 241
85313009823 191954272103 2 0 3 0 -1.169925 210 208
142042059867 191973303067 11 0 6 0 -0.434588 220 209
127995633279 191993449919 1 0 6 0 -0.584963 204 203
85413944959 192181376159 2 0 5 0 -1.169925 211 209
85457403903 192279158783 2 0 13 0 -1.169925 210 208
128191595199 192287392799 1 0 5 0 -0.584963 203 202
128293632703 192440449055 1 0 5 0 -0.584963 239 238
162477448431 192565864807 5 8 3 2 -0.245112 241 244
76078594791 192573943067 4 0 2 0 -1.339850 250 245
85598887167 192597496127 2 0 6 0 -1.169925 208 201
90180755503 192602844031 7 0 4 0 -1.094738 227 220
33833080047 192689963711 6 0 4 0 -2.509775 232 226
96380998047 192761996095 6 6 5 4 -1.000000 269 269
128537067519 192805601279 1 0 18 0 -0.584963 228 227
171493101819 192929739547 2 0 5 0 -0.169925 206 204
171535460443 192977392999 2 0 2 0 -0.169925 219 217
171611324187 193062739711 2 0 2 0 -0.169925 205 203
128763062119 193144593179 1 0 2 0 -0.584963 234 229
114458996251 193149556175 3 0 2 0 -0.754888 222 219
163024329759 193214020455 6 9 3 2 -0.245112 215 218
76439393307 193487214311 4 0 2 0 -1.339850 221 217
86013992959 193531484159 2 0 11 0 -1.169925 225 222
57349176831 193553471807 3 0 6 0 -1.754888 210 205
96777644191 193555288383 6 6 5 4 -1.000000 208 208
107533188847 193778297983 10 0 4 0 -0.849625 215 203
76589658223 193867572379 4 0 2 0 -1.339850 210 205
129300542703 193950814055 1 0 3 0 -0.584963 225 220
129381430975 194072146463 1 0 5 0 -0.584963 217 216
102228030555 194073526759 5 0 2 0 -0.924813 212 207
68152793415 194075728127 6 0 3 0 -1.509775 229 222
86281643455 194133697775 2 0 4 0 -1.169925 225 208
115099353255 194230158619 3 0 2 0 -0.754888 231 228
141789009663 194245776111 24 1 4 1 -0.454138 246 223
184440352959 194307532335 7 12 4 3 -0.075187 201 206
97236309735 194472619471 4 4 3 2 -1.000000 239 239
97243604607 194487209215 8 8 7 6 -1.000000 253 253
115266930459 194512945151 3 0 2 0 -0.754888 216 213
26985937563 194518142975 10 0 2 0 -2.849625 220 202
109466478015 194607072027 7 9 2 1 -0.830075 201 203
153768635643 194613429487 4 0 2 0 -0.339850 228 224
129782355111 194673532667 1 0 2 0 -0.584963 206 205
129799856127 194699784191 1 0 12 0 -0.584963 219 218
86540291839 194715656639 2 0 6 0 -1.169925 203 201
187366567935 194733493183 1 18 6 1 -0.055637 237 254
173110300315 194749087855 2 0 2 0 -0.169925 215 210
129836959903 194755439855 1 0 4 0 -0.584963 226 225
173116135195 194755652095 2 0 2 0 -0.169925 229 227
109562564031 194777891611 7 9 2 1 -0.830075 210 209
97392547263 194785094527 7 7 6 5 -1.000000 238 238
129892522735 194838784103 1 0 3 0 -0.584963 205 204
76984172827 194866187471 4 0 2 0 -1.339850 213 209
97455994095 194911988191 5 5 4 3 -1.000000 230 229
129981260527 194971890791 1 0 3 0 -0.584963 205 204
129991187455 194986781183 1 0 9 0 -0.584963 204 203
57001726911 195005530907 15 0 2 0 -1.774438 263 230
175739906559 195046326207 1 11 6 1 -0.150375 222 232
130103165439 195154748159 1 0 8 0 -0.584963 203 202
20306699199 195164433767 9 0 3 0 -3.264663 213 202
86757843439 195205147739 2 0 2 0 -1.169925 231 227
162558163711 195290059591 10 1 3 1 -0.264663 228 219
173704315995 195417355495 2 0 2 0 -0.169925 227 225
115821954331 195449547935 3 0 2 0 -0.754888 221 216
144685433599 195545887039 11 0 6 0 -0.434588 222 210
34359740187 195689457791 6 0 2 0 -2.509775 241 224
173968283419 195714318847 2 0 2 0 -0.169925 252 250
38681225215 195823702655 4 0 7 0 -2.339850 213 204
163024329759 195850090495 9 0 5 0 -0.264663 215 206
97945404447 195890808895 6 6 5 4 -1.000000 234 234
174212217627 195988744831 2 0 2 0 -0.169925 216 214
58098114559 196081136639 3 0 10 0 -1.754888 259 254
174456050331 196263056623 2 0 2 0 -0.169925 254 252
155100049659 196298500351 4 0 2 0 -0.339850 205 201
130899442815 196349164223 1 0 6 0 -0.584963 203 202
130935692415 196403538623 1 0 6 0 -0.584963 214 205
87295509919 196414897319 2 0 3 0 -1.169925 215 203
130951159855 196426739783 1 0 3 0 -0.584963 236 235
130980834943 196471252415 1 0 6 0 -0.584963 204 203
87377641243 196599692799 11 9 2 1 -1.169925 243 205
131129822055 196694733083 1 0 2 0 -0.584963 203 201
98396876799 196793753599 13 13 12 11 -1.000000 222 222
87550075519 196987669919 2 0 5 0 -1.169925 212 204
131364453375 197046680063 1 0 9 0 -0.584963 235 208
69208122087 197080941415 6 0 7 0 -1.509775 222 213
87605592175 197112582395 2 0 2 0 -1.169925 210 208
131417240607 197125860911 1 0 4 0 -0.584963 228 227
131446086895 197169130343 1 0 3 0 -0.584963 208 207
98591471359 197182942719 9 9 8 7 -1.000000 204 203
87650655231 197213974271 2 0 8 0 -1.169925 222 213
9002256379 197324210879 23 0 2 0 -4.454138 232 202
187366567935 197390293791 1 6 5 1 -0.075187 237 242
129836959903 197412539887 18 5 4 3 -0.604513 226 213
92453720767 197457311835 10 3 2 1 -1.094738 232 223
58524169087 197519070671 3 0 4 0 -1.754888 230 225
175587152923 197535547039 2 0 2 0 -0.169925 219 217
98918586991 197837173983 5 5 4 3 -1.000000 220 220
87934507455 197852641775 2 0 4 0 -1.169925 212 208
98930314879 197860629759 8 8 7 6 -1.000000 222 222
49484080767 197936323071 13 13 7 6 -2.000000 210 207
99110267391 198220534783 10 10 9 8 -1.000000 254 253
158802335487 198279032511 1 9 6 1 -0.320300 207 215
117516910875 198309787103 3 0 2 0 -0.754888 217 209
117537154075 198343947503 3 0 2 0 -0.754888 225 221
78365724519 198363240191 4 0 3 0 -1.339850 205 201
132251303935 198376955903 1 0 13 0 -0.584963 210 208
132277311807 198415967711 1 0 5 0 -0.584963 206 205
176387792667 198436266751 2 0 2 0 -0.169925 232 229
45836792559 198462373631 19 0 4 0 -2.114288 236 216
139388992543 198465967899 9 3 2 1 -0.509775 211 205
132321673215 198482509823 1 0 14 0 -0.584963 223 222
176480083483 198540093919 2 0 2 0 -0.169925 235 233
52292621671 198548547911 5 0 5 0 -1.924813 238 233
88256047215 198576106235 2 0 2 0 -1.169925 206 203
132434352231 198651528347 1 0 2 0 -0.584963 205 203
99333978271 198667956543 6 6 5 4 -1.000000 229 228
125750193279 198716354811 8 12 2 1 -0.660150 204 208
99358951935 198717903871 10 10 9 8 -1.000000 245 245
132550342767 198825514151 1 0 3 0 -0.584963 232 231
117861934951 198892015231 3 0 3 0 -0.754888 210 207
132640006255 198960009383 1 0 3 0 -0.584963 247 244
132679820847 199019731271 1 0 3 0 -0.584963 203 202
88467374751 199051593191 2 0 3 0 -1.169925 219 216
176995287835 199119698815 2 0 2 0 -0.169925 204 202
99616111335 199232222671 4 4 3 2 -1.000000 202 202
78720181531 199260459503 4 0 2 0 -1.339850 225 221
132889026727 199333540091 1 0 2 0 -0.584963 278 276
132899890815 199349836223 1 0 6 0 -0.584963 208 207
78780689647 199413620671 4 0 4 0 -1.339850 223 217
132959091711 199438637567 1 0 9 0 -0.584963 220 219
133008227431 199512341147 1 0 2 0 -0.584963 209 206
105103365679 199532170783 5 0 4 0 -0.924813 251 245
78839942247 199563603815 4 0 8 0 -1.339850 226 210
147670493947 199580268795 14 3 9 3 -0.434588 215 204
21879934495 199606034127 18 4 4 3 -3.189475 242 224
133131171231 199696756847 1 0 4 0 -0.584963 202 201
73887196399 199720690623 18 7 4 3 -1.434588 241 229
168519960735 199727360871 6 9 3 2 -0.245112 214 217
99870534687 199741069375 6 6 5 4 -1.000000 319 311
170886748959 199806431167 16 31 5 4 -0.225562 201 216
112413767919 199846698523 5 7 2 1 -0.830075 220 210
177647386395 199853309695 2 0 2 0 -0.169925 215 213
112434548271 199883641371 5 7 2 1 -0.830075 251 251
88843748031 199898433071 2 0 4 0 -1.169925 218 211
118486048615 199945207039 3 0 3 0 -0.754888 207 201
158026929391 200002832511 12 8 4 3 -0.339850 213 209
133335419391 200003129087 1 0 8 0 -0.584963 237 236
88904985087 200036216447 2 0 7 0 -1.169925 210 201
133388553855 200082830783 1 0 6 0 -0.584963 218 217
118605968667 200147572127 3 0 2 0 -0.754888 215 205
133449274303 200173911455 1 0 5 0 -0.584963 203 202
46869171303 200200932895 7 0 3 0 -2.094738 232 225
133489712383 200234568575 1 0 7 0 -0.584963 208 205
178053469467 200310153151 2 0 2 0 -0.169925 209 207
100167889951 200335779903 6 6 5 4 -1.000000 215 215
100179179679 200358359359 6 6 5 4 -1.000000 202 201
133628506863 200442760295 1 0 3 0 -0.584963 250 215
118808373607 200489130463 3 0 3 0 -0.754888 211 208
133679720959 200519581439 1 0 8 0 -0.584963 252 251
133726020031 200589030047 1 0 5 0 -0.584963 228 227
70451273895 200621010431 6 0 3 0 -1.509775 230 223
89183859711 200663684351 2 0 8 0 -1.169925 217 215
79276233967 200667967231 4 0 4 0 -1.339850 245 241
100339216383 200678432767 13 13 12 11 -1.000000 203 203
133805110015 200707665023 1 0 7 0 -0.584963 214 213
133874508735 200811763103 1 0 5 0 -0.584963 217 213
64294404423 200886082431 38 1 3 1 -1.643613 241 203
89320147839 200970332639 2 0 5 0 -1.169925 206 202
59575462047 201067184411 3 0 2 0 -1.754888 231 228
89369358063 201081055643 2 0 2 0 -1.169925 227 219
134073978783 201110968175 1 0 4 0 -0.584963 214 213
52976088303 201143585279 5 0 4 0 -1.924813 225 217
178933935963 201300677959 2 0 2 0 -0.169925 217 215
143386568943 201409940463 5 11 8 5 -0.490225 215 220
113295344487 201413945755 4 6 2 1 -0.830075 202 204
134344600815 201516901223 1 0 3 0 -0.584963 232 231
139672826559 201583336167 22 4 3 2 -0.529325 225 207
100793453551 201586907103 5 5 4 3 -1.000000 202 202
134405369583 201608054375 1 0 3 0 -0.584963 211 210
79655628135 201628308719 4 0 3 0 -1.339850 271 266
100817544639 201635089279 7 7 6 5 -1.000000 223 223
100875932287 201751864575 8 8 7 6 -1.000000 204 202
134573335791 201860003687 1 0 3 0 -0.584963 207 205
139892364379 201900184959 19 1 2 1 -0.529325 256 238
153541155583 201966064287 9 22 5 4 -0.395487 203 216
59859330559 202025240639 3 0 6 0 -1.754888 210 203
89798565535 202046772455 2 0 3 0 -1.169925 217 215
134814836271 202222254407 1 0 3 0 -0.584963 210 208
69132312667 202273470791 30 0 2 0 -1.548875 237 201
134895845887 202343768831 1 0 8 0 -0.584963 206 205
179879388955 202364312575 2 0 2 0 -0.169925 209 207
79953997671 202383556607 4 0 3 0 -1.339850 214 209
113865579519 202427696923 11 13 2 1 -0.830075 236 238
134980124911 202470187367 1 0 3 0 -0.584963 209 208
135031646367 202547469551 1 0 4 0 -0.584963 205 204
106694399535 202552649119 5 0 4 0 -0.924813 210 204
135035101231 202552651847 1 0 3 0 -0.584963 241 225
94856814639 202589700799 7 0 4 0 -1.094738 219 212
135088632703 202632949055 1 0 6 0 -0.584963 228 227
90064809471 202645821311 2 0 7 0 -1.169925 204 202
135123052543 202684578815 1 0 10 0 -0.584963 216 215
135183376383 202775064575 1 0 12 0 -0.584963 225 222
47487353499 202841488487 7 0 2 0 -2.094738 217 205
101424615039 202849230079 8 8 7 6 -1.000000 245 245
90160671231 202861510271 2 0 7 0 -1.169925 216 210
111081011823 202902584191 23 1 4 1 -0.869175 232 210
171212364015 202918357351 5 8 3 2 -0.245112 207 210
135296565247 202944847871 1 0 13 0 -0.584963 211 210
135310205887 202965308831 1 0 5 0 -0.584963 204 203
60194398719 203156095679 3 0 6 0 -1.754888 227 222
133726020031 203325719295 14 1 6 1 -0.604513 228 215
135559794303 203339691455 1 0 6 0 -0.584963 222 221
90381294831 203357913371 2 0 2 0 -1.169925 223 221
173968283419 203409463039 14 29 2 1 -0.225562 252 267
120583759719 203485094527 3 0 3 0 -0.754888 217 208
135673016167 203509524251 1 0 2 0 -0.584963 217 215
90463106287 203541989147 2 0 2 0 -1.169925 213 210
101798093311 203596186623 10 10 9 8 -1.000000 203 203
181031198811 203660098663 2 0 2 0 -0.169925 219 217
90557727231 203754886271 2 0 7 0 -1.169925 206 203
171921008175 203758231911 5 8 3 2 -0.245112 263 266
53671150875 203782650983 5 0 2 0 -1.924813 218 211
181163413339 203808840007 2 0 2 0 -0.169925 203 201
89369358063 203824457727 26 12 4 3 -1.189475 227 207
120797539687 203845848223 3 0 3 0 -0.754888 210 207
90628931583 203915096063 2 0 12 0 -1.169925 225 222
127348044015 203986942575 13 5 7 5 -0.679700 219 211
136038080511 204057120767 1 0 12 0 -0.584963 212 211
99333978271 204125895399 28 4 3 2 -1.039100 229 204
136132046695 204198070043 1 0 2 0 -0.584963 210 209
136177499775 204266249663 1 0 6 0 -0.584963 220 219
71735143455 204277029607 6 0 3 0 -1.509775 210 201
90862336447 204440257007 2 0 4 0 -1.169925 229 227
26929330335 204494602239 23 18 5 4 -2.924813 215 205
143682123687 204578648767 6 0 3 0 -0.509775 214 208
129531234075 204691332859 3 7 5 3 -0.660150 219 222
136503342951 204755014427 1 0 2 0 -0.584963 203 202
102378081439 204756162879 6 6 5 4 -1.000000 235 230
136512303423 204768455135 1 0 5 0 -0.584963 206 203
191780440479 204796788735 8 1 5 1 -0.094738 213 205
53951784807 204848182943 5 0 3 0 -1.924813 208 202
121488264219 205011445871 3 0 2 0 -0.754888 217 214
136852882279 205279323419 1 0 2 0 -0.584963 209 208
56965661679 205307944127 10 0 4 0 -1.849625 232 217
114023220891 205473546463 10 0 2 0 -0.849625 235 225
162361411911 205488661951 4 0 3 0 -0.339850 208 204
182659028763 205491407359 2 0 2 0 -0.169925 225 223
128293632703 205501592815 9 1 4 1 -0.679700 239 231
137051341791 205577012687 1 0 4 0 -0.584963 205 204
162477448431 205635520671 10 6 4 3 -0.339850 241 237
108333714171 205664785499 5 0 5 0 -0.924813 243 238
121896687387 205700659967 3 0 2 0 -0.754888 218 215
195308924763 205757550367 1 6 2 1 -0.075187 217 222
30087419815 205860895551 21 6 3 2 -2.774438 225 208
137247893983 205871840975 1 0 4 0 -0.584963 212 211
173720381055 205890821991 8 11 3 2 -0.245112 203 206
102948972159 205897944319 8 8 7 6 -1.000000 220 203
183067618555 205951070875 2 0 5 0 -0.169925 234 229
54247191279 205969804391 5 0 3 0 -1.924813 208 201
183121092379 206011228927 2 0 2 0 -0.169925 210 208
133726020031 206099745919 26 1 6 1 -0.624063 228 203
108695122171 206350895999 5 0 2 0 -0.924813 211 206
122327205147 206427158687 3 0 2 0 -0.754888 259 252
137641889791 206462834687 1 0 11 0 -0.584963 233 229
137702391919 206553587879 1 0 3 0 -0.584963 205 203
72556032111 206614638319 6 0 7 0 -1.509775 209 203
137761377639 206642066459 1 0 2 0 -0.584963 211 210
91946836287 206880381647 2 0 4 0 -1.169925 220 215
98189084775 206883997551 4 9 3 2 -1.075187 207 203
81733714791 206888465567 4 0 3 0 -1.339850 213 208
137943809439 206915714159 1 0 4 0 -0.584963 209 208
138026794239 207040191359 1 0 7 0 -0.584963 217 215
129381430975 207244035311 8 0 4 0 -0.679700 217 209
167903007771 207252657151 34 1 2 1 -0.303763 296 263
138202306407 207303459611 1 0 2 0 -0.584963 211 210
123007526683 207575201279 3 0 2 0 -0.754888 220 217
138433650687 207650476031 1 0 12 0 -0.584963 242 241
194469757855 207668633023 7 0 5 0 -0.094738 209 202
92306917887 207690565247 2 0 7 0 -1.169925 214 210
184653293659 207734955367 2 0 2 0 -0.169925 203 201
138500355103 207750532655 1 0 4 0 -0.584963 209 208
197276231679 207830104155 12 17 2 1 -0.075187 210 215
72993681519 207860913391 6 0 7 0 -1.509775 229 221
103970375071 207940750143 6 6 5 4 -1.000000 234 234
92419725567 207944382527 2 0 6 0 -1.169925 204 202
123262172955 208004916863 3 0 2 0 -0.754888 205 202
138678016047 208017024071 1 0 3 0 -0.584963 227 222
92453720767 208020871727 2 0 4 0 -1.169925 232 228
43303597215 208091968751 9 0 4 0 -2.264663 214 202
92525009691 208181271807 10 8 2 1 -1.169925 207 205
77052745407 208277323775 11 0 6 0 -1.434588 222 211
104141057895 208282115791 4 4 3 2 -1.000000 235 227
138919825663 208379738495 1 0 7 0 -0.584963 211 205
185292386331 208453934623 2 0 2 0 -0.169925 222 220
92667816447 208502587007 2 0 7 0 -1.169925 211 207
117320249391 208569332251 5 7 2 1 -0.830075 206 208
139089168543 208633752815 1 0 4 0 -0.584963 203 201
68615214847 208654051175 13 0 3 0 -1.604513 227 212
54959198703 208673207579 5 0 2 0 -1.924813 222 216
139172668671 208759003007 1 0 7 0 -0.584963 241 229
139209209503 208813814255 1 0 4 0 -0.584963 258 257
173833029279 208835175495 13 4 3 2 -0.264663 229 210
185661549307 208869242971 2 0 5 0 -0.169925 207 205
169295028271 208970910747 59 26 2 1 -0.303763 234 201
104493085167 208986170335 5 5 4 3 -1.000000 213 210
139340909023 209011363535 1 0 4 0 -0.584963 233 232
139358302207 209037453311 1 0 11 0 -0.584963 213 210
139388992543 209083488815 1 0 4 0 -0.584963 211 210
185871740443 209105707999 2 0 2 0 -0.169925 204 202
139477154815 209215732223 1 0 9 0 -0.584963 219 218
104609540095 209219080191 12 12 11 10 -1.000000 205 202
104677765119 209355530239 13 13 12 11 -1.000000 204 204
93083073951 209436916391 2 0 3 0 -1.169925 211 209
139672826559 209509239839 1 0 5 0 -0.584963 225 224
124266929691 209700443855 3 0 2 0 -0.754888 225 221
93242846367 209796404327 2 0 3 0 -1.169925 207 205
139869168255 209803752383 1 0 6 0 -0.584963 272 271
139881393903 209822090855 1 0 3 0 -0.584963 239 225
62176972959 209847283739 3 0 2 0 -1.754888 222 216
104930328319 209860656639 9 9 8 7 -1.000000 230 229
186617405211 209944580863 2 0 2 0 -0.169925 215 213
124505800551 210103538431 3 0 3 0 -0.754888 217 213
27668381695 210106773503 5 0 12 0 -2.924813 212 207
93457860379 210280185855 18 16 2 1 -1.169925 217 205
93473618011 210315640527 6 4 2 1 -1.169925 206 204
87554367615 210367751195 9 0 2 0 -1.264663 213 203
93502276639 210380122439 2 0 3 0 -1.169925 208 206
93513482943 210405336623 2 0 4 0 -1.169925 237 234
105208901247 210417802495 8 8 7 6 -1.000000 212 210
140282519551 210423779327 1 0 12 0 -0.584963 272 271
124722255643 210468806399 3 0 2 0 -0.754888 239 236
140316654079 210474981119 1 0 8 0 -0.584963 204 203
177614099871 210505599847 6 9 3 2 -0.245112 231 234
140337543327 210506314991 1 0 4 0 -0.584963 212 211
93614638111 210632935751 2 0 3 0 -1.169925 241 238
187304264731 210717297823 2 0 2 0 -0.169925 213 211
140487561063 210731341595 1 0 2 0 -0.584963 208 207
140631452775 210947179163 1 0 2 0 -0.584963 206 205
105476550559 210953101119 6 6 5 4 -1.000000 203 203
111134890311 210982643327 5 0 3 0 -0.924813 247 241
187548621595 210992199295 2 0 2 0 -0.169925 203 201
83359368987 211003402751 4 0 2 0 -1.339850 244 237
21956707359 211022397935 9 0 4 0 -3.264663 229 217
178053469467 211026334183 3 6 2 1 -0.245112 209 212
166754117959 211048180543 4 0 3 0 -0.339850 217 210
105614679535 211229359071 5 5 4 3 -1.000000 247 247
98918586991 211264599367 7 0 3 0 -1.094738 220 205
125213586279 211297926847 3 0 3 0 -0.754888 213 208
187843446043 211323876799 2 0 2 0 -0.169925 238 217
140910274407 211365411611 1 0 2 0 -0.584963 205 203
187918748443 211408591999 2 0 2 0 -0.169925 226 224
105721621119 211443242239 8 8 7 6 -1.000000 214 214
200867150271 211613129503 1 6 5 1 -0.075187 245 250
66063773343 211642781695 20 12 5 4 -1.679700 215 204
188131045627 211647426331 2 0 5 0 -0.169925 229 227
141099532287 211649298431 1 0 19 0 -0.584963 209 208
141197944255 211796916383 1 0 5 0 -0.584963 232 231
24792582303 211802255855 7 0 4 0 -3.094738 214 205
193473562863 211838003047 5 27 3 2 -0.130825 209 231
141233258143 211849887215 1 0 4 0 -0.584963 205 204
29393198319 211869991163 10 0 2 0 -2.849625 228 218
141255576447 211883364671 1 0 6 0 -0.584963 206 205
62785756159 211901927039 3 0 7 0 -1.754888 215 210
188360373339 211905420007 2 0 2 0 -0.169925 208 205
169841278971 212062148655 3 11 2 1 -0.320300 206 214
117720085695 212135416879 10 0 4 0 -0.849625 215 203
106127855463 212255710927 4 4 3 2 -1.000000 218 218
141536410983 212304616475 1 0 2 0 -0.584963 207 206
188728906011 212320019263 2 0 2 0 -0.169925 226 224
141573317119 212359975679 1 0 8 0 -0.584963 212 208
139672826559 212367629871 18 5 4 3 -0.604513 225 212
196281297639 212462794911 25 6 3 2 -0.114288 299 280
69900147951 212561442535 13 0 3 0 -1.604513 223 209
141747604975 212621407463 1 0 3 0 -0.584963 208 206
99576623295 212669995263 15 8 6 5 -1.094738 213 205
141789009663 212683514495 1 0 7 0 -0.584963 246 245
141827065599 212740598399 1 0 7 0 -0.584963 220 219
106392242415 212784484831 5 5 4 3 -1.000000 214 214
94590199231 212827948271 2 0 4 0 -1.169925 205 203
189185044731 212833175323 2 0 5 0 -0.169925 210 208
94618336255 212891256575 2 0 8 0 -1.169925 217 208
149534178607 212910969151 6 0 4 0 -0.509775 215 209
142000283967 213000425951 1 0 5 0 -0.584963 231 229
106511887519 213023775039 6 6 5 4 -1.000000 228 227
142088021407 213132032111 1 0 4 0 -0.584963 208 206
112312195399 213217683455 5 0 3 0 -0.924813 258 252
142240810431 213361215647 1 0 5 0 -0.584963 226 225
168599184123 213383342407 4 0 2 0 -0.339850 213 209
126449399067 213383360927 3 0 2 0 -0.754888 205 202
189699629307 213412082971 2 0 5 0 -0.169925 215 210
112434548271 213449962735 5 0 6 0 -0.924813 251 244
142306803135 213460204703 1 0 5 0 -0.584963 253 252
63255495295 213487296623 3 0 4 0 -1.754888 240 234
94894190319 213511928219 2 0 2 0 -1.169925 212 201
37527388827 213730206687 11 5 2 1 -2.509775 241 226
152229368559 213831102063 1 7 7 1 -0.490225 240 246
126766784283 213918948479 3 0 2 0 -0.754888 282 275
84572342511 214073741983 4 0 4 0 -1.339850 215 210
95145648879 214077709979 2 0 2 0 -1.169925 266 253
107047517887 214095035775 7 7 6 5 -1.000000 212 212
198220079355 214113845275 4 38 5 3 -0.111275 204 238
100258148655 214125557727 12 5 4 3 -1.094738 214 207
95176782847 214147761407 2 0 8 0 -1.169925 209 207
142780774399 214171161599 1 0 10 0 -0.584963 211 210
120486307263 214197879579 7 9 2 1 -0.830075 214 216
133726020031 214203226911 14 6 5 4 -0.679700 228 220
180757186719 214230739815 6 9 3 2 -0.245112 219 215
95220356335 214245801755 2 0 2 0 -1.169925 205 203
82449885255 214434852863 28 0 3 0 -1.378950 241 211
122277045807 214455541039 5 19 8 5 -0.810525 239 252
107235057663 214470115327 14 14 13 12 -1.000000 206 206
84739305319 214496366591 4 0 3 0 -1.339850 232 226
56498922523 214519346459 5 0 8 0 -1.924813 238 232
143030730751 214546096127 1 0 13 0 -0.584963 225 222
95357997727 214555494887 2 0 3 0 -1.169925 224 222
95396699931 214642574847 11 9 2 1 -1.169925 228 226
95434954143 214728646823 2 0 3 0 -1.169925 220 212
107365158655 214730317311 9 9 8 7 -1.000000 217 208
190891727643 214753193599 2 0 2 0 -0.169925 220 217
95449150911 214760589551 2 0 4 0 -1.169925 208 206
169841278971 214955368699 4 0 8 0 -0.339850 206 202
28317163263 215033458535 5 0 3 0 -2.924813 216 205
143359887471 215039831207 1 0 3 0 -0.584963 203 202
143386568943 215079853415 1 0 3 0 -0.584963 215 213
127498205275 215153221403 3 0 6 0 -0.754888 246 240
107601458623 215202917247 7 7 6 5 -1.000000 209 209
153335491615 215384833215 6 12 5 4 -0.490225 291 295
19920945819 215389147295 11 0 2 0 -3.434588 218 207
63826288639 215413724159 3 0 10 0 -1.754888 233 211
54516371871 215580096511 52 11 5 4 -1.983463 273 222
143791808959 215687713439 1 0 5 0 -0.584963 202 201
143901150207 215851725311 1 0 9 0 -0.584963 228 227
95948601087 215884352447 2 0 6 0 -1.169925 231 229
142042059867 215969965951 13 0 2 0 -0.604513 220 207
145991217903 216039344871 5 16 3 2 -0.565412 215 225
113816797435 216074076383 5 0 2 0 -0.924813 241 232
108053953255 216107906511 4 4 3 2 -1.000000 211 209
144110939263 216166408895 1 0 6 0 -0.584963 225 224
96144596763 216325342719 11 9 2 1 -1.169925 217 215
108264430951 216528861903 4 4 3 2 -1.000000 210 205
154225160943 216634519623 5 11 3 2 -0.490225 211 217
76078594791 216645685951 6 0 3 0 -1.509775 250 243
144443958303 216665937455 1 0 4 0 -0.584963 215 214
96301422015 216678199535 2 0 4 0 -1.169925 220 217
144460775535 216691163303 1 0 3 0 -0.584963 297 295
96380998047 216857245607 2 0 3 0 -1.169925 269 267
144607599151 216911398727 1 0 3 0 -0.584963 221 220
171493101819 217045956991 4 0 2 0 -0.339850 206 202
108555445695 217110891391 7 7 6 5 -1.000000 201 201
128763062119 217287667327 3 0 3 0 -0.754888 234 227
107192239387 217309382983 16 4 2 1 -1.019550 223 211
203516879943 217329793183 7 0 3 0 -0.094738 210 203
203600987803 217419609535 8 1 2 1 -0.094738 225 218
145073012847 217609519271 1 0 3 0 -0.584963 203 201
145111039999 217666559999 1 0 13 0 -0.584963 230 229
108844917247 217689834495 10 10 9 8 -1.000000 205 204
145131545535 217697318303 1 0 5 0 -0.584963 220 219
43006996479 217722919679 4 0 8 0 -2.339850 225 220
25488523035 217747655783 7 0 2 0 -3.094738 213 203
96777644191 217749699431 2 0 3 0 -1.169925 208 206
176860638655 217854209383 1 21 3 1 -0.300750 202 222
129117631771 217886003615 3 0 2 0 -0.754888 235 232
145270175743 217905263615 1 0 10 0 -0.584963 204 201
145290750463 217936125695 1 0 8 0 -0.584963 216 215
172257820999 218013804703 4 0 3 0 -0.339850 219 215
206987487343 218060892015 1 6 8 1 -0.075187 216 221
43127939583 218335194143 4 0 5 0 -2.339850 225 220
145588733823 218383100735 1 0 6 0 -0.584963 211 203
145618942111 218428413167 1 0 4 0 -0.584963 209 208
129439306395 218428829543 3 0 2 0 -0.754888 216 213
204552751519 218435970495 8 1 5 1 -0.094738 240 233
115099353255 218508928447 5 0 3 0 -0.924813 231 226
109281871087 218563742175 5 5 4 3 -1.000000 218 201
129531234075 218583957503 3 0 2 0 -0.754888 219 215
204716605543 218610945471 8 1 3 1 -0.094738 225 218
145781319679 218671979519 1 0 10 0 -0.584963 209 208
109358183167 218716366335 9 9 8 7 -1.000000 222 222
153615339631 218721840999 10 4 3 2 -0.509775 208 201
145816184287 218724276431 1 0 4 0 -0.584963 270 268
172871522631 218790520831 4 0 3 0 -0.339850 218 214
97243604607 218798110367 2 0 5 0 -1.169925 253 251
194508895323 218822507239 2 0 2 0 -0.169925 204 202
64837648383 218827063295 3 0 18 0 -1.754888 215 210
145914491583 218871737375 1 0 5 0 -0.584963 221 220
194607072027 218932956031 2 0 2 0 -0.169925 203 201
145991217903 218986826855 1 0 3 0 -0.584963 215 213
145994542719 218991814079 1 0 6 0 -0.584963 209 208
144110939263 219115624447 14 1 7 1 -0.604513 225 212
194777891611 219125128063 2 0 2 0 -0.169925 209 207
97392547263 219133231343 2 0 4 0 -1.169925 238 234
205280233887 219212827887 8 1 4 1 -0.094738 213 205
97455994095 219275986715 2 0 2 0 -1.169925 230 227
146243945151 219365917727 1 0 5 0 -0.584963 208 207
57001726911 219381222271 17 0 6 0 -1.944363 263 228
146303062783 219454594175 1 0 7 0 -0.584963 213 212
146323403391 219485105087 1 0 6 0 -0.584963 205 204
195172443163 219568998559 2 0 2 0 -0.169925 214 210
185262624447 219570517863 7 10 3 2 -0.245112 225 228
86757843439 219605791207 4 0 3 0 -1.339850 231 225
195308924763 219722540359 2 0 2 0 -0.169925 217 215
123626220783 219779948059 5 7 2 1 -0.830075 211 213
17153803711 219816613583 8 0 4 0 -3.679700 227 217
75142373887 219858242591 30 0 5 0 -1.548875 248 218
97772943519 219989122919 2 0 3 0 -1.169925 217 208
195560488731 220005549823 2 0 2 0 -0.169925 207 205
146774159359 220161239039 1 0 11 0 -0.584963 215 214
103100292955 220195645211 7 0 6 0 -1.094738 225 216
209123773467 220311465051 3 8 6 3 -0.075187 211 216
97925045247 220331351807 2 0 8 0 -1.169925 208 204
97945404447 220377160007 2 0 3 0 -1.169925 234 232
146991002727 220486504091 1 0 2 0 -0.584963 274 273
147046189503 220569284255 1 0 5 0 -0.584963 202 201
29049057279 220591278719 5 0 7 0 -2.924813 263 252
147075553791 220613330687 1 0 8 0 -0.584963 210 209
58116887791 220662558335 5 0 4 0 -1.924813 217 210
147284851879 220927277819 1 0 2 0 -0.584963 225 224
130967897371 221008326815 3 0 2 0 -0.754888 208 203
186482065407 221015781223 16 19 3 2 -0.245112 217 220
147343910335 221015865503 1 0 5 0 -0.584963 249 246
116441856327 221057586623 5 0 3 0 -0.924813 213 208
87377641243 221174654399 4 0 2 0 -1.339850 243 203
65544600295 221213025999 7 4 3 2 -1.754888 205 202
110630973439 221261946879 13 13 12 11 -1.000000 232 232
43127939583 221313999007 16 0 5 0 -2.359400 225 208
116590723399 221340201455 5 0 3 0 -0.924813 212 207
65584312167 221347053567 23 20 3 2 -1.754888 215 212
98396876799 221392972799 2 0 10 0 -1.169925 222 220
157708707687 221527732059 4 10 2 1 -0.490225 215 221
110766616191 221533232383 8 8 7 6 -1.000000 229 226
147707433279 221561149919 1 0 5 0 -0.584963 205 204
110801848167 221603696335 4 4 3 2 -1.000000 213 212
147774392799 221661589199 1 0 4 0 -0.584963 240 239
98591471359 221830810559 2 0 6 0 -1.169925 204 201
110918024607 221836049215 6 6 5 4 -1.000000 203 201
110938452415 221876904831 7 7 6 5 -1.000000 205 204
147948832767 221923249151 1 0 10 0 -0.584963 205 201
148036885671 222055328507 1 0 2 0 -0.584963 212 208
148040730783 222061096175 1 0 4 0 -0.584963 207 206
138678016047 222135367015 8 0 3 0 -0.679700 227 215
197457311835 222139475815 2 0 2 0 -0.169925 223 221
111081011823 222162023647 5 5 4 3 -1.000000 232 232
52019359359 222199880703 18 11 7 6 -2.094738 246 204
148160629999 222240944999 1 0 3 0 -0.584963 220 218
148202347239 222303520859 1 0 2 0 -0.584963 205 203
111163270591 222326541183 7 7 6 5 -1.000000 211 209
117145391943 222393205019 5 0 2 0 -0.924813 226 221
117225550495 222545381019 8 3 2 1 -0.924813 234 227
98930314879 222593208479 2 0 5 0 -1.169925 222 220
86757843439 222601931163 19 3 2 1 -1.359400 231 213
156344651679 222607912255 7 1 5 1 -0.509775 218 212
98968161535 222678363455 2 0 6 0 -1.169925 208 205
95071904487 222787145471 38 0 3 0 -1.228575 244 201
198220079355 222997589275 2 0 5 0 -0.169925 204 202
173833029279 223009047271 16 0 3 0 -0.359400 229 203
176235973959 223048654543 4 0 3 0 -0.339850 233 227
66103262367 223098510491 3 0 2 0 -1.754888 219 207
211803892839 223134965295 4 9 3 2 -0.075187 202 207
66138655903 223217963675 3 0 2 0 -1.754888 208 203
148825062015 223237593023 1 0 6 0 -0.584963 205 204
198465967899 223274213887 2 0 2 0 -0.169925 205 203
111649791999 223299583999 14 14 13 12 -1.000000 224 210
148897485759 223346228639 1 0 5 0 -0.584963 204 201
99270046959 223357605659 2 0 2 0 -1.169925 233 231
132434352231 223482969391 3 0 3 0 -0.754888 205 201
99333978271 223501451111 2 0 3 0 -1.169925 229 226
111772202751 223544405503 9 9 8 7 -1.000000 203 203
198716354811 223555899163 2 0 5 0 -0.169925 208 206
99358951935 223557641855 2 0 7 0 -1.169925 245 243
149108317743 223662476615 1 0 3 0 -0.584963 212 211
198844612635 223700189215 2 0 2 0 -0.169925 230 228
149138333695 223707500543 1 0 12 0 -0.584963 246 244
212593559551 223966877551 1 6 4 1 -0.075187 237 242
149325965823 223988948735 1 0 8 0 -0.584963 208 207
199111752475 224000721535 2 0 2 0 -0.169925 216 214
6058060479 224081696383 53 27 6 5 -5.209025 246 205
149397815295 224096722943 1 0 13 0 -0.584963 204 203
132889026727 224250232603 3 0 2 0 -0.754888 278 274
149543536255 224315304383 1 0 6 0 -0.584963 213 210
133008227431 224451383791 3 0 3 0 -0.754888 209 204
199580268795 224527802395 2 0 5 0 -0.169925 204 202
149785324783 224677987175 1 0 3 0 -0.584963 268 267
99870534687 224708703047 2 0 3 0 -1.169925 319 309
199846698523 224827535839 2 0 2 0 -0.169925 210 208
157957193007 224903893951 6 0 4 0 -0.509775 232 225
112470917119 224941834239 18 18 17 16 -1.000000 203 203
200098296475 225110583535 2 0 2 0 -0.169925 249 247
118592969031 225141339647 5 0 3 0 -0.924813 215 210
150119722087 225179583131 1 0 2 0 -0.584963 212 211
213785088667 225222151023 1 6 2 1 -0.075187 244 249
150164453871 225246680807 1 0 3 0 -0.584963 307 306
66744856191 225263889647 3 0 4 0 -1.754888 208 203
150197214975 225295822463 1 0 7 0 -0.584963 220 219
213879243391 225321342831 1 6 4 1 -0.075187 223 228
150233640175 225350460263 1 0 3 0 -0.584963 203 202
100167889951 225377752391 2 0 3 0 -1.169925 215 213
150307848303 225461772455 1 0 3 0 -0.584963 203 202
100244565231 225550271771 2 0 2 0 -1.169925 208 206
150386321151 225579481727 1 0 7 0 -0.584963 208 207
150428273983 225642410975 1 0 5 0 -0.584963 205 203
59436135663 225671577599 5 0 4 0 -1.924813 236 228
66873670143 225698636735 3 0 6 0 -1.754888 225 221
214257432735 225719764527 6 11 4 3 -0.075187 211 216
44591929855 225746644895 4 0 5 0 -2.339850 229 213
100339216383 225763236863 2 0 10 0 -1.169925 203 201
100346494975 225779613695 2 0 15 0 -1.169925 290 285
150536442879 225804664319 1 0 9 0 -0.584963 231 229
133817899803 225817705919 3 0 2 0 -0.754888 205 202
118956660039 225831784295 5 0 5 0 -0.924813 220 214
198045938415 225841423039 21 7 4 3 -0.189475 228 214
150563771391 225845657087 1 0 9 0 -0.584963 234 233
100443041215 225996842735 2 0 4 0 -1.169925 203 201
150674944767 226012417151 1 0 7 0 -0.584963 256 203
150683641071 226025461607 1 0 3 0 -0.584963 216 215
150739860351 226109790527 1 0 6 0 -0.584963 208 207
59575462047 226200582463 5 0 5 0 -1.924813 231 226
89369358063 226216187599 4 0 5 0 -1.339850 227 217
150946395375 226419593063 1 0 3 0 -0.584963 217 215
67096150887 226449509247 10 7 3 2 -1.754888 241 229
151009624063 226514436095 1 0 20 0 -0.584963 209 208
151029346471 226544019707 1 0 2 0 -0.584963 208 207
127439445759 226559014683 9 11 2 1 -0.830075 267 269
201413945755 226590688975 2 0 2 0 -0.169925 204 202
151061080191 226591620287 1 0 6 0 -0.584963 211 210
201500601595 226688176795 2 0 5 0 -0.169925 217 215
127521107583 226704191259 8 10 2 1 -0.830075 204 204
151169636095 226754454143 1 0 7 0 -0.584963 225 224
100817544639 226839475439 2 0 4 0 -1.169925 223 205
100950092479 227137708079 2 0 4 0 -1.169925 238 236
151448584191 227172876287 1 0 16 0 -0.584963 203 202
44279381631 227222703359 16 0 7 0 -2.359400 229 213
151492857703 227239286555 1 0 2 0 -0.584963 219 215
29929665279 227278395719 5 0 3 0 -2.924813 210 201
151548945967 227323418951 1 0 3 0 -0.584963 205 204
44299833855 227327655359 16 0 6 0 -2.359400 224 205
151586029735 227379044603 1 0 2 0 -0.584963 220 219
103626328575 227399348475 34 3 2 1 -1.133838 263 232
59925710619 227530432511 5 0 2 0 -1.924813 236 231
67417462783 227533936895 3 0 8 0 -1.754888 212 207
151694981151 227542471727 1 0 4 0 -0.584963 228 208
151716930495 227575395743 1 0 5 0 -0.584963 210 205
151750011039 227625016559 1 0 4 0 -0.584963 210 209
151751020015 227626530023 1 0 3 0 -0.584963 220 219
202406043675 227706799135 2 0 2 0 -0.169925 241 239
202427696923 227731159039 2 0 2 0 -0.169925 238 236
42139474011 227810101407 17 6 2 1 -2.434588 234 210
126428781679 227828769819 13 3 2 1 -0.849625 229 219
151930779495 227896169243 1 0 2 0 -0.584963 206 205
151932058047 227898087071 1 0 5 0 -0.584963 236 235
151950384127 227925576191 1 0 9 0 -0.584963 205 204
67544316351 227962067687 3 0 3 0 -1.754888 229 225
60056055579 228025336031 5 0 2 0 -1.924813 210 201
216479816007 228061040731 4 9 2 1 -0.075187 212 217
114031337983 228062675967 10 10 9 8 -1.000000 245 245
152085685503 228128528255 1 0 7 0 -0.584963 236 235
152122716831 228184075247 1 0 4 0 -0.584963 215 213
101424615039 228205383839 2 0 5 0 -1.169925 245 241
101451292095 228265407215 2 0 4 0 -1.169925 210 208
152211504319 228317256479 1 0 5 0 -0.584963 203 202
53455667311 228335047679 7 0 4 0 -2.094738 225 216
101482746751 228336180191 2 0 5 0 -1.169925 207 203
152229368559 228344052839 1 0 3 0 -0.584963 240 239
192755819967 228451342183 7 10 3 2 -0.245112 230 233
90363249511 228731975327 4 0 3 0 -1.339850 222 208
90371886951 228753838847 4 0 3 0 -1.339850 211 206
183227164095 228775633023 7 15 6 5 -0.320300 243 251
90381294831 228777652543 4 0 4 0 -1.339850 223 217
152544296959 228816445439 1 0 13 0 -0.584963 205 204
120556044615 228868115951 5 0 3 0 -0.924813 208 203
214396598895 228947930559 14 7 4 3 -0.094738 226 219
135673016167 228948214783 3 0 3 0 -0.754888 217 213
90463106287 228984737791 4 0 4 0 -1.339850 213 208
203600987803 229051111279 2 0 2 0 -0.169925 225 223
40218065055 229054448639 6 0 5 0 -2.509775 246 239
217478995071 229113673819 8 13 2 1 -0.075187 229 234
181035087087 229122532095 13 9 4 3 -0.339850 237 233
152755302399 229132953599 1 0 11 0 -0.584963 232 230
114595556479 229191112959 8 8 7 6 -1.000000 220 215
163203515631 229246090543 5 11 6 4 -0.490225 210 215
145073012847 229251180795 5 9 2 1 -0.660150 203 206
114639336295 229278672591 4 4 3 2 -1.000000 201 201
152861085543 229291628315 1 0 2 0 -0.584963 259 256
161075394471 229343676895 6 0 3 0 -0.509775 230 224
153001030383 229501545575 1 0 3 0 -0.584963 208 207
153017570031 229526355047 1 0 3 0 -0.584963 204 203
47771945967 229564260863 9 0 4 0 -2.264663 218 209
153120206847 229680310271 1 0 11 0 -0.584963 204 203
136132046695 229722828799 3 0 3 0 -0.754888 210 207
153267816943 229901725415 1 0 3 0 -0.584963 211 210
153335491615 230003237423 1 0 4 0 -0.584963 291 229
102228030555 230013068751 6 4 2 1 -1.169925 212 210
26929330335 230056427519 7 0 5 0 -3.094738 215 203
153373012719 230059519079 1 0 3 0 -0.584963 226 222
153384923583 230077385375 1 0 5 0 -0.584963 221 220
102277949211 230125385727 13 11 2 1 -1.169925 234 232
204564841755 230135446975 2 0 2 0 -0.169925 208 206
115076500975 230153001951 5 5 4 3 -1.000000 211 211
153456370623 230184555935 1 0 5 0 -0.584963 211 210
107828129863 230293085951 7 0 3 0 -1.094738 211 204
153541155583 230311733375 1 0 7 0 -0.584963 203 202
102378081439 230350683239 2 0 3 0 -1.169925 235 228
153615339631 230423009447 1 0 3 0 -0.584963 208 206
145994542719 230707425531 8 12 2 1 -0.660150 209 213
194714575359 230772830055 10 13 3 2 -0.245112 227 229
153958842111 230938263167 1 0 7 0 -0.584963 263 259
136852882279 230939238847 3 0 3 0 -0.754888 209 206
153977323263 230965984895 1 0 7 0 -0.584963 205 204
194891576559 230982609255 5 8 3 2 -0.245112 220 223
60871641327 231122013167 5 0 8 0 -1.924813 244 230
102736773231 231157739771 2 0 2 0 -1.169925 225 223
154225160943 231337741415 1 0 3 0 -0.584963 211 210
108333714171 231372883687 7 0 2 0 -1.094738 243 234
115722655983 231445311967 5 5 4 3 -1.000000 220 220
30087419815 231593507495 17 0 8 0 -2.944363 225 206
135416718363 231633412607 15 0 2 0 -0.774438 228 213
205910550619 231649369447 2 0 2 0 -0.169925 203 201
183067618555 231694954735 4 0 2 0 -0.339850 234 227
154575284391 231862926587 1 0 2 0 -0.584963 203 201
154584531111 231876796667 1 0 2 0 -0.584963 213 212
220125274863 231901524135 5 10 3 2 -0.075187 231 236
154719238887 232078858331 1 0 2 0 -0.584963 229 228
122277045807 232135329151 5 0 4 0 -0.924813 239 233
206347498779 232140936127 2 0 2 0 -0.169925 209 207
68783631999 232144757999 3 0 4 0 -1.754888 207 204
32220978415 232252997375 10 0 4 0 -2.849625 225 204
68820944895 232270689023 3 0 8 0 -1.754888 233 227
76439393307 232446828571 14 1 10 1 -1.604513 221 208
137761377639 232472324767 3 0 3 0 -0.754888 211 208
212357842335 232514771455 2 24 5 2 -0.130825 269 291
103414696831 232683067871 2 0 5 0 -1.169925 217 215
221050449663 232876193883 9 14 2 1 -0.075187 238 243
61345241883 232920215279 5 0 2 0 -1.924813 223 213
155319415551 232979123327 1 0 7 0 -0.584963 216 213
155368161127 233052241691 1 0 2 0 -0.584963 227 225
155398778607 233098167911 1 0 3 0 -0.584963 203 201
103626328575 233159239295 2 0 7 0 -1.169925 263 261
184269608175 233216222847 12 8 4 3 -0.339850 210 205
138202306407 233216392063 3 0 3 0 -0.754888 211 208
116693554111 233387108223 7 7 6 5 -1.000000 208 207
116698595967 233397191935 8 8 7 6 -1.000000 214 212
155661109759 233491664639 1 0 8 0 -0.584963 213 205
69191733759 233522101439 3 0 6 0 -1.754888 226 215
69208122087 233577412047 7 4 3 2 -1.754888 222 216
155727870111 233591805167 1 0 4 0 -0.584963 230 227
53953732251 233606785535 19 0 2 0 -2.114288 259 239
155755165695 233632748543 1 0 10 0 -0.584963 213 212
138500186907 233719065407 3 0 2 0 -0.754888 218 215
103878870271 233727458111 2 0 6 0 -1.169925 222 220
218906084187 233763479551 7 0 2 0 -0.094738 208 201
116890787455 233781574911 8 8 7 6 -1.000000 222 221
207830104155 233808867175 2 0 2 0 -0.169925 215 205
103970375071 233933343911 2 0 3 0 -1.169925 234 232
112312195399 233944225215 43 7 3 2 -1.058650 258 221
138679406235 234021498023 3 0 2 0 -0.754888 275 270
117019370527 234038741055 6 6 5 4 -1.000000 213 213
61652574055 234087117119 5 0 3 0 -1.924813 222 209
92525009691 234203930783 4 0 2 0 -1.339850 207 203
156185761327 234278641991 1 0 3 0 -0.584963 211 210
219539109567 234439469055 8 1 6 1 -0.094738 209 202
222597542655 234506053167 9 14 4 3 -0.075187 209 214
156344651679 234516977519 1 0 4 0 -0.584963 218 217
123553233055 234558090879 13 8 5 4 -0.924813 219 214
208628732571 234707324143 2 0 2 0 -0.169925 208 205
54959198703 234757358527 7 0 4 0 -2.094738 222 214
156560550399 234840825599 1 0 8 0 -0.584963 207 203
57923207931 234853878383 12 0 2 0 -2.019550 250 227
41257848679 234976341311 6 0 3 0 -2.509775 229 201
208891346715 235002765055 2 0 2 0 -0.169925 214 212
156739312063 235108968095 1 0 5 0 -0.584963 228 225
104493085167 235109441627 2 0 2 0 -1.169925 213 208
156751031295 235126546943 1 0 9 0 -0.584963 204 203
167412893119 235158851239 1 7 3 1 -0.490225 201 205
209123773467 235264245151 2 0 2 0 -0.169925 211 209
156895964799 235343947199 1 0 6 0 -0.584963 258 256
40218065055 235347185511 31 1 3 1 -2.548875 246 215
165318458671 235385071039 6 0 4 0 -0.509775 279 273
156941630575 235412445863 1 0 3 0 -0.584963 213 212
156958713855 235438070783 1 0 10 0 -0.584963 249 241
132434352231 235438848411 4 6 2 1 -0.830075 205 206
104677765119 235524971519 2 0 10 0 -1.169925 204 202
117776158335 235552316671 8 8 7 6 -1.000000 203 203
157079437311 235619155967 1 0 16 0 -0.584963 204 203
117824233471 235648466943 14 14 13 12 -1.000000 208 205
117861934951 235723869903 4 4 3 2 -1.000000 210 210
51707348415 235857624575 14 0 6 0 -2.189475 217 203
139892364379 236068364891 3 0 9 0 -0.754888 256 253
62176972959 236078194207 5 0 7 0 -1.924813 222 214
104930328319 236093238719 2 0 6 0 -1.169925 230 227
157487725671 236231588507 1 0 2 0 -0.584963 219 218
157561379295 236342068943 1 0 4 0 -0.584963 222 220
157708707687 236563061531 1 0 2 0 -0.584963 215 214
93457860379 236565209087 4 0 2 0 -1.339850 217 203
140205006619 236595948671 3 0 2 0 -0.754888 208 204
73857990175 236612438255 8 0 4 0 -1.679700 232 223
70129396839 236686714335 8 5 3 2 -1.754888 249 216
118357600255 236715200511 12 12 11 10 -1.000000 218 215
105208901247 236720027807 2 0 5 0 -1.169925 212 208
70141259775 236726751743 3 0 9 0 -1.754888 287 269
149885847195 236856647419 3 7 5 3 -0.660150 218 222
118459249903 236918499807 5 5 4 3 -1.000000 222 221
158014338279 237021507419 1 0 2 0 -0.584963 208 207
158026929391 237040394087 1 0 3 0 -0.584963 213 210
140487561063 237072759295 3 0 3 0 -0.754888 208 205
210824608539 237177684607 2 0 2 0 -0.169925 223 221
111081011823 237240403183 7 0 7 0 -1.094738 232 225
200184217215 237255368551 8 11 3 2 -0.245112 202 205
158183453151 237275179727 1 0 4 0 -0.584963 229 228
150164453871 237296914759 5 9 3 2 -0.660150 307 311
140631452775 237315576559 3 0 3 0 -0.754888 206 203
150230797083 237401753415 3 7 2 1 -0.660150 214 218
211047218971 237428121343 2 0 2 0 -0.169925 227 225
105524090271 237429203111 2 0 3 0 -1.169925 213 208
93818877255 237479033055 9 5 3 2 -1.339850 221 215
133628506863 237561789979 5 7 2 1 -0.830075 250 218
118808373607 237616747215 4 4 3 2 -1.000000 211 211
105614679535 237633028955 2 0 2 0 -1.169925 247 245
140826711067 237645074927 3 0 2 0 -0.754888 210 207
125190582523 237666496511 5 0 2 0 -0.924813 230 225
140910274407 237786088063 3 0 3 0 -0.754888 205 201
158536238527 237804357791 1 0 5 0 -0.584963 212 210
158552467935 237828701903 1 0 4 0 -0.584963 245 244
118918035903 237836071807 7 7 6 5 -1.000000 205 204
105721621119 237873647519 2 0 5 0 -1.169925 214 212
66063773343 238098129407 10 0 5 0 -1.849625 215 202
188131045627 238103354623 4 0 2 0 -0.339850 229 225
158802335487 238203503231 1 0 7 0 -0.584963 207 203
158859441183 238289161775 1 0 4 0 -0.584963 214 210
158867007103 238300510655 1 0 6 0 -0.584963 210 209
29393198319 238353740059 12 0 2 0 -3.019550 228 216
70627788223 238368785255 3 0 3 0 -1.754888 208 203
158932309759 238398464639 1 0 7 0 -0.584963 203 202
212088293371 238599330043 2 0 8 0 -0.169925 206 204
159160841631 238741262447 1 0 4 0 -0.584963 251 250
174295719039 238778783335 23 0 3 0 -0.454138 230 201
106141986075 238819468671 9 7 2 1 -1.169925 214 210
106160009631 238860021671 2 0 3 0 -1.169925 224 222
159254238975 238881358463 1 0 7 0 -0.584963 213 210
220702496859 238897286143 20 1 2 1 -0.114288 260 241
212516321371 239080861543 2 0 2 0 -0.169925 205 203
167971169727 239162075647 27 21 6 5 -0.509775 213 207
134573335791 239241485851 5 7 2 1 -0.830075 207 208
201966064287 239367187303 6 9 3 2 -0.245112 216 219
106392242415 239382545435 2 0 2 0 -1.169925 214 212
159611182335 239416773503 1 0 7 0 -0.584963 212 211
189185044731 239437322239 4 0 2 0 -0.339850 210 206
46663509063 239457017855 16 0 3 0 -2.359400 245 208
141910877211 239474605295 3 0 2 0 -0.754888 217 205
106455484575 239524840295 2 0 3 0 -1.169925 210 207
71000141983 239625479195 3 0 2 0 -1.754888 232 227
106511887519 239651746919 2 0 3 0 -1.169925 228 222
119861411839 239722823679 19 19 18 17 -1.000000 242 225
28074096799 239836131647 7 0 5 0 -3.094738 217 205
63199186479 239959411167 10 5 4 3 -1.924813 225 219
159998315391 239997473087 1 0 6 0 -0.584963 217 215
160047799743 240071699615 1 0 5 0 -0.584963 215 210
149885847195 240088145375 8 0 2 0 -0.679700 218 210
189699629307 240088593343 4 0 2 0 -0.339850 215 208
37485614107 240178822427 8 0 8 0 -2.679700 227 219
160124759679 240187139519 1 0 6 0 -0.584963 207 205
197295314023 240255458047 22 1 3 1 -0.284213 271 250
160250001567 240375002351 1 0 4 0 -0.584963 220 219
200101724911 240393203823 14 5 7 5 -0.264663 232 223
37527388827 240446482523 8 0 6 0 -2.679700 241 222
213761552635 240481746715 2 0 5 0 -0.169925 212 210
213785088667 240508224751 2 0 2 0 -0.169925 244 242
135392826471 240698358171 4 6 2 1 -0.830075 202 203
95145648879 240837423727 4 0 7 0 -1.339850 266 251
107047517887 240856915247 2 0 4 0 -1.169925 212 210
214113845275 240878075935 2 0 2 0 -0.169925 238 236
47588391423 240916231583 4 0 5 0 -2.339850 211 205
120469968543 240939937087 6 6 5 4 -1.000000 217 215
71390387199 240942556799 3 0 7 0 -1.754888 211 208
120583759719 241167519439 4 4 3 2 -1.000000 217 211
107192239387 241182538623 9 7 2 1 -1.169925 223 221
107235057663 241278879743 2 0 11 0 -1.169925 206 204
142983168027 241284096047 3 0 2 0 -0.754888 212 208
160861380775 241292071163 1 0 2 0 -0.584963 209 203
71498788863 241308412415 3 0 9 0 -1.754888 229 224
56498922523 241334264767 7 0 2 0 -2.094738 238 230
174158724399 241341787167 5 23 4 3 -0.470675 220 238
160910196847 241365295271 1 0 3 0 -0.584963 213 208
201342054399 241378722495 13 57 6 5 -0.261650 239 241
160952046591 241428069887 1 0 9 0 -0.584963 213 212
95396699931 241472896703 4 0 2 0 -1.339850 228 224
120759160447 241518320895 8 8 7 6 -1.000000 204 204
214693861627 241530594331 2 0 5 0 -0.169925 208 205
107365158655 241571606975 2 0 6 0 -1.169925 217 206
120797539687 241595079375 4 4 3 2 -1.000000 210 210
161174868207 241762302311 1 0 3 0 -0.584963 215 214
161184138735 241776208103 1 0 3 0 -0.584963 240 239
161246677887 241870016831 1 0 6 0 -0.584963 212 211
204109364895 241907395431 6 9 3 2 -0.245112 227 230
120964115487 241928230975 6 6 5 4 -1.000000 222 219
127498205275 242047374079 5 0 2 0 -0.924813 246 238
107601458623 242103281903 2 0 4 0 -1.169925 209 207
143516257435 242183684423 3 0 2 0 -0.754888 224 221
161488277247 242232415871 1 0 7 0 -0.584963 246 234
215342756443 242260600999 2 0 2 0 -0.169925 234 232
31913144319 242340439679 5 0 7 0 -2.924813 233 209
161605539375 242408309063 1 0 3 0 -0.584963 228 225
215512181787 242451204511 2 0 2 0 -0.169925 218 216
161642728639 242464092959 1 0 5 0 -0.584963 205 204
121248299167 242496598335 6 6 5 4 -1.000000 210 210
54516371871 242527608575 43 0 5 0 -2.153388 273 220
145711079583 242577892383 10 19 7 5 -0.735337 213 201
161734246431 242601369647 1 0 4 0 -0.584963 207 206
207503830887 242620332795 4 19 2 1 -0.225562 205 217
136503342951 242672609691 4 6 2 1 -0.830075 203 205
191887543279 242857671963 7 3 2 1 -0.339850 228 224
107984982975 242966211695 2 0 4 0 -1.169925 211 205
215985669915 242983878655 2 0 2 0 -0.169925 213 211
85327963695 242984709119 6 0 4 0 -1.509775 286 279
151694981151 242986028159 8 0 5 0 -0.679700 228 201
72024692127 243083335931 3 0 2 0 -1.754888 238 230
162099550719 243149326079 1 0 8 0 -0.584963 229 228
162139417407 243209126111 1 0 5 0 -0.584963 213 212
162205691239 243308536859 1 0 2 0 -0.584963 227 217
96144596763 243366010559 4 0 2 0 -1.339850 217 210
121696176639 243392353279 10 10 9 8 -1.000000 208 206
108186210303 243418973183 2 0 10 0 -1.169925 251 249
162280049775 243420074663 1 0 3 0 -0.584963 208 207
216405592827 243456291931 2 0 5 0 -0.169925 211 209
121742865135 243485730271 5 5 4 3 -1.000000 234 228
72149446503 243504381951 20 17 3 2 -1.754888 247 244
114023220891 243524203215 11 4 2 1 -1.094738 235 228
162414808191 243622212287 1 0 6 0 -0.584963 211 210
162432630399 243648945599 1 0 6 0 -0.584963 203 202
162447452007 243671178011 1 0 2 0 -0.584963 208 206
162477448431 243716172647 1 0 3 0 -0.584963 241 240
162485355967 243728033951 1 0 5 0 -0.584963 223 217
121898578687 243797157375 9 9 8 7 -1.000000 205 205
192636369223 243805404799 4 0 3 0 -0.339850 205 201
162558163711 243837245567 1 0 7 0 -0.584963 228 227
162745211199 244117816799 1 0 5 0 -0.584963 236 235
162788174335 244182261503 1 0 8 0 -0.584963 207 206
122209442559 244418885119 9 9 8 7 -1.000000 203 203
64383185391 244454907035 5 0 2 0 -1.924813 224 215
144863503387 244457161967 3 0 2 0 -0.754888 232 229
206299705983 244503355239 8 11 3 2 -0.245112 205 205
163075591407 244613387111 1 0 3 0 -0.584963 229 227
163190644479 244785966719 1 0 7 0 -0.584963 258 257
163203515631 244805273447 1 0 3 0 -0.584963 210 208
145089247323 244838104859 3 0 6 0 -0.754888 209 205
241587219391 244883257791 19 7 9 7 -0.019550 218 206
122447642655 244895285311 6 6 5 4 -1.000000 207 207
163271727423 244907591135 1 0 5 0 -0.584963 222 221
137761377639 244909115803 4 6 2 1 -0.830075 211 213
217718073435 244932832615 2 0 2 0 -0.169925 279 277
217761617691 244981819903 2 0 2 0 -0.169925 241 239
163323147967 244984721951 1 0 5 0 -0.584963 227 210
163418635263 245127952895 1 0 9 0 -0.584963 225 222
163454559679 245181839519 1 0 5 0 -0.584963 208 205
163488959335 245233439003 1 0 2 0 -0.584963 212 211
76551595135 245241706879 15 7 8 6 -1.679700 229 211
163542612607 245313918911 1 0 6 0 -0.584963 211 210
72700875775 245365455743 3 0 7 0 -1.754888 243 233
193915417839 245424200703 15 11 4 3 -0.339850 205 201
218175864603 245447847679 2 0 2 0 -0.169925 224 222
163673959143 245510938715 1 0 2 0 -0.584963 220 219
163792715775 245689073663 1 0 14 0 -0.584963 217 216
212593559551 245738330863 27 1 4 1 -0.209025 237 211
207460032603 245878557159 3 6 2 1 -0.245112 203 205
218620186875 245947710235 2 0 5 0 -0.169925 275 273
163968300135 245952450203 1 0 2 0 -0.584963 205 203
230326835227 245959369455 8 1 2 1 -0.094738 225 217
164022403071 246033604607 1 0 13 0 -0.584963 222 217
109358183167 246055912127 2 0 6 0 -1.169925 222 220
175211184351 246112829595 1 7 2 1 -0.490225 210 210
230472467359 246114885799 7 0 3 0 -0.094738 208 201
97236309735 246129409019 4 0 2 0 -1.339850 239 235
109557812223 246505077503 2 0 8 0 -1.169925 212 210
219121970203 246512216479 2 0 2 0 -0.169925 294 292
109562564031 246515769071 2 0 4 0 -1.169925 210 205
164446510335 246669765503 1 0 7 0 -0.584963 218 217
97455994095 246685485055 4 0 4 0 -1.339850 230 225
219338576539 246755898607 2 0 2 0 -0.169925 213 211
109690611135 246803875055 2 0 4 0 -1.169925 228 226
164537414655 246806121983 1 0 9 0 -0.584963 203 201
164613274111 246919911167 1 0 8 0 -0.584963 207 206
164675684199 247013526299 1 0 2 0 -0.584963 223 222
164682704511 247024056767 1 0 6 0 -0.584963 203 201
123553233055 247106466111 6 6 5 4 -1.000000 219 217
219676971675 247136593135 2 0 2 0 -0.169925 291 289
162558163711 247163981671 13 0 3 0 -0.604513 228 215
21407990427 247177306431 24 6 2 1 -3.529325 261 238
164789860863 247184791295 1 0 8 0 -0.584963 212 211
219779948059 247252441567 2 0 2 0 -0.169925 213 210
208628732571 247263683047 3 6 2 1 -0.245112 208 210
164847078559 247270617839 1 0 4 0 -0.584963 207 206
164860082175 247290123263 1 0 10 0 -0.584963 213 212
205885903903 247342056063 17 8 5 4 -0.264663 224 215
123731042047 247462084095 9 9 8 7 -1.000000 208 204
103100292955 247720100863 9 0 2 0 -1.264663 225 214
220311465051 247850398183 2 0 2 0 -0.169925 216 214
165251128959 247876693439 1 0 6 0 -0.584963 262 261
123967182063 247934364127 5 5 4 3 -1.000000 266 261
174158724399 247972090015 6 0 4 0 -0.509775 220 214
146991002727 248047317103 3 0 3 0 -0.754888 274 271
147006924571 248074185215 3 0 2 0 -0.754888 214 210
165432781695 248149172543 1 0 6 0 -0.584963 211 210
124130995839 248261991679 8 8 7 6 -1.000000 217 217
220702496859 248290308967 2 0 2 0 -0.169925 260 258
174456050331 248395431039 14 8 2 1 -0.509775 254 248
147284851879 248543187547 3 0 2 0 -0.754888 225 222
130951159855 248602592539 5 0 2 0 -0.924813 236 229
165806663167 248709994751 1 0 8 0 -0.584963 203 202
124505800551 249011601103 4 4 3 2 -1.000000 217 216
65584312167 249015435263 5 0 3 0 -1.924813 215 210
58299789423 249026639591 7 0 3 0 -2.094738 217 202
112189493743 249028795135 13 23 4 3 -1.150375 204 209
166052917095 249079375643 1 0 2 0 -0.584963 204 203
166070590719 249105886079 1 0 7 0 -0.584963 218 217
147647791771 249155648615 3 0 2 0 -0.754888 225 220
221527732059 249218698567 2 0 2 0 -0.169925 221 219
110766616191 249224886431 2 0 5 0 -1.169925 229 224
29176776943 249256293659 7 0 2 0 -3.094738 225 202
166181895615 249272843423 1 0 5 0 -0.584963 225 224
221609489499 249310675687 2 0 2 0 -0.169925 228 226
110828602239 249364355039 2 0 5 0 -1.169925 227 222
221664286491 249372322303 2 0 2 0 -0.169925 206 204
166307037183 249460555775 1 0 17 0 -0.584963 210 203
140337543327 249488965915 6 8 2 1 -0.830075 212 214
221775704667 249497667751 2 0 2 0 -0.169925 210 208
166361453727 249542180591 1 0 4 0 -0.584963 204 203
197209985095 249593887387 4 0 2 0 -0.339850 208 204
124796952687 249593905375 5 5 4 3 -1.000000 223 222
166407529191 249611293787 1 0 2 0 -0.584963 214 213
110938452415 249611517935 2 0 4 0 -1.169925 205 202
192450368127 249739480935 8 33 3 2 -0.375937 227 252
148036885671 249812244571 3 0 2 0 -0.754888 212 206
148038713115 249815328383 3 0 2 0 -0.754888 208 204
219121970203 249875447919 19 5 2 1 -0.189475 294 280
29262084543 249985073819 7 0 2 0 -3.094738 230 217
177971819247 249990593839 5 11 6 4 -0.490225 219 218
166700720295 250051080443 1 0 2 0 -0.584963 215 213
148202347239 250091460967 3 0 7 0 -0.754888 205 201
111163270591 250117358831 2 0 4 0 -1.169925 211 207
117145391943 250192355647 7 0 3 0 -1.094738 226 219
125100024447 250200048895 8 8 7 6 -1.000000 207 204
148340451099 250324511231 3 0 2 0 -0.754888 204 201
166911944551 250367916827 1 0 2 0 -0.584963 234 233
166948106943 250422160415 1 0 5 0 -0.584963 203 202
222601931163 250427172559 2 0 2 0 -0.169925 213 210
111303956127 250433901287 2 0 3 0 -1.169925 212 210
49484080767 250513158887 4 0 3 0 -2.339850 210 203
125290605727 250581211455 6 6 5 4 -1.000000 204 203
125337037311 250674074623 10 10 9 8 -1.000000 219 219
99064444699 250756875647 4 0 2 0 -1.339850 208 204
125396478063 250792956127 5 5 4 3 -1.000000 204 201
167229075303 250843612955 1 0 2 0 -0.584963 212 211
148685047579 250906017791 3 0 2 0 -0.754888 205 202
66103262367 250985824303 5 0 4 0 -1.924813 219 205
167366863359 251050295039 1 0 8 0 -0.584963 232 231
66138655903 251120209135 5 0 4 0 -1.924813 208 201
125597079295 251194158591 9 9 8 7 -1.000000 208 206
111649791999 251212031999 2 0 11 0 -1.169925 224 208
132342989127 251244893423 5 0 3 0 -0.924813 221 209
165251128959 251258540799 14 1 7 1 -0.604513 262 249
99270046959 251277306367 4 0 4 0 -1.339850 233 229
52292621671 251288005951 9 0 3 0 -2.264663 238 229
235410653167 251388231679 7 0 4 0 -0.094738 232 225
146991002727 251431492327 16 1 7 1 -0.774438 274 259
111772202751 251487456191 2 0 6 0 -1.169925 203 201
167659480191 251489220287 1 0 6 0 -0.584963 205 203
198716354811 251500386559 4 0 2 0 -0.339850 208 204
134344600815 251612018719 5 12 4 3 -0.905262 232 239
125830509807 251661019615 5 5 4 3 -1.000000 217 215
74569166847 251670938111 3 0 9 0 -1.754888 246 242
212364849903 251691673959 5 8 3 2 -0.245112 220 222
125862915823 251725831647 5 5 4 3 -1.000000 218 203
125885385919 251770771839 7 7 6 5 -1.000000 205 205
167971169727 251956754591 1 0 5 0 -0.584963 213 212
149311800091 251963662655 3 0 2 0 -0.754888 328 325
126015724647 252031449295 4 4 3 2 -1.000000 203 203
132889026727 252281511679 5 0 3 0 -0.924813 278 272
168334736703 252502105055 1 0 5 0 -0.584963 211 203
243003098143 252557554303 6 23 5 4 -0.055637 220 237
21879934495 252626386943 18 0 5 0 -3.529325 242 220
168477754215 252716631323 1 0 2 0 -0.584963 205 204
168513122463 252769683695 1 0 4 0 -0.584963 205 204
224692871419 252779480347 2 0 5 0 -0.169925 236 234
168519960735 252779941103 1 0 4 0 -0.584963 214 213
168526138527 252789207791 1 0 4 0 -0.584963 234 233
70152078063 252832645119 35 25 4 3 -1.849625 217 207
126428781679 252857563359 5 5 4 3 -1.000000 229 229
112413767919 252930977819 2 0 2 0 -1.169925 220 206
126465557743 252931115487 5 5 4 3 -1.000000 217 217
112470917119 253059563519 2 0 15 0 -1.169925 203 201
216479816007 253115351071 6 21 3 2 -0.225562 212 227
168796161583 253194242375 1 0 3 0 -0.584963 239 238
237102258207 253194647803 8 1 2 1 -0.094738 220 213
112312195399 253230667111 55 0 5 0 -1.172938 258 202
133408019271 253266786587 5 0 2 0 -0.924813 207 202
75047113215 253284007103 3 0 6 0 -1.754888 213 205
225152626939 253296705307 2 0 5 0 -0.169925 226 224
168876899967 253315349951 1 0 6 0 -0.584963 214 213
150119722087 253327031023 3 0 3 0 -0.754888 212 209
213757633563 253342380519 3 6 2 1 -0.245112 205 205
150230797083 253514470079 3 0 2 0 -0.754888 214 211
112713743871 253605923711 2 0 7 0 -1.169925 225 222
200390127687 253618755355 4 0 2 0 -0.339850 210 206
126830299647 253660599295 10 10 9 8 -1.000000 220 217
133645183227 253717027535 5 0 2 0 -0.924813 218 213
100244565231 253744055743 4 0 4 0 -1.339850 208 204
169166424303 253749636455 1 0 3 0 -0.584963 216 215
105614679535 253761442543 9 0 8 0 -1.264663 247 238
150394116763 253790072039 3 0 2 0 -0.754888 288 285
225687351963 253898270959 2 0 2 0 -0.169925 236 234
169295028271 253942542407 1 0 3 0 -0.584963 234 233
44590940271 253959339519 15 9 4 3 -2.509775 223 211
50173247487 254002065407 4 0 12 0 -2.339850 290 283
66905085723 254030247359 5 0 2 0 -1.924813 247 227
127036345375 254072690751 6 6 5 4 -1.000000 214 214
75281885695 254076364223 3 0 6 0 -1.754888 234 229
200759014639 254085627903 21 17 4 3 -0.339850 242 238
96380998047 254086667263 40 0 5 0 -1.398500 269 229
127082999655 254165999311 4 4 3 2 -1.000000 202 202
127086520431 254173040863 5 5 4 3 -1.000000 202 202
169472584191 254208876287 1 0 8 0 -0.584963 216 215
203600987803 254214188703 3 11 2 1 -0.320300 225 233
169501289191 254251933787 1 0 2 0 -0.584963 208 205
59551549767 254373514343 7 0 5 0 -2.094738 216 205
229251180795 254436237439 3 13 2 1 -0.150375 206 216
113100291231 254475655271 2 0 3 0 -1.169925 226 222
241581408327 254505516591 4 9 3 2 -0.075187 228 233
169707873727 254561810591 1 0 5 0 -0.584963 211 210
127301612391 254603224783 4 4 3 2 -1.000000 201 201
169791360159 254687040239 1 0 4 0 -0.584963 209 208
127348044015 254696088031 5 5 4 3 -1.000000 219 219
100625723643 254708862975 16 12 2 1 -1.339850 210 206
52292621671 254716394751 22 1 3 1 -2.284213 238 217
67096150887 254755697903 5 0 3 0 -1.924813 241 227
178933935963 254771170543 6 0 2 0 -0.509775 217 210
127430725663 254861451327 6 6 5 4 -1.000000 239 239
151029346471 254862022171 3 0 2 0 -0.754888 208 205
226559014683 254878891519 2 0 2 0 -0.169925 269 267
201409940463 254909455899 7 3 2 1 -0.339850 220 216
201500601595 255024198895 4 0 2 0 -0.339850 217 213
226704191259 255042215167 2 0 2 0 -0.169925 204 202
170086264047 255129396071 1 0 3 0 -0.584963 214 213
226788723739 255137314207 2 0 2 0 -0.169925 230 228
221213025999 255168248551 1 28 3 1 -0.206012 202 229
170229153823 255343730735 1 0 4 0 -0.584963 207 206
170244930159 255367395239 1 0 3 0 -0.584963 220 217
83979793051 255376654815 18 5 2 1 -1.604513 246 230
127695779055 255391558111 5 5 4 3 -1.000000 221 201
170263531519 255395297279 1 0 11 0 -0.584963 209 208
170296400383 255444600575 1 0 8 0 -0.584963 227 215
170305158591 255457737887 1 0 5 0 -0.584963 238 237
151386604315 255464894783 3 0 2 0 -0.754888 223 220
127790021871 255580043743 5 5 4 3 -1.000000 211 211
170394320287 255591480431 1 0 4 0 -0.584963 234 233
22441748479 255625541279 6 0 5 0 -3.509775 218 211
151492857703 255644197375 3 0 3 0 -0.754888 219 213
170461673119 255692509679 1 0 4 0 -0.584963 204 203
227369312283 255790476319 2 0 2 0 -0.169925 218 216
151586029735 255801425179 3 0 2 0 -0.754888 220 217
227399348475 255824267035 2 0 5 0 -0.169925 232 229
127938289311 255876578623 6 6 5 4 -1.000000 242 242
151667573019 255939029471 3 0 2 0 -0.754888 212 209
33708212223 255971736575 5 0 10 0 -2.924813 234 229
33708731391 255975679007 5 0 5 0 -2.924813 216 205
227550920475 255994785535 2 0 2 0 -0.169925 214 205
170680481007 256020721511 1 0 3 0 -0.584963 218 217
227636795163 256091394559 2 0 2 0 -0.169925 213 211
113865579519 256197553919 2 0 8 0 -1.169925 236 234
170827889919 256241834879 1 0 7 0 -0.584963 211 210
170834220591 256251330887 1 0 3 0 -0.584963 205 203
227828769819 256307366047 2 0 2 0 -0.169925 219 217
135035101231 256355699995 5 0 2 0 -0.924813 241 220
194891576559 256357877019 2 15 2 1 -0.395487 220 233
151930779495 256383190399 3 0 3 0 -0.754888 206 203
170968874751 256453312127 1 0 7 0 -0.584963 215 214
157957193007 256468856991 26 6 4 3 -0.699250 232 211
228061040731 256568670823 2 0 2 0 -0.169925 217 215
114031337983 256570510463 2 0 7 0 -1.169925 245 243
128293632703 256587265407 7 7 6 5 -1.000000 239 239
180212661439 256591855839 7 1 5 1 -0.509775 207 201
228202970907 256728342271 2 0 2 0 -0.169925 205 203
76078594791 256765257423 7 4 3 2 -1.754888 250 246
171212364015 256818546023 1 0 3 0 -0.584963 207 205
144460775535 256819156507 5 7 2 1 -0.830075 297 298
171240073959 256860110939 1 0 2 0 -0.584963 202 201
76111682559 256876928639 3 0 7 0 -1.754888 219 214
128537067519 257074135039 20 20 19 18 -1.000000 228 225
171448290799 257172436199 1 0 3 0 -0.584963 224 222
114388826271 257374859111 2 0 3 0 -1.169925 219 215
76272148479 257418501119 3 0 10 0 -1.754888 206 202
171627480511 257441220767 1 0 5 0 -0.584963 206 205
128763062119 257526124239 4 4 3 2 -1.000000 234 230
171692193007 257538289511 1 0 3 0 -0.584963 214 213
152626878555 257557857563 3 0 6 0 -0.754888 222 206
114474107391 257566741631 2 0 7 0 -1.169925 214 210
114492368895 257607830015 2 0 9 0 -1.169925 208 206
217378950783 257634312039 8 11 3 2 -0.245112 243 246
76351482879 257686254719 3 0 7 0 -1.754888 241 237
171921008175 257881512263 1 0 3 0 -0.584963 263 262
229251180795 257907578395 2 0 5 0 -0.169925 206 204
152861085543 257953081855 3 0 3 0 -0.754888 259 253
171988634943 257982952415 1 0 5 0 -0.584963 219 218
114671838447 258011636507 2 0 2 0 -1.169925 224 222
229470314587 258154103911 2 0 2 0 -0.169925 203 201
161184138735 258185823791 8 0 6 0 -0.679700 240 232
129300542703 258601085407 5 5 4 3 -1.000000 225 221
153282127131 258663589535 3 0 2 0 -0.754888 213 210
102277949211 258891058943 4 0 2 0 -1.339850 234 230
215512181787 258906632943 10 1 2 1 -0.264663 218 209
115076500975 258922127195 2 0 2 0 -1.169925 211 209
186973064319 259099356927 8 26 7 6 -0.470675 241 259
230326835227 259117689631 2 0 2 0 -0.169925 225 222
64837648383 259350593535 34 34 21 20 -2.000000 215 213
127938289311 259367570535 13 1 3 1 -1.019550 242 230
255950050239 259442044543 20 8 6 5 -0.019550 218 206
216039344871 259539942939 12 3 2 1 -0.264663 225 215
230707425531 259545853723 2 0 5 0 -0.169925 213 210
230711408667 259550334751 2 0 2 0 -0.169925 203 201
129799856127 259599712255 14 14 13 12 -1.000000 219 219
230785862811 259634095663 2 0 2 0 -0.169925 220 218
173090098815 259635148223 1 0 6 0 -0.584963 245 244
173265989479 259898984219 1 0 2 0 -0.584963 217 216
121693642587 259906246427 7 0 6 0 -1.094738 238 231
129981260527 259962521055 5 5 4 3 -1.000000 205 205
129991187455 259982374911 11 11 10 9 -1.000000 204 204
173338249695 260007374543 1 0 4 0 -0.584963 232 229
102736773231 260052457243 4 0 2 0 -1.339850 225 221
20306699199 260219245023 13 5 5 4 -3.679700 213 203
247007569767 260221966503 4 9 6 4 -0.075187 204 209
138679406235 260273530319 46 0 2 0 -0.908275 275 227
115722655983 260375975963 2 0 2 0 -1.169925 220 217
68623946991 260556548735 5 0 4 0 -1.924813 214 207
173720381055 260580571583 1 0 6 0 -0.584963 203 202
173846540007 260769810011 1 0 2 0 -0.584963 214 213
208891346715 260819678751 3 11 2 1 -0.320300 214 222
154584531111 260861396251 3 0 2 0 -0.754888 213 210
77309415423 260919277055 3 0 9 0 -1.754888 228 225
96571704411 261038020655 11 0 2 0 -1.434588 222 211
154719238887 261088715623 3 0 7 0 -0.754888 229 226
244548937855 261146741743 12 5 4 3 -0.094738 217 210
116067664575 261152245295 2 0 4 0 -1.169925 234 222
174168260719 261252391079 1 0 3 0 -0.584963 228 227
174188111871 261282167807 1 0 10 0 -0.584963 222 221
76439393307 261502682143 15 0 2 0 -1.774438 221 206
174390092223 261585138335 1 0 5 0 -0.584963 205 204
163323147967 261612102983 8 0 3 0 -0.679700 227 203
130849330111 261698660223 7 7 6 5 -1.000000 262 201
155134901019 261790145471 3 0 2 0 -0.754888 209 206
130899442815 261798885631 8 8 7 6 -1.000000 203 203
18162338031 261832983023 10 0 8 0 -3.849625 233 211
130935692415 261871384831 8 8 7 6 -1.000000 214 203
76551595135 261886529759 15 0 5 0 -1.774438 229 204
232876193883 261985718119 2 0 2 0 -0.169925 243 241
232914965787 262029336511 2 0 2 0 -0.169925 217 215
155368161127 262183771903 3 0 3 0 -0.754888 227 222
174845357295 262268035943 1 0 3 0 -0.584963 205 201
174846082815 262269124223 1 0 7 0 -0.584963 205 203
116608196031 262368441071 2 0 4 0 -1.169925 208 206
97087848687 262433183771 11 0 2 0 -1.434588 234 222
174972394431 262458591647 1 0 5 0 -0.584963 222 213
116693554111 262560496751 2 0 4 0 -1.169925 208 205
116698595967 262571840927 2 0 5 0 -1.169925 214 210
186973064319 262634318055 1 7 3 1 -0.490225 241 247
131364453375 262728906751 11 11 10 9 -1.000000 235 209
166307037183 262806182215 19 23 3 2 -0.660150 210 208
97236309735 262834481215 11 0 3 0 -1.434588 239 228
249488965915 262836112239 1 6 2 1 -0.075187 214 219
77877582847 262836842111 3 0 7 0 -1.754888 213 210
131446086895 262892173791 5 5 4 3 -1.000000 208 208
246194724799 262904230047 13 6 5 4 -0.094738 213 205
184662303775 262927381743 11 5 4 3 -0.509775 214 208
77906355135 262933948583 3 0 3 0 -1.754888 216 213
51939435135 262943390375 4 0 3 0 -2.339850 225 217
175301310463 262951965695 1 0 10 0 -0.584963 215 213
218895614623 262971336831 17 8 5 4 -0.264663 230 221
116890787455 263004271775 2 0 5 0 -1.169925 222 219
233814123675 263040889135 2 0 2 0 -0.169925 203 201
175399298559 263098947839 1 0 8 0 -0.584963 204 203
187323396255 263126416687 6 12 4 3 -0.490225 210 215
222084115071 263210803047 8 11 3 2 -0.245112 204 207
219121970203 263243270235 10 1 6 1 -0.264663 294 285
117019370527 263293583687 2 0 3 0 -1.169925 213 211
52019359359 263348006759 4 0 3 0 -2.339850 246 207
175604018815 263406028223 1 0 6 0 -0.584963 217 215
104141057895 263607052799 4 0 3 0 -1.339850 235 223
175739906559 263609859839 1 0 8 0 -0.584963 222 210
234364543227 263660111131 2 0 5 0 -0.169925 234 232
237582404767 263682712303 6 16 4 3 -0.150375 240 250
175885765791 263828648687 1 0 4 0 -0.584963 242 241
234560688795 263880774895 2 0 2 0 -0.169925 243 241
158536238527 263929048623 7 16 4 3 -0.735337 212 217
175987503855 263981255783 1 0 3 0 -0.584963 207 206
75142373887 264127794735 40 1 4 1 -1.813538 248 209
183067618555 264213034143 24 6 2 1 -0.529325 234 213
234935968411 264302964463 2 0 2 0 -0.169925 249 247
176223446575 264335169863 1 0 3 0 -0.584963 239 238
117537154075 264458596671 8 6 2 1 -1.169925 225 220
78365724519 264484320255 13 10 3 2 -1.754888 205 202
104493085167 264498121831 4 0 3 0 -1.339850 213 205
132251303935 264502607871 15 15 14 13 -1.000000 210 209
203409463039 264512668159 28 0 8 0 -0.378950 267 239
244372557439 264518714607 24 5 4 3 -0.114288 237 217
148825062015 264577888027 8 10 2 1 -0.830075 205 207
176410998783 264616498175 1 0 10 0 -0.584963 218 208
223285499295 264634665831 6 9 3 2 -0.245112 220 223
185902198695 264692779003 6 0 2 0 -0.509775 213 207
176577260223 264865890335 1 0 5 0 -0.584963 220 215
235438848411 264868704463 2 0 2 0 -0.169925 206 204
176679046639 265018569959 1 0 3 0 -0.584963 224 223
238819468671 265055677467 1 11 2 1 -0.150375 210 220
132550342767 265100685535 5 5 4 3 -1.000000 232 232
117824233471 265104525311 2 0 11 0 -1.169925 208 203
157135795227 265166654447 3 0 2 0 -0.754888 227 224
132640006255 265280012511 5 5 4 3 -1.000000 247 245
176860638655 265290957983 1 0 5 0 -0.584963 202 201
78619208191 265339827647 3 0 6 0 -1.754888 204 201
147284851879 265412085531 13 3 2 1 -0.849625 225 215
209811287791 265542411111 8 4 3 2 -0.339850 211 207
177042154239 265563231359 1 0 7 0 -0.584963 211 210
139892364379 265576910503 5 0 2 0 -0.924813 256 251
177120408447 265680612671 1 0 6 0 -0.584963 223 222
157487725671 265760537071 3 0 3 0 -0.754888 219 216
132899890815 265799781631 8 8 7 6 -1.000000 208 208
224291543487 265827014503 7 10 3 2 -0.245112 202 205
177275354751 265913032127 1 0 6 0 -0.584963 234 233
132959091711 265918183423 11 11 10 9 -1.000000 220 215
133008227431 266016454863 4 4 3 2 -1.000000 209 207
177416263071 266124394607 1 0 4 0 -0.584963 215 214
157708707687 266133444223 3 0 3 0 -0.754888 215 212
177427355695 266141033543 1 0 3 0 -0.584963 209 205
110801848167 266224704283 31 22 2 1 -1.264663 213 203
224647660959 266249079655 6 9 3 2 -0.245112 203 206
93502276639 266262342463 6 0 5 0 -1.509775 208 202
70129396839 266272553627 5 0 2 0 -1.924813 249 205
55414301119 266288986559 9 0 11 0 -2.264663 227 215
118357600255 266304600575 2 0 9 0 -1.169925 218 213
177614099871 266421149807 1 0 4 0 -0.584963 231 230
140337543327 266422054911 18 13 5 4 -0.924813 212 207
177657268735 266485903103 1 0 8 0 -0.584963 228 217
177687496063 266531244095 1 0 6 0 -0.584963 213 210
118459249903 266533312283 2 0 2 0 -1.169925 222 219
93614638111 266582309311 6 0 5 0 -1.509775 241 234
236989208347 266612859391 2 0 2 0 -0.169925 205 203
133335419391 266670838783 10 10 9 8 -1.000000 237 237
237056879899 266688989887 2 0 2 0 -0.169925 206 204
177809970175 266714955263 1 0 9 0 -0.584963 203 202
177815084479 266722626719 1 0 5 0 -0.584963 216 215
177857981607 266786972411 1 0 2 0 -0.584963 211 210
111050343579 266821766687 9 0 2 0 -1.264663 215 202
138678016047 266863429503 18 1 4 1 -0.944363 227 205
177971819247 266957728871 1 0 3 0 -0.584963 219 211
150197214975 267017271067 9 11 2 1 -0.830075 220 222
178075414375 267113121563 1 0 2 0 -0.584963 225 224
178088289919 267132434879 1 0 6 0 -0.584963 221 220
93818877255 267163912187 6 0 2 0 -1.509775 221 213
150307848303 267213952539 5 7 2 1 -0.830075 203 205
237561789979 267257013727 2 0 2 0 -0.169925 218 210
133679720959 267359441919 10 10 9 8 -1.000000 252 252
98918586991 267381758575 11 0 20 0 -1.434588 220 201
133726020031 267452040063 7 7 6 5 -1.000000 228 227
219676971675 267510618351 23 2 2 1 -0.284213 291 270
118918035903 267565580783 2 0 4 0 -1.169925 205 202
133805110015 267610220031 9 9 8 7 -1.000000 214 213
211481276655 267655990767 9 5 8 5 -0.339850 207 203
133874508735 267749017471 7 7 6 5 -1.000000 217 214
111484412031 267864707279 9 0 4 0 -1.264663 220 201
119051677311 267866273951 2 0 5 0 -1.169925 228 223
158744905819 267882028571 3 0 6 0 -0.754888 221 218
133990445055 267980890111 13 13 12 11 -1.000000 203 201
178723497831 268085246747 1 0 2 0 -0.584963 235 234
158878858779 268108074191 3 0 2 0 -0.754888 223 220
173968283419 268121484527 25 0 2 0 -0.624063 252 227
29393198319 268147957567 14 0 4 0 -3.189475 228 214
176387792667 268191447039 14 1 2 1 -0.604513 232 218
178894697631 268342046447 1 0 4 0 -0.584963 205 203
212088293371 268424246299 4 0 5 0 -0.339850 206 202
145290750463 268450361371 10 29 2 1 -0.885712 216 227
178978201599 268467302399 1 0 12 0 -0.584963 238 237
179014176511 268521264767 1 0 7 0 -0.584963 203 202
151061080191 268553031451 8 10 2 1 -0.830075 211 210
254932806759 268571187367 4 9 6 4 -0.075187 205 210
106127855463 268636134143 4 0 3 0 -1.339850 218 214
106141986075 268671902255 4 0 2 0 -1.339850 214 208
251612018719 268689201631 8 1 6 1 -0.094738 239 232
79655628135 268837744959 9 6 3 2 -1.754888 271 267
239241485851 269146671583 2 0 2 0 -0.169925 208 205
179480853223 269221279835 1 0 2 0 -0.584963 230 227
151448584191 269241927451 18 20 2 1 -0.830075 203 205
106392242415 269305363615 4 0 4 0 -1.339850 214 210
20456754879 269343870191 32 0 4 0 -3.718800 245 209
179567820543 269351730815 1 0 7 0 -0.584963 208 205
119718661119 269366987519 2 0 8 0 -1.169925 210 204
179597131071 269395696607 1 0 5 0 -0.584963 217 216
179605961727 269408942591 1 0 9 0 -0.584963 226 225
179623190463 269434785695 1 0 5 0 -0.584963 207 201
71000141983 269578664095 5 0 11 0 -1.924813 232 225
151716930495 269718987547 7 9 2 1 -0.830075 210 208
189444128047 269735877631 6 0 4 0 -0.509775 246 240
179851864935 269777797403 1 0 2 0 -0.584963 213 212
134895845887 269791691775 10 10 9 8 -1.000000 206 206
53296918143 269815648103 4 0 3 0 -2.339850 212 203
252685352943 269835384223 7 0 4 0 -0.094738 226 219
79953997671 269844742143 29 26 3 2 -1.754888 214 208
70141259775 269951037183 26 9 8 7 -1.944363 287 255
63199186479 269954337563 7 0 2 0 -2.094738 225 217
134980124911 269960249823 5 5 4 3 -1.000000 209 208
42139474011 269997157223 8 0 2 0 -2.679700 234 213
160051627803 270087121919 3 0 2 0 -0.754888 219 216
80029381791 270099163547 3 0 2 0 -1.754888 213 208
112434548271 270147609087 19 10 4 3 -1.264663 251 240
37485614107 270201175231 10 0 2 0 -2.849625 227 217
135123052543 270246105087 12 12 11 10 -1.000000 216 216
240237826299 270267554587 2 0 5 0 -0.169925 234 232
180194391711 270291587567 1 0 4 0 -0.584963 206 205
180212661439 270318992159 1 0 5 0 -0.584963 207 206
160195790619 270330396671 3 0 2 0 -0.754888 217 203
47487353499 270455317983 11 5 2 1 -2.509775 217 206
142476122439 270482013695 5 0 3 0 -0.924813 217 210
37527388827 270502292839 10 0 2 0 -2.849625 241 220
213761552635 270541965055 4 0 2 0 -0.339850 212 208
135296565247 270593130495 15 15 14 13 -1.000000 211 210
150164453871 270601221823 11 1 4 1 -0.849625 307 297
135310205887 270620411775 7 7 6 5 -1.000000 204 203
120388797439 270874794239 2 0 8 0 -1.169925 225 222
180610595839 270915893759 1 0 9 0 -0.584963 229 228
120469968543 271057429223 2 0 3 0 -1.169925 217 213
180717613927 271076420891 1 0 2 0 -0.584963 272 271
228728758911 271085936487 8 11 3 2 -0.245112 205 208
135559794303 271119588607 8 8 7 6 -1.000000 222 222
180757186719 271135780079 1 0 4 0 -0.584963 219 211
150463664319 271140408767 10 0 8 0 -0.849625 281 246
180762589663 271143884495 1 0 4 0 -0.584963 223 220
180800860159 271201290239 1 0 11 0 -0.584963 216 213
107192239387 271330355951 4 0 2 0 -1.339850 223 219
59497004143 271389318863 14 0 5 0 -2.189475 229 211
160861380775 271453580059 3 0 2 0 -0.754888 209 201
181025890471 271538835707 1 0 2 0 -0.584963 207 203
181035087087 271552630631 1 0 3 0 -0.584963 237 236
152755302399 271564982043 13 15 2 1 -0.830075 232 233
80476023295 271606578623 3 0 6 0 -1.754888 213 210
181115454463 271673181695 1 0 9 0 -0.584963 205 204
120760089471 271710201311 2 0 5 0 -1.169925 216 210
214693861627 271721918623 4 0 2 0 -0.339850 208 203
181162304047 271743456071 1 0 3 0 -0.584963 218 217
181239242175 271858863263 1 0 5 0 -0.584963 252 249
42434396863 271886794751 8 0 6 0 -2.679700 238 222
241696211995 271908238495 2 0 2 0 -0.169925 226 224
241742590203 271960413979 2 0 5 0 -0.169925 209 207
153017570031 272031235611 5 7 2 1 -0.830075 204 206
31851195631 272103768935 7 0 3 0 -3.094738 217 209
120964115487 272169259847 2 0 3 0 -1.169925 222 217
254915231263 272216606823 11 4 3 2 -0.094738 210 203
181486015903 272229023855 1 0 4 0 -0.584963 256 251
136132046695 272264093391 4 4 3 2 -1.000000 210 210
161350857307 272279571707 3 0 5 0 -0.754888 217 214
134344600815 272354999551 13 1 4 1 -1.019550 232 220
181583783359 272375675039 1 0 5 0 -0.584963 220 218
181724672895 272587009343 1 0 6 0 -0.584963 229 228
153373012719 272663133723 5 7 2 1 -0.830075 226 225
181833265855 272749898783 1 0 5 0 -0.584963 217 216
181841217535 272761826303 1 0 10 0 -0.584963 234 233
121248299167 272808673127 2 0 3 0 -1.169925 210 208
242620332795 272947874395 2 0 5 0 -0.169925 217 215
133131171231 273006609903 2 31 4 2 -1.036087 202 231
242672609691 273006685903 2 0 2 0 -0.169925 205 203
182087273727 273130910591 1 0 7 0 -0.584963 204 203
242857671963 273214880959 2 0 2 0 -0.169925 224 222
182222809327 273334213991 1 0 3 0 -0.584963 217 216
121488264219 273348594495 8 6 2 1 -1.169925 217 215
182277844207 273416766311 1 0 3 0 -0.584963 222 221
72024692127 273468752923 5 0 2 0 -1.924813 238 228
182382481567 273573722351 1 0 4 0 -0.584963 237 236
194785094527 273607595055 1 7 4 1 -0.490225 238 242
72061963291 273610266875 5 0 5 0 -1.924813 217 210
136852882279 273705764559 4 4 3 2 -1.000000 209 209
162205691239 273722103967 3 0 3 0 -0.754888 227 215
153977323263 273737463579 9 11 2 1 -0.830075 205 207
182495950335 273743925503 1 0 8 0 -0.584963 220 218
243378034459 273800288767 2 0 2 0 -0.169925 228 222
121696176639 273816397439 2 0 7 0 -1.169925 208 204
54093105151 273846344831 4 0 7 0 -2.339850 253 247
216405592827 273888328423 4 0 2 0 -0.339850 211 207
121742865135 273921446555 2 0 2 0 -1.169925 234 226
72149446503 273942429695 5 0 3 0 -1.924813 247 242
216479816007 273982267135 4 0 3 0 -0.339850 212 208
162447452007 274130075263 3 0 3 0 -0.754888 208 204
216634519623 274178063899 4 0 2 0 -0.339850 217 213
182790440575 274185660863 1 0 6 0 -0.584963 225 224
108333714171 274219713999 8 4 2 1 -1.339850 243 237
90180755503 274233346287 18 5 6 4 -1.604513 227 213
182823906943 274235860415 1 0 6 0 -0.584963 209 205
121896687387 274267546623 12 10 2 1 -1.169925 218 216
121898578687 274271802047 2 0 6 0 -1.169925 205 203
54247191279 274626405855 9 5 4 3 -2.339850 208 202
171448290799 274627010727 12 4 3 2 -0.679700 224 215
64294404423 274632543899 7 0 2 0 -2.094738 241 233
183227164095 274840746143 1 0 5 0 -0.584963 243 242
